sample	time_bin	bases
TOTI_ZYMO_LSK114	0	46928
TOTI_ZYMO_LSK114	1	190275
TOTI_ZYMO_LSK114	2	373314
TOTI_ZYMO_LSK114	3	393617
TOTI_ZYMO_LSK114	4	411028
TOTI_ZYMO_LSK114	5	452282
TOTI_ZYMO_LSK114	6	407878
TOTI_ZYMO_LSK114	7	443157
TOTI_ZYMO_LSK114	8	395317
TOTI_ZYMO_LSK114	9	416514
TOTI_ZYMO_LSK114	10	492375
TOTI_ZYMO_LSK114	11	456530
TOTI_ZYMO_LSK114	12	436160
TOTI_ZYMO_LSK114	13	429424
TOTI_ZYMO_LSK114	14	505161
TOTI_ZYMO_LSK114	15	505766
TOTI_ZYMO_LSK114	16	511010
TOTI_ZYMO_LSK114	17	518214
TOTI_ZYMO_LSK114	18	496717
TOTI_ZYMO_LSK114	19	533045
TOTI_ZYMO_LSK114	20	510626
TOTI_ZYMO_LSK114	21	516353
TOTI_ZYMO_LSK114	22	569587
TOTI_ZYMO_LSK114	23	835396
TOTI_ZYMO_LSK114	24	604138
TOTI_ZYMO_LSK114	25	539521
TOTI_ZYMO_LSK114	26	520481
TOTI_ZYMO_LSK114	27	517530
TOTI_ZYMO_LSK114	28	508387
TOTI_ZYMO_LSK114	29	515098
TOTI_ZYMO_LSK114	30	545878
TOTI_ZYMO_LSK114	31	515801
TOTI_ZYMO_LSK114	32	524956
TOTI_ZYMO_LSK114	33	568160
TOTI_ZYMO_LSK114	34	554859
TOTI_ZYMO_LSK114	35	526437
TOTI_ZYMO_LSK114	36	569651
TOTI_ZYMO_LSK114	37	581372
TOTI_ZYMO_LSK114	38	568050
TOTI_ZYMO_LSK114	39	526285
TOTI_ZYMO_LSK114	40	523454
TOTI_ZYMO_LSK114	41	510744
TOTI_ZYMO_LSK114	42	510440
TOTI_ZYMO_LSK114	43	577879
TOTI_ZYMO_LSK114	44	546082
TOTI_ZYMO_LSK114	45	518358
TOTI_ZYMO_LSK114	46	527089
TOTI_ZYMO_LSK114	47	519474
TOTI_ZYMO_LSK114	48	544875
TOTI_ZYMO_LSK114	49	545124
TOTI_ZYMO_LSK114	50	532875
TOTI_ZYMO_LSK114	51	565612
TOTI_ZYMO_LSK114	52	521482
TOTI_ZYMO_LSK114	53	550939
TOTI_ZYMO_LSK114	54	530052
TOTI_ZYMO_LSK114	55	533273
TOTI_ZYMO_LSK114	56	577588
TOTI_ZYMO_LSK114	57	540967
TOTI_ZYMO_LSK114	58	509131
TOTI_ZYMO_LSK114	59	512003
TOTI_ZYMO_LSK114	60	551033
TOTI_ZYMO_LSK114	61	532150
TOTI_ZYMO_LSK114	62	560003
TOTI_ZYMO_LSK114	63	544641
TOTI_ZYMO_LSK114	64	540322
TOTI_ZYMO_LSK114	65	515364
TOTI_ZYMO_LSK114	66	526910
TOTI_ZYMO_LSK114	67	508045
TOTI_ZYMO_LSK114	68	526341
TOTI_ZYMO_LSK114	69	500379
TOTI_ZYMO_LSK114	70	539796
TOTI_ZYMO_LSK114	71	493412
TOTI_ZYMO_LSK114	72	509538
TOTI_ZYMO_LSK114	73	507034
TOTI_ZYMO_LSK114	74	543444
TOTI_ZYMO_LSK114	75	488525
TOTI_ZYMO_LSK114	76	513354
TOTI_ZYMO_LSK114	77	507686
TOTI_ZYMO_LSK114	78	503493
TOTI_ZYMO_LSK114	79	456739
TOTI_ZYMO_LSK114	80	535289
TOTI_ZYMO_LSK114	81	499242
TOTI_ZYMO_LSK114	82	523611
TOTI_ZYMO_LSK114	83	526429
TOTI_ZYMO_LSK114	84	486089
TOTI_ZYMO_LSK114	85	543883
TOTI_ZYMO_LSK114	86	563023
TOTI_ZYMO_LSK114	87	503692
TOTI_ZYMO_LSK114	88	494379
TOTI_ZYMO_LSK114	89	490008
TOTI_ZYMO_LSK114	90	475990
TOTI_ZYMO_LSK114	91	200856
TOTI_ZYMO_LSK114	94	81592
TOTI_ZYMO_LSK114	95	184022
TOTI_ZYMO_LSK114	96	532734
TOTI_ZYMO_LSK114	97	571967
TOTI_ZYMO_LSK114	98	496786
TOTI_ZYMO_LSK114	99	539733
TOTI_ZYMO_LSK114	100	587476
TOTI_ZYMO_LSK114	101	559353
TOTI_ZYMO_LSK114	102	528646
TOTI_ZYMO_LSK114	103	563167
TOTI_ZYMO_LSK114	104	659730
TOTI_ZYMO_LSK114	105	486027
TOTI_ZYMO_LSK114	106	537447
TOTI_ZYMO_LSK114	107	511951
TOTI_ZYMO_LSK114	108	521272
TOTI_ZYMO_LSK114	109	536973
TOTI_ZYMO_LSK114	110	492317
TOTI_ZYMO_LSK114	111	489399
TOTI_ZYMO_LSK114	112	511924
TOTI_ZYMO_LSK114	113	517700
TOTI_ZYMO_LSK114	114	542939
TOTI_ZYMO_LSK114	115	491777
TOTI_ZYMO_LSK114	116	518711
TOTI_ZYMO_LSK114	117	484380
TOTI_ZYMO_LSK114	118	465849
TOTI_ZYMO_LSK114	119	538872
TOTI_ZYMO_LSK114	120	489505
TOTI_ZYMO_LSK114	121	515631
TOTI_ZYMO_LSK114	122	517851
TOTI_ZYMO_LSK114	123	508890
TOTI_ZYMO_LSK114	124	545051
TOTI_ZYMO_LSK114	125	536332
TOTI_ZYMO_LSK114	126	526788
TOTI_ZYMO_LSK114	127	505019
TOTI_ZYMO_LSK114	128	543030
TOTI_ZYMO_LSK114	129	496230
TOTI_ZYMO_LSK114	130	543460
TOTI_ZYMO_LSK114	131	520626
TOTI_ZYMO_LSK114	132	567757
TOTI_ZYMO_LSK114	133	589735
TOTI_ZYMO_LSK114	134	497114
TOTI_ZYMO_LSK114	135	514253
TOTI_ZYMO_LSK114	136	538222
TOTI_ZYMO_LSK114	137	514296
TOTI_ZYMO_LSK114	138	546986
TOTI_ZYMO_LSK114	139	520682
TOTI_ZYMO_LSK114	140	471918
TOTI_ZYMO_LSK114	141	474197
TOTI_ZYMO_LSK114	142	461663
TOTI_ZYMO_LSK114	143	483117
TOTI_ZYMO_LSK114	144	479478
TOTI_ZYMO_LSK114	145	485309
TOTI_ZYMO_LSK114	146	492018
TOTI_ZYMO_LSK114	147	514557
TOTI_ZYMO_LSK114	148	461694
TOTI_ZYMO_LSK114	149	501162
TOTI_ZYMO_LSK114	150	445838
TOTI_ZYMO_LSK114	151	478538
TOTI_ZYMO_LSK114	152	463784
TOTI_ZYMO_LSK114	153	465101
TOTI_ZYMO_LSK114	154	469024
TOTI_ZYMO_LSK114	155	461927
TOTI_ZYMO_LSK114	156	452655
TOTI_ZYMO_LSK114	157	422269
TOTI_ZYMO_LSK114	158	441832
TOTI_ZYMO_LSK114	159	458424
TOTI_ZYMO_LSK114	160	441449
TOTI_ZYMO_LSK114	161	474443
TOTI_ZYMO_LSK114	162	468900
TOTI_ZYMO_LSK114	163	442391
TOTI_ZYMO_LSK114	164	445977
TOTI_ZYMO_LSK114	165	536380
TOTI_ZYMO_LSK114	166	435984
TOTI_ZYMO_LSK114	167	407447
TOTI_ZYMO_LSK114	168	483881
TOTI_ZYMO_LSK114	169	443912
TOTI_ZYMO_LSK114	170	453656
TOTI_ZYMO_LSK114	171	444742
TOTI_ZYMO_LSK114	172	439914
TOTI_ZYMO_LSK114	173	492821
TOTI_ZYMO_LSK114	174	444710
TOTI_ZYMO_LSK114	175	456883
TOTI_ZYMO_LSK114	176	405388
TOTI_ZYMO_LSK114	177	472363
TOTI_ZYMO_LSK114	178	407791
TOTI_ZYMO_LSK114	179	460470
TOTI_ZYMO_LSK114	180	415935
TOTI_ZYMO_LSK114	181	387590
TOTI_ZYMO_LSK114	182	457138
TOTI_ZYMO_LSK114	183	446332
TOTI_ZYMO_LSK114	184	452081
TOTI_ZYMO_LSK114	185	298457
TOTI_ZYMO_LSK114	188	67479
TOTI_ZYMO_LSK114	189	6414
TOTI_ZYMO_LSK114	190	394182
TOTI_ZYMO_LSK114	191	561961
TOTI_ZYMO_LSK114	192	505520
TOTI_ZYMO_LSK114	193	432152
TOTI_ZYMO_LSK114	194	448356
TOTI_ZYMO_LSK114	195	453761
TOTI_ZYMO_LSK114	196	505534
TOTI_ZYMO_LSK114	197	537041
TOTI_ZYMO_LSK114	198	591572
TOTI_ZYMO_LSK114	199	486453
TOTI_ZYMO_LSK114	200	445137
TOTI_ZYMO_LSK114	201	483883
TOTI_ZYMO_LSK114	202	477010
TOTI_ZYMO_LSK114	203	436622
TOTI_ZYMO_LSK114	204	438840
TOTI_ZYMO_LSK114	205	442773
TOTI_ZYMO_LSK114	206	441859
TOTI_ZYMO_LSK114	207	446833
TOTI_ZYMO_LSK114	208	409732
TOTI_ZYMO_LSK114	209	437654
TOTI_ZYMO_LSK114	210	439410
TOTI_ZYMO_LSK114	211	408244
TOTI_ZYMO_LSK114	212	424709
TOTI_ZYMO_LSK114	213	438499
TOTI_ZYMO_LSK114	214	421222
TOTI_ZYMO_LSK114	215	395626
TOTI_ZYMO_LSK114	216	421979
TOTI_ZYMO_LSK114	217	418831
TOTI_ZYMO_LSK114	218	428368
TOTI_ZYMO_LSK114	219	397137
TOTI_ZYMO_LSK114	220	447168
TOTI_ZYMO_LSK114	221	433186
TOTI_ZYMO_LSK114	222	422645
TOTI_ZYMO_LSK114	223	395561
TOTI_ZYMO_LSK114	224	392843
TOTI_ZYMO_LSK114	225	386083
TOTI_ZYMO_LSK114	226	403129
TOTI_ZYMO_LSK114	227	410157
TOTI_ZYMO_LSK114	228	426557
TOTI_ZYMO_LSK114	229	377635
TOTI_ZYMO_LSK114	230	389078
TOTI_ZYMO_LSK114	231	406512
TOTI_ZYMO_LSK114	232	412344
TOTI_ZYMO_LSK114	233	427703
TOTI_ZYMO_LSK114	234	409250
TOTI_ZYMO_LSK114	235	427773
TOTI_ZYMO_LSK114	236	452654
TOTI_ZYMO_LSK114	237	410016
TOTI_ZYMO_LSK114	238	454966
TOTI_ZYMO_LSK114	239	439023
TOTI_ZYMO_LSK114	240	457295
TOTI_ZYMO_LSK114	241	414370
TOTI_ZYMO_LSK114	242	444841
TOTI_ZYMO_LSK114	243	458404
TOTI_ZYMO_LSK114	244	455327
TOTI_ZYMO_LSK114	245	421998
TOTI_ZYMO_LSK114	246	432121
TOTI_ZYMO_LSK114	247	450910
TOTI_ZYMO_LSK114	248	439580
TOTI_ZYMO_LSK114	249	456157
TOTI_ZYMO_LSK114	250	386689
TOTI_ZYMO_LSK114	251	415711
TOTI_ZYMO_LSK114	252	423963
TOTI_ZYMO_LSK114	253	402756
TOTI_ZYMO_LSK114	254	400823
TOTI_ZYMO_LSK114	255	400319
TOTI_ZYMO_LSK114	256	429142
TOTI_ZYMO_LSK114	257	400724
TOTI_ZYMO_LSK114	258	372602
TOTI_ZYMO_LSK114	259	402714
TOTI_ZYMO_LSK114	260	398877
TOTI_ZYMO_LSK114	261	417379
TOTI_ZYMO_LSK114	262	352628
TOTI_ZYMO_LSK114	263	364357
TOTI_ZYMO_LSK114	264	373835
TOTI_ZYMO_LSK114	265	352587
TOTI_ZYMO_LSK114	266	422961
TOTI_ZYMO_LSK114	267	332925
TOTI_ZYMO_LSK114	268	386914
TOTI_ZYMO_LSK114	269	328563
TOTI_ZYMO_LSK114	270	361813
TOTI_ZYMO_LSK114	271	351520
TOTI_ZYMO_LSK114	272	328612
TOTI_ZYMO_LSK114	273	340215
TOTI_ZYMO_LSK114	274	361123
TOTI_ZYMO_LSK114	275	320516
TOTI_ZYMO_LSK114	276	367905
TOTI_ZYMO_LSK114	277	378989
TOTI_ZYMO_LSK114	278	386970
TOTI_ZYMO_LSK114	279	381384
TOTI_ZYMO_LSK114	280	81436
TOTI_ZYMO_LSK114	283	50191
TOTI_ZYMO_LSK114	284	143295
TOTI_ZYMO_LSK114	285	372767
TOTI_ZYMO_LSK114	286	390692
TOTI_ZYMO_LSK114	287	385981
TOTI_ZYMO_LSK114	288	453581
TOTI_ZYMO_LSK114	289	348550
TOTI_ZYMO_LSK114	290	351814
TOTI_ZYMO_LSK114	291	341400
TOTI_ZYMO_LSK114	292	355771
TOTI_ZYMO_LSK114	293	385118
TOTI_ZYMO_LSK114	294	381355
TOTI_ZYMO_LSK114	295	358813
TOTI_ZYMO_LSK114	296	390418
TOTI_ZYMO_LSK114	297	388286
TOTI_ZYMO_LSK114	298	376336
TOTI_ZYMO_LSK114	299	375161
TOTI_ZYMO_LSK114	300	378543
TOTI_ZYMO_LSK114	301	373428
TOTI_ZYMO_LSK114	302	414142
TOTI_ZYMO_LSK114	303	394975
TOTI_ZYMO_LSK114	304	379426
TOTI_ZYMO_LSK114	305	386803
TOTI_ZYMO_LSK114	306	368314
TOTI_ZYMO_LSK114	307	370195
TOTI_ZYMO_LSK114	308	397290
TOTI_ZYMO_LSK114	309	333860
TOTI_ZYMO_LSK114	310	340379
TOTI_ZYMO_LSK114	311	357798
TOTI_ZYMO_LSK114	312	328387
TOTI_ZYMO_LSK114	313	370912
TOTI_ZYMO_LSK114	314	355939
TOTI_ZYMO_LSK114	315	387590
TOTI_ZYMO_LSK114	316	353831
TOTI_ZYMO_LSK114	317	375783
TOTI_ZYMO_LSK114	318	364509
TOTI_ZYMO_LSK114	319	361344
TOTI_ZYMO_LSK114	320	402779
TOTI_ZYMO_LSK114	321	334426
TOTI_ZYMO_LSK114	322	366216
TOTI_ZYMO_LSK114	323	380949
TOTI_ZYMO_LSK114	324	388969
TOTI_ZYMO_LSK114	325	358620
TOTI_ZYMO_LSK114	326	362875
TOTI_ZYMO_LSK114	327	385025
TOTI_ZYMO_LSK114	328	367201
TOTI_ZYMO_LSK114	329	347070
TOTI_ZYMO_LSK114	330	346974
TOTI_ZYMO_LSK114	331	340610
TOTI_ZYMO_LSK114	332	325527
TOTI_ZYMO_LSK114	333	316134
TOTI_ZYMO_LSK114	334	346292
TOTI_ZYMO_LSK114	335	290659
TOTI_ZYMO_LSK114	336	305206
TOTI_ZYMO_LSK114	337	313196
TOTI_ZYMO_LSK114	338	301461
TOTI_ZYMO_LSK114	339	349934
TOTI_ZYMO_LSK114	340	320112
TOTI_ZYMO_LSK114	341	339007
TOTI_ZYMO_LSK114	342	318736
TOTI_ZYMO_LSK114	343	311051
TOTI_ZYMO_LSK114	344	358307
TOTI_ZYMO_LSK114	345	295785
TOTI_ZYMO_LSK114	346	318446
TOTI_ZYMO_LSK114	347	323336
TOTI_ZYMO_LSK114	348	335066
TOTI_ZYMO_LSK114	349	337763
TOTI_ZYMO_LSK114	350	305513
TOTI_ZYMO_LSK114	351	284302
TOTI_ZYMO_LSK114	352	320834
TOTI_ZYMO_LSK114	353	347287
TOTI_ZYMO_LSK114	354	287771
TOTI_ZYMO_LSK114	355	315693
TOTI_ZYMO_LSK114	356	288098
TOTI_ZYMO_LSK114	357	291275
TOTI_ZYMO_LSK114	358	298210
TOTI_ZYMO_LSK114	359	339821
TOTI_ZYMO_LSK114	360	309167
TOTI_ZYMO_LSK114	361	323377
TOTI_ZYMO_LSK114	362	316667
TOTI_ZYMO_LSK114	363	257382
TOTI_ZYMO_LSK114	364	263354
TOTI_ZYMO_LSK114	365	248595
TOTI_ZYMO_LSK114	366	256097
TOTI_ZYMO_LSK114	367	286182
TOTI_ZYMO_LSK114	368	352002
TOTI_ZYMO_LSK114	369	301446
TOTI_ZYMO_LSK114	370	320589
TOTI_ZYMO_LSK114	371	291479
TOTI_ZYMO_LSK114	372	315722
TOTI_ZYMO_LSK114	373	287834
TOTI_ZYMO_LSK114	374	209343
TOTI_ZYMO_LSK114	376	8574
TOTI_ZYMO_LSK114	377	35484
TOTI_ZYMO_LSK114	378	190797
TOTI_ZYMO_LSK114	379	348329
TOTI_ZYMO_LSK114	380	324136
TOTI_ZYMO_LSK114	381	348925
TOTI_ZYMO_LSK114	382	323617
TOTI_ZYMO_LSK114	383	353659
TOTI_ZYMO_LSK114	384	315756
TOTI_ZYMO_LSK114	385	329031
TOTI_ZYMO_LSK114	386	331953
TOTI_ZYMO_LSK114	387	329515
TOTI_ZYMO_LSK114	388	344412
TOTI_ZYMO_LSK114	389	322930
TOTI_ZYMO_LSK114	390	349937
TOTI_ZYMO_LSK114	391	333473
TOTI_ZYMO_LSK114	392	334549
TOTI_ZYMO_LSK114	393	337493
TOTI_ZYMO_LSK114	394	334247
TOTI_ZYMO_LSK114	395	300996
TOTI_ZYMO_LSK114	396	328990
TOTI_ZYMO_LSK114	397	329457
TOTI_ZYMO_LSK114	398	349114
TOTI_ZYMO_LSK114	399	308262
TOTI_ZYMO_LSK114	400	331689
TOTI_ZYMO_LSK114	401	349385
TOTI_ZYMO_LSK114	402	325608
TOTI_ZYMO_LSK114	403	351651
TOTI_ZYMO_LSK114	404	329829
TOTI_ZYMO_LSK114	405	290464
TOTI_ZYMO_LSK114	406	340368
TOTI_ZYMO_LSK114	407	323019
TOTI_ZYMO_LSK114	408	333165
TOTI_ZYMO_LSK114	409	317215
TOTI_ZYMO_LSK114	410	308144
TOTI_ZYMO_LSK114	411	335529
TOTI_ZYMO_LSK114	412	341681
TOTI_ZYMO_LSK114	413	340939
TOTI_ZYMO_LSK114	414	270768
TOTI_ZYMO_LSK114	415	311601
TOTI_ZYMO_LSK114	416	282742
TOTI_ZYMO_LSK114	417	329735
TOTI_ZYMO_LSK114	418	307974
TOTI_ZYMO_LSK114	419	281106
TOTI_ZYMO_LSK114	420	313751
TOTI_ZYMO_LSK114	421	330112
TOTI_ZYMO_LSK114	422	343551
TOTI_ZYMO_LSK114	423	296165
TOTI_ZYMO_LSK114	424	340749
TOTI_ZYMO_LSK114	425	285714
TOTI_ZYMO_LSK114	426	314664
TOTI_ZYMO_LSK114	427	301716
TOTI_ZYMO_LSK114	428	277706
TOTI_ZYMO_LSK114	429	286241
TOTI_ZYMO_LSK114	430	268345
TOTI_ZYMO_LSK114	431	276210
TOTI_ZYMO_LSK114	432	307387
TOTI_ZYMO_LSK114	433	299894
TOTI_ZYMO_LSK114	434	329150
TOTI_ZYMO_LSK114	435	288998
TOTI_ZYMO_LSK114	436	277615
TOTI_ZYMO_LSK114	437	322372
TOTI_ZYMO_LSK114	438	306914
TOTI_ZYMO_LSK114	439	306832
TOTI_ZYMO_LSK114	440	268369
TOTI_ZYMO_LSK114	441	305979
TOTI_ZYMO_LSK114	442	277573
TOTI_ZYMO_LSK114	443	300114
TOTI_ZYMO_LSK114	444	303151
TOTI_ZYMO_LSK114	445	310227
TOTI_ZYMO_LSK114	446	295712
TOTI_ZYMO_LSK114	447	317526
TOTI_ZYMO_LSK114	448	272153
TOTI_ZYMO_LSK114	449	310856
TOTI_ZYMO_LSK114	450	315278
TOTI_ZYMO_LSK114	451	289487
TOTI_ZYMO_LSK114	452	247093
TOTI_ZYMO_LSK114	453	314030
TOTI_ZYMO_LSK114	454	299226
TOTI_ZYMO_LSK114	455	375466
TOTI_ZYMO_LSK114	456	266646
TOTI_ZYMO_LSK114	457	339073
TOTI_ZYMO_LSK114	458	259599
TOTI_ZYMO_LSK114	459	335643
TOTI_ZYMO_LSK114	460	260096
TOTI_ZYMO_LSK114	461	326008
TOTI_ZYMO_LSK114	462	300201
TOTI_ZYMO_LSK114	463	303245
TOTI_ZYMO_LSK114	464	280626
TOTI_ZYMO_LSK114	465	307339
TOTI_ZYMO_LSK114	466	284008
TOTI_ZYMO_LSK114	467	337448
TOTI_ZYMO_LSK114	468	100163
TOTI_ZYMO_LSK114	470	40483
TOTI_ZYMO_LSK114	472	299454
TOTI_ZYMO_LSK114	473	323034
TOTI_ZYMO_LSK114	474	317850
TOTI_ZYMO_LSK114	475	286335
TOTI_ZYMO_LSK114	476	328028
TOTI_ZYMO_LSK114	477	308096
TOTI_ZYMO_LSK114	478	351907
TOTI_ZYMO_LSK114	479	355586
TOTI_ZYMO_LSK114	480	290858
TOTI_ZYMO_LSK114	481	250408
TOTI_ZYMO_LSK114	482	269742
TOTI_ZYMO_LSK114	483	232532
TOTI_ZYMO_LSK114	484	277523
TOTI_ZYMO_LSK114	485	224801
TOTI_ZYMO_LSK114	486	249636
TOTI_ZYMO_LSK114	487	286850
TOTI_ZYMO_LSK114	488	234884
TOTI_ZYMO_LSK114	489	297536
TOTI_ZYMO_LSK114	490	280234
TOTI_ZYMO_LSK114	491	269155
TOTI_ZYMO_LSK114	492	270941
TOTI_ZYMO_LSK114	493	251981
TOTI_ZYMO_LSK114	494	259796
TOTI_ZYMO_LSK114	495	253496
TOTI_ZYMO_LSK114	496	271293
TOTI_ZYMO_LSK114	497	240157
TOTI_ZYMO_LSK114	498	264274
TOTI_ZYMO_LSK114	499	254725
TOTI_ZYMO_LSK114	500	258843
TOTI_ZYMO_LSK114	501	269867
TOTI_ZYMO_LSK114	502	277788
TOTI_ZYMO_LSK114	503	294846
TOTI_ZYMO_LSK114	504	290360
TOTI_ZYMO_LSK114	505	259712
TOTI_ZYMO_LSK114	506	287372
TOTI_ZYMO_LSK114	507	245809
TOTI_ZYMO_LSK114	508	271904
TOTI_ZYMO_LSK114	509	265123
TOTI_ZYMO_LSK114	510	276228
TOTI_ZYMO_LSK114	511	278478
TOTI_ZYMO_LSK114	512	255250
TOTI_ZYMO_LSK114	513	291991
TOTI_ZYMO_LSK114	514	266610
TOTI_ZYMO_LSK114	515	246200
TOTI_ZYMO_LSK114	516	257381
TOTI_ZYMO_LSK114	517	263038
TOTI_ZYMO_LSK114	518	266624
TOTI_ZYMO_LSK114	519	256967
TOTI_ZYMO_LSK114	520	242231
TOTI_ZYMO_LSK114	521	287179
TOTI_ZYMO_LSK114	522	251076
TOTI_ZYMO_LSK114	523	271111
TOTI_ZYMO_LSK114	524	289278
TOTI_ZYMO_LSK114	525	232145
TOTI_ZYMO_LSK114	526	266361
TOTI_ZYMO_LSK114	527	248632
TOTI_ZYMO_LSK114	528	277423
TOTI_ZYMO_LSK114	529	227204
TOTI_ZYMO_LSK114	530	229904
TOTI_ZYMO_LSK114	531	239404
TOTI_ZYMO_LSK114	532	240543
TOTI_ZYMO_LSK114	533	229618
TOTI_ZYMO_LSK114	534	214392
TOTI_ZYMO_LSK114	535	225548
TOTI_ZYMO_LSK114	536	222549
TOTI_ZYMO_LSK114	537	255149
TOTI_ZYMO_LSK114	538	238440
TOTI_ZYMO_LSK114	539	241844
TOTI_ZYMO_LSK114	540	244587
TOTI_ZYMO_LSK114	541	228729
TOTI_ZYMO_LSK114	542	264242
TOTI_ZYMO_LSK114	543	221714
TOTI_ZYMO_LSK114	544	249390
TOTI_ZYMO_LSK114	545	236058
TOTI_ZYMO_LSK114	546	241883
TOTI_ZYMO_LSK114	547	247135
TOTI_ZYMO_LSK114	548	226429
TOTI_ZYMO_LSK114	549	246535
TOTI_ZYMO_LSK114	550	247184
TOTI_ZYMO_LSK114	551	198293
TOTI_ZYMO_LSK114	552	227292
TOTI_ZYMO_LSK114	553	237513
TOTI_ZYMO_LSK114	554	227750
TOTI_ZYMO_LSK114	555	213424
TOTI_ZYMO_LSK114	556	226572
TOTI_ZYMO_LSK114	557	243215
TOTI_ZYMO_LSK114	558	228128
TOTI_ZYMO_LSK114	559	208790
TOTI_ZYMO_LSK114	560	209773
TOTI_ZYMO_LSK114	561	237949
TOTI_ZYMO_LSK114	562	20044
TOTI_ZYMO_LSK114	564	29628
TOTI_ZYMO_LSK114	565	26415
TOTI_ZYMO_LSK114	566	219885
TOTI_ZYMO_LSK114	567	254474
TOTI_ZYMO_LSK114	568	206004
TOTI_ZYMO_LSK114	569	261438
TOTI_ZYMO_LSK114	570	217178
TOTI_ZYMO_LSK114	571	194470
TOTI_ZYMO_LSK114	572	238000
TOTI_ZYMO_LSK114	573	236801
TOTI_ZYMO_LSK114	574	209134
TOTI_ZYMO_LSK114	575	233638
TOTI_ZYMO_LSK114	576	203005
TOTI_ZYMO_LSK114	577	251961
TOTI_ZYMO_LSK114	578	183031
TOTI_ZYMO_LSK114	579	276866
TOTI_ZYMO_LSK114	580	207351
TOTI_ZYMO_LSK114	581	229205
TOTI_ZYMO_LSK114	582	212453
TOTI_ZYMO_LSK114	583	225596
TOTI_ZYMO_LSK114	584	209747
TOTI_ZYMO_LSK114	585	240832
TOTI_ZYMO_LSK114	586	230532
TOTI_ZYMO_LSK114	587	195038
TOTI_ZYMO_LSK114	588	214394
TOTI_ZYMO_LSK114	589	253110
TOTI_ZYMO_LSK114	590	221025
TOTI_ZYMO_LSK114	591	217789
TOTI_ZYMO_LSK114	592	243807
TOTI_ZYMO_LSK114	593	217249
TOTI_ZYMO_LSK114	594	259725
TOTI_ZYMO_LSK114	595	237471
TOTI_ZYMO_LSK114	596	232004
TOTI_ZYMO_LSK114	597	179799
TOTI_ZYMO_LSK114	598	231728
TOTI_ZYMO_LSK114	599	208116
TOTI_ZYMO_LSK114	600	227369
TOTI_ZYMO_LSK114	601	180013
TOTI_ZYMO_LSK114	602	182259
TOTI_ZYMO_LSK114	603	197915
TOTI_ZYMO_LSK114	604	205148
TOTI_ZYMO_LSK114	605	216651
TOTI_ZYMO_LSK114	606	181751
TOTI_ZYMO_LSK114	607	191391
TOTI_ZYMO_LSK114	608	163459
TOTI_ZYMO_LSK114	609	196662
TOTI_ZYMO_LSK114	610	193924
TOTI_ZYMO_LSK114	611	189873
TOTI_ZYMO_LSK114	612	209236
TOTI_ZYMO_LSK114	613	188335
TOTI_ZYMO_LSK114	614	256389
TOTI_ZYMO_LSK114	615	194457
TOTI_ZYMO_LSK114	616	212486
TOTI_ZYMO_LSK114	617	226362
TOTI_ZYMO_LSK114	618	207200
TOTI_ZYMO_LSK114	619	184087
TOTI_ZYMO_LSK114	620	245404
TOTI_ZYMO_LSK114	621	217092
TOTI_ZYMO_LSK114	622	213444
TOTI_ZYMO_LSK114	623	180985
TOTI_ZYMO_LSK114	624	198130
TOTI_ZYMO_LSK114	625	168708
TOTI_ZYMO_LSK114	626	184579
TOTI_ZYMO_LSK114	627	161885
TOTI_ZYMO_LSK114	628	172150
TOTI_ZYMO_LSK114	629	175242
TOTI_ZYMO_LSK114	630	158181
TOTI_ZYMO_LSK114	631	167525
TOTI_ZYMO_LSK114	632	166868
TOTI_ZYMO_LSK114	633	187503
TOTI_ZYMO_LSK114	634	175293
TOTI_ZYMO_LSK114	635	178050
TOTI_ZYMO_LSK114	636	186235
TOTI_ZYMO_LSK114	637	185524
TOTI_ZYMO_LSK114	638	184878
TOTI_ZYMO_LSK114	639	178524
TOTI_ZYMO_LSK114	640	186074
TOTI_ZYMO_LSK114	641	175882
TOTI_ZYMO_LSK114	642	249866
TOTI_ZYMO_LSK114	643	203371
TOTI_ZYMO_LSK114	644	163788
TOTI_ZYMO_LSK114	645	225431
TOTI_ZYMO_LSK114	646	181854
TOTI_ZYMO_LSK114	647	193268
TOTI_ZYMO_LSK114	648	145644
TOTI_ZYMO_LSK114	649	175402
TOTI_ZYMO_LSK114	650	165197
TOTI_ZYMO_LSK114	651	146404
TOTI_ZYMO_LSK114	652	165067
TOTI_ZYMO_LSK114	653	191013
TOTI_ZYMO_LSK114	654	183483
TOTI_ZYMO_LSK114	655	129373
TOTI_ZYMO_LSK114	659	21243
TOTI_ZYMO_LSK114	660	121842
TOTI_ZYMO_LSK114	661	199172
TOTI_ZYMO_LSK114	662	210545
TOTI_ZYMO_LSK114	663	204108
TOTI_ZYMO_LSK114	664	170984
TOTI_ZYMO_LSK114	665	171336
TOTI_ZYMO_LSK114	666	138218
TOTI_ZYMO_LSK114	667	133683
TOTI_ZYMO_LSK114	668	146682
TOTI_ZYMO_LSK114	669	162511
TOTI_ZYMO_LSK114	670	134818
TOTI_ZYMO_LSK114	671	151338
TOTI_ZYMO_LSK114	672	169172
TOTI_ZYMO_LSK114	673	189374
TOTI_ZYMO_LSK114	674	169170
TOTI_ZYMO_LSK114	675	178467
TOTI_ZYMO_LSK114	676	176764
TOTI_ZYMO_LSK114	677	171786
TOTI_ZYMO_LSK114	678	150132
TOTI_ZYMO_LSK114	679	154092
TOTI_ZYMO_LSK114	680	162757
TOTI_ZYMO_LSK114	681	131641
TOTI_ZYMO_LSK114	682	175914
TOTI_ZYMO_LSK114	683	143157
TOTI_ZYMO_LSK114	684	163906
TOTI_ZYMO_LSK114	685	173315
TOTI_ZYMO_LSK114	686	164536
TOTI_ZYMO_LSK114	687	138387
TOTI_ZYMO_LSK114	688	134995
TOTI_ZYMO_LSK114	689	141182
TOTI_ZYMO_LSK114	690	158663
TOTI_ZYMO_LSK114	691	167482
TOTI_ZYMO_LSK114	692	162139
TOTI_ZYMO_LSK114	693	154321
TOTI_ZYMO_LSK114	694	174639
TOTI_ZYMO_LSK114	695	156489
TOTI_ZYMO_LSK114	696	171017
TOTI_ZYMO_LSK114	697	200853
TOTI_ZYMO_LSK114	698	153514
TOTI_ZYMO_LSK114	699	165183
TOTI_ZYMO_LSK114	700	151516
TOTI_ZYMO_LSK114	701	174682
TOTI_ZYMO_LSK114	702	142599
TOTI_ZYMO_LSK114	703	152039
TOTI_ZYMO_LSK114	704	180866
TOTI_ZYMO_LSK114	705	152735
TOTI_ZYMO_LSK114	706	146539
TOTI_ZYMO_LSK114	707	178539
TOTI_ZYMO_LSK114	708	152799
TOTI_ZYMO_LSK114	709	157479
TOTI_ZYMO_LSK114	710	150036
TOTI_ZYMO_LSK114	711	149564
TOTI_ZYMO_LSK114	712	128675
TOTI_ZYMO_LSK114	713	130496
TOTI_ZYMO_LSK114	714	180820
TOTI_ZYMO_LSK114	715	148569
TOTI_ZYMO_LSK114	716	153306
TOTI_ZYMO_LSK114	717	150430
TOTI_ZYMO_LSK114	718	126792
TOTI_ZYMO_LSK114	719	136265
TOTI_ZYMO_LSK114	720	134731
TOTI_ZYMO_LSK114	721	125972
TOTI_ZYMO_LSK114	722	131166
TOTI_ZYMO_LSK114	723	156409
TOTI_ZYMO_LSK114	724	169449
TOTI_ZYMO_LSK114	725	170567
TOTI_ZYMO_LSK114	726	170747
TOTI_ZYMO_LSK114	727	140253
TOTI_ZYMO_LSK114	728	152500
TOTI_ZYMO_LSK114	729	155505
TOTI_ZYMO_LSK114	730	157788
TOTI_ZYMO_LSK114	731	145550
TOTI_ZYMO_LSK114	732	128425
TOTI_ZYMO_LSK114	733	181463
TOTI_ZYMO_LSK114	734	158317
TOTI_ZYMO_LSK114	735	176313
TOTI_ZYMO_LSK114	736	161603
TOTI_ZYMO_LSK114	737	169370
TOTI_ZYMO_LSK114	738	146655
TOTI_ZYMO_LSK114	739	191877
TOTI_ZYMO_LSK114	740	159513
TOTI_ZYMO_LSK114	741	157416
TOTI_ZYMO_LSK114	742	145186
TOTI_ZYMO_LSK114	743	133285
TOTI_ZYMO_LSK114	744	126681
TOTI_ZYMO_LSK114	745	123804
TOTI_ZYMO_LSK114	746	125968
TOTI_ZYMO_LSK114	747	154066
TOTI_ZYMO_LSK114	748	152189
TOTI_ZYMO_LSK114	749	141238
TOTI_ZYMO_LSK114	750	58072
TOTI_ZYMO_LSK114	752	17618
TOTI_ZYMO_LSK114	754	128332
TOTI_ZYMO_LSK114	755	171611
TOTI_ZYMO_LSK114	756	171245
TOTI_ZYMO_LSK114	757	186231
TOTI_ZYMO_LSK114	758	165422
TOTI_ZYMO_LSK114	759	162236
TOTI_ZYMO_LSK114	760	167778
TOTI_ZYMO_LSK114	761	145470
TOTI_ZYMO_LSK114	762	165010
TOTI_ZYMO_LSK114	763	159326
TOTI_ZYMO_LSK114	764	149728
TOTI_ZYMO_LSK114	765	175451
TOTI_ZYMO_LSK114	766	164615
TOTI_ZYMO_LSK114	767	171165
TOTI_ZYMO_LSK114	768	157303
TOTI_ZYMO_LSK114	769	149434
TOTI_ZYMO_LSK114	770	176881
TOTI_ZYMO_LSK114	771	156182
TOTI_ZYMO_LSK114	772	168702
TOTI_ZYMO_LSK114	773	167120
TOTI_ZYMO_LSK114	774	157771
TOTI_ZYMO_LSK114	775	137903
TOTI_ZYMO_LSK114	776	142789
TOTI_ZYMO_LSK114	777	171675
TOTI_ZYMO_LSK114	778	143137
TOTI_ZYMO_LSK114	779	151931
TOTI_ZYMO_LSK114	780	131613
TOTI_ZYMO_LSK114	781	138939
TOTI_ZYMO_LSK114	782	137343
TOTI_ZYMO_LSK114	783	131547
TOTI_ZYMO_LSK114	784	155995
TOTI_ZYMO_LSK114	785	145824
TOTI_ZYMO_LSK114	786	128981
TOTI_ZYMO_LSK114	787	144689
TOTI_ZYMO_LSK114	788	159003
TOTI_ZYMO_LSK114	789	158863
TOTI_ZYMO_LSK114	790	142072
TOTI_ZYMO_LSK114	791	151329
TOTI_ZYMO_LSK114	792	155926
TOTI_ZYMO_LSK114	793	155069
TOTI_ZYMO_LSK114	794	116402
TOTI_ZYMO_LSK114	795	122302
TOTI_ZYMO_LSK114	796	121371
TOTI_ZYMO_LSK114	797	134852
TOTI_ZYMO_LSK114	798	121082
TOTI_ZYMO_LSK114	799	103834
TOTI_ZYMO_LSK114	800	106081
TOTI_ZYMO_LSK114	801	123959
TOTI_ZYMO_LSK114	802	123185
TOTI_ZYMO_LSK114	803	145788
TOTI_ZYMO_LSK114	804	103938
TOTI_ZYMO_LSK114	805	122102
TOTI_ZYMO_LSK114	806	110764
TOTI_ZYMO_LSK114	807	109884
TOTI_ZYMO_LSK114	808	119808
TOTI_ZYMO_LSK114	809	111918
TOTI_ZYMO_LSK114	810	117515
TOTI_ZYMO_LSK114	811	120534
TOTI_ZYMO_LSK114	812	117457
TOTI_ZYMO_LSK114	813	175233
TOTI_ZYMO_LSK114	814	102004
TOTI_ZYMO_LSK114	815	113427
TOTI_ZYMO_LSK114	816	119587
TOTI_ZYMO_LSK114	817	105953
TOTI_ZYMO_LSK114	818	143749
TOTI_ZYMO_LSK114	819	103047
TOTI_ZYMO_LSK114	820	229891
TOTI_ZYMO_LSK114	821	96939
TOTI_ZYMO_LSK114	822	84662
TOTI_ZYMO_LSK114	823	96679
TOTI_ZYMO_LSK114	824	106751
TOTI_ZYMO_LSK114	825	96916
TOTI_ZYMO_LSK114	826	93868
TOTI_ZYMO_LSK114	827	126931
TOTI_ZYMO_LSK114	828	98638
TOTI_ZYMO_LSK114	829	126972
TOTI_ZYMO_LSK114	830	110410
TOTI_ZYMO_LSK114	831	118277
TOTI_ZYMO_LSK114	832	121207
TOTI_ZYMO_LSK114	833	149183
TOTI_ZYMO_LSK114	834	115831
TOTI_ZYMO_LSK114	835	104204
TOTI_ZYMO_LSK114	836	120982
TOTI_ZYMO_LSK114	837	143374
TOTI_ZYMO_LSK114	838	138980
TOTI_ZYMO_LSK114	839	113440
TOTI_ZYMO_LSK114	840	100176
TOTI_ZYMO_LSK114	841	125325
TOTI_ZYMO_LSK114	842	132156
TOTI_ZYMO_LSK114	843	128097
TOTI_ZYMO_LSK114	844	27713
TOTI_ZYMO_LSK114	846	14150
TOTI_ZYMO_LSK114	848	92547
TOTI_ZYMO_LSK114	849	99540
TOTI_ZYMO_LSK114	850	115386
TOTI_ZYMO_LSK114	851	107872
TOTI_ZYMO_LSK114	852	125331
TOTI_ZYMO_LSK114	853	85358
TOTI_ZYMO_LSK114	854	101945
TOTI_ZYMO_LSK114	855	111286
TOTI_ZYMO_LSK114	856	116988
TOTI_ZYMO_LSK114	857	114344
TOTI_ZYMO_LSK114	858	123584
TOTI_ZYMO_LSK114	859	141356
TOTI_ZYMO_LSK114	860	119267
TOTI_ZYMO_LSK114	861	135705
TOTI_ZYMO_LSK114	862	113973
TOTI_ZYMO_LSK114	863	121021
TOTI_ZYMO_LSK114	864	113863
TOTI_ZYMO_LSK114	865	139622
TOTI_ZYMO_LSK114	866	122537
TOTI_ZYMO_LSK114	867	141396
TOTI_ZYMO_LSK114	868	130875
TOTI_ZYMO_LSK114	869	118879
TOTI_ZYMO_LSK114	870	100993
TOTI_ZYMO_LSK114	871	88715
TOTI_ZYMO_LSK114	872	109193
TOTI_ZYMO_LSK114	873	114917
TOTI_ZYMO_LSK114	874	112206
TOTI_ZYMO_LSK114	875	129380
TOTI_ZYMO_LSK114	876	129705
TOTI_ZYMO_LSK114	877	95361
TOTI_ZYMO_LSK114	878	105687
TOTI_ZYMO_LSK114	879	110569
TOTI_ZYMO_LSK114	880	109834
TOTI_ZYMO_LSK114	881	141104
TOTI_ZYMO_LSK114	882	125995
TOTI_ZYMO_LSK114	883	102630
TOTI_ZYMO_LSK114	884	120910
TOTI_ZYMO_LSK114	885	99442
TOTI_ZYMO_LSK114	886	118236
TOTI_ZYMO_LSK114	887	105258
TOTI_ZYMO_LSK114	888	121782
TOTI_ZYMO_LSK114	889	120814
TOTI_ZYMO_LSK114	890	127932
TOTI_ZYMO_LSK114	891	104621
TOTI_ZYMO_LSK114	892	102817
TOTI_ZYMO_LSK114	893	107017
TOTI_ZYMO_LSK114	894	100035
TOTI_ZYMO_LSK114	895	101864
TOTI_ZYMO_LSK114	896	78217
TOTI_ZYMO_LSK114	897	110488
TOTI_ZYMO_LSK114	898	97893
TOTI_ZYMO_LSK114	899	100988
TOTI_ZYMO_LSK114	900	97938
TOTI_ZYMO_LSK114	901	84352
TOTI_ZYMO_LSK114	902	103185
TOTI_ZYMO_LSK114	903	107656
TOTI_ZYMO_LSK114	904	113063
TOTI_ZYMO_LSK114	905	109585
TOTI_ZYMO_LSK114	906	106211
TOTI_ZYMO_LSK114	907	115751
TOTI_ZYMO_LSK114	908	115249
TOTI_ZYMO_LSK114	909	111594
TOTI_ZYMO_LSK114	910	108566
TOTI_ZYMO_LSK114	911	84891
TOTI_ZYMO_LSK114	912	117338
TOTI_ZYMO_LSK114	913	109926
TOTI_ZYMO_LSK114	914	104688
TOTI_ZYMO_LSK114	915	105738
TOTI_ZYMO_LSK114	916	100236
TOTI_ZYMO_LSK114	917	86982
TOTI_ZYMO_LSK114	918	91389
TOTI_ZYMO_LSK114	919	104973
TOTI_ZYMO_LSK114	920	75459
TOTI_ZYMO_LSK114	921	137730
TOTI_ZYMO_LSK114	922	95919
TOTI_ZYMO_LSK114	923	84914
TOTI_ZYMO_LSK114	924	105553
TOTI_ZYMO_LSK114	925	115263
TOTI_ZYMO_LSK114	926	79349
TOTI_ZYMO_LSK114	927	91926
TOTI_ZYMO_LSK114	928	87522
TOTI_ZYMO_LSK114	929	119180
TOTI_ZYMO_LSK114	930	115202
TOTI_ZYMO_LSK114	931	98036
TOTI_ZYMO_LSK114	932	101672
TOTI_ZYMO_LSK114	933	124858
TOTI_ZYMO_LSK114	934	93329
TOTI_ZYMO_LSK114	935	106474
TOTI_ZYMO_LSK114	936	111159
TOTI_ZYMO_LSK114	937	109128
TOTI_ZYMO_LSK114	938	9297
TOTI_ZYMO_LSK114	940	13877
TOTI_ZYMO_LSK114	941	24197
TOTI_ZYMO_LSK114	942	87089
TOTI_ZYMO_LSK114	943	92434
TOTI_ZYMO_LSK114	944	85548
TOTI_ZYMO_LSK114	945	71594
TOTI_ZYMO_LSK114	946	98933
TOTI_ZYMO_LSK114	947	109042
TOTI_ZYMO_LSK114	948	95965
TOTI_ZYMO_LSK114	949	80918
TOTI_ZYMO_LSK114	950	99022
TOTI_ZYMO_LSK114	951	86712
TOTI_ZYMO_LSK114	952	83698
TOTI_ZYMO_LSK114	953	78554
TOTI_ZYMO_LSK114	954	103585
TOTI_ZYMO_LSK114	955	99928
TOTI_ZYMO_LSK114	956	110250
TOTI_ZYMO_LSK114	957	102821
TOTI_ZYMO_LSK114	958	105591
TOTI_ZYMO_LSK114	959	116415
TOTI_ZYMO_LSK114	960	91718
TOTI_ZYMO_LSK114	961	73591
TOTI_ZYMO_LSK114	962	91715
TOTI_ZYMO_LSK114	963	71613
TOTI_ZYMO_LSK114	964	87394
TOTI_ZYMO_LSK114	965	101744
TOTI_ZYMO_LSK114	966	83635
TOTI_ZYMO_LSK114	967	89559
TOTI_ZYMO_LSK114	968	83286
TOTI_ZYMO_LSK114	969	90253
TOTI_ZYMO_LSK114	970	78757
TOTI_ZYMO_LSK114	971	82911
TOTI_ZYMO_LSK114	972	88444
TOTI_ZYMO_LSK114	973	126301
TOTI_ZYMO_LSK114	974	78005
TOTI_ZYMO_LSK114	975	74566
TOTI_ZYMO_LSK114	976	88677
TOTI_ZYMO_LSK114	977	70920
TOTI_ZYMO_LSK114	978	96825
TOTI_ZYMO_LSK114	979	65323
TOTI_ZYMO_LSK114	980	89694
TOTI_ZYMO_LSK114	981	75688
TOTI_ZYMO_LSK114	982	67396
TOTI_ZYMO_LSK114	983	47232
TOTI_ZYMO_LSK114	984	70307
TOTI_ZYMO_LSK114	985	67849
TOTI_ZYMO_LSK114	986	63319
TOTI_ZYMO_LSK114	987	77288
TOTI_ZYMO_LSK114	988	69749
TOTI_ZYMO_LSK114	989	86831
TOTI_ZYMO_LSK114	990	71976
TOTI_ZYMO_LSK114	991	77356
TOTI_ZYMO_LSK114	992	58211
TOTI_ZYMO_LSK114	993	38408
TOTI_ZYMO_LSK114	994	112889
TOTI_ZYMO_LSK114	995	63755
TOTI_ZYMO_LSK114	996	63197
TOTI_ZYMO_LSK114	997	78694
TOTI_ZYMO_LSK114	998	68350
TOTI_ZYMO_LSK114	999	100944
TOTI_ZYMO_LSK114	1000	71319
TOTI_ZYMO_LSK114	1001	71973
TOTI_ZYMO_LSK114	1002	79285
TOTI_ZYMO_LSK114	1003	73069
TOTI_ZYMO_LSK114	1004	78209
TOTI_ZYMO_LSK114	1005	97806
TOTI_ZYMO_LSK114	1006	71408
TOTI_ZYMO_LSK114	1007	67712
TOTI_ZYMO_LSK114	1008	83465
TOTI_ZYMO_LSK114	1009	70626
TOTI_ZYMO_LSK114	1010	65696
TOTI_ZYMO_LSK114	1011	72154
TOTI_ZYMO_LSK114	1012	67965
TOTI_ZYMO_LSK114	1013	71313
TOTI_ZYMO_LSK114	1014	68161
TOTI_ZYMO_LSK114	1015	70092
TOTI_ZYMO_LSK114	1016	99471
TOTI_ZYMO_LSK114	1017	73550
TOTI_ZYMO_LSK114	1018	72226
TOTI_ZYMO_LSK114	1019	89469
TOTI_ZYMO_LSK114	1020	79829
TOTI_ZYMO_LSK114	1021	65245
TOTI_ZYMO_LSK114	1022	74815
TOTI_ZYMO_LSK114	1023	60855
TOTI_ZYMO_LSK114	1024	65261
TOTI_ZYMO_LSK114	1025	84778
TOTI_ZYMO_LSK114	1026	65460
TOTI_ZYMO_LSK114	1027	57714
TOTI_ZYMO_LSK114	1028	61187
TOTI_ZYMO_LSK114	1029	77913
TOTI_ZYMO_LSK114	1030	64114
TOTI_ZYMO_LSK114	1031	55745
TOTI_ZYMO_LSK114	1034	10569
TOTI_ZYMO_LSK114	1035	37467
TOTI_ZYMO_LSK114	1036	89736
TOTI_ZYMO_LSK114	1037	63718
TOTI_ZYMO_LSK114	1038	67518
TOTI_ZYMO_LSK114	1039	69527
TOTI_ZYMO_LSK114	1040	57452
TOTI_ZYMO_LSK114	1041	70217
TOTI_ZYMO_LSK114	1042	78884
TOTI_ZYMO_LSK114	1043	89535
TOTI_ZYMO_LSK114	1044	66552
TOTI_ZYMO_LSK114	1045	63750
TOTI_ZYMO_LSK114	1046	66375
TOTI_ZYMO_LSK114	1047	66889
TOTI_ZYMO_LSK114	1048	69385
TOTI_ZYMO_LSK114	1049	67661
TOTI_ZYMO_LSK114	1050	56117
TOTI_ZYMO_LSK114	1051	63996
TOTI_ZYMO_LSK114	1052	69228
TOTI_ZYMO_LSK114	1053	59989
TOTI_ZYMO_LSK114	1054	59160
TOTI_ZYMO_LSK114	1055	51163
TOTI_ZYMO_LSK114	1056	61166
TOTI_ZYMO_LSK114	1057	47101
TOTI_ZYMO_LSK114	1058	68114
TOTI_ZYMO_LSK114	1059	52183
TOTI_ZYMO_LSK114	1060	58219
TOTI_ZYMO_LSK114	1061	59565
TOTI_ZYMO_LSK114	1062	65764
TOTI_ZYMO_LSK114	1063	54996
TOTI_ZYMO_LSK114	1064	140221
TOTI_ZYMO_LSK114	1065	56095
TOTI_ZYMO_LSK114	1066	49435
TOTI_ZYMO_LSK114	1067	51909
TOTI_ZYMO_LSK114	1068	69868
TOTI_ZYMO_LSK114	1069	59098
TOTI_ZYMO_LSK114	1070	43444
TOTI_ZYMO_LSK114	1071	56131
TOTI_ZYMO_LSK114	1072	68362
TOTI_ZYMO_LSK114	1073	50247
TOTI_ZYMO_LSK114	1074	112070
TOTI_ZYMO_LSK114	1075	43571
TOTI_ZYMO_LSK114	1076	56065
TOTI_ZYMO_LSK114	1077	41211
TOTI_ZYMO_LSK114	1078	46616
TOTI_ZYMO_LSK114	1079	52795
TOTI_ZYMO_LSK114	1080	59839
TOTI_ZYMO_LSK114	1081	45173
TOTI_ZYMO_LSK114	1082	65802
TOTI_ZYMO_LSK114	1083	41691
TOTI_ZYMO_LSK114	1084	36039
TOTI_ZYMO_LSK114	1085	43000
TOTI_ZYMO_LSK114	1086	39465
TOTI_ZYMO_LSK114	1087	40993
TOTI_ZYMO_LSK114	1088	47594
TOTI_ZYMO_LSK114	1089	61966
TOTI_ZYMO_LSK114	1090	47282
TOTI_ZYMO_LSK114	1091	43048
TOTI_ZYMO_LSK114	1092	47280
TOTI_ZYMO_LSK114	1093	65856
TOTI_ZYMO_LSK114	1094	35142
TOTI_ZYMO_LSK114	1095	43601
TOTI_ZYMO_LSK114	1096	42795
TOTI_ZYMO_LSK114	1097	45889
TOTI_ZYMO_LSK114	1098	32127
TOTI_ZYMO_LSK114	1099	57171
TOTI_ZYMO_LSK114	1100	37469
TOTI_ZYMO_LSK114	1101	34798
TOTI_ZYMO_LSK114	1102	33426
TOTI_ZYMO_LSK114	1103	44672
TOTI_ZYMO_LSK114	1104	49616
TOTI_ZYMO_LSK114	1105	31199
TOTI_ZYMO_LSK114	1106	33147
TOTI_ZYMO_LSK114	1107	41684
TOTI_ZYMO_LSK114	1108	39926
TOTI_ZYMO_LSK114	1109	43416
TOTI_ZYMO_LSK114	1110	45836
TOTI_ZYMO_LSK114	1111	39095
TOTI_ZYMO_LSK114	1112	31018
TOTI_ZYMO_LSK114	1113	46642
TOTI_ZYMO_LSK114	1114	35024
TOTI_ZYMO_LSK114	1115	53817
TOTI_ZYMO_LSK114	1116	45995
TOTI_ZYMO_LSK114	1117	46226
TOTI_ZYMO_LSK114	1118	39971
TOTI_ZYMO_LSK114	1119	24051
TOTI_ZYMO_LSK114	1120	44816
TOTI_ZYMO_LSK114	1121	40874
TOTI_ZYMO_LSK114	1122	42072
TOTI_ZYMO_LSK114	1123	31723
TOTI_ZYMO_LSK114	1124	43289
TOTI_ZYMO_LSK114	1125	18560
TOTI_ZYMO_LSK114	1127	1302
TOTI_ZYMO_LSK114	1129	12986
TOTI_ZYMO_LSK114	1130	25782
TOTI_ZYMO_LSK114	1131	17187
TOTI_ZYMO_LSK114	1132	16402
TOTI_ZYMO_LSK114	1133	13817
TOTI_ZYMO_LSK114	1134	25679
TOTI_ZYMO_LSK114	1135	13108
TOTI_ZYMO_LSK114	1136	11876
TOTI_ZYMO_LSK114	1137	9670
TOTI_ZYMO_LSK114	1138	29120
TOTI_ZYMO_LSK114	1139	12055
TOTI_ZYMO_LSK114	1140	15591
TOTI_ZYMO_LSK114	1141	14698
TOTI_ZYMO_LSK114	1142	11683
TOTI_ZYMO_LSK114	1143	15856
TOTI_ZYMO_LSK114	1144	12358
TOTI_ZYMO_LSK114	1145	11580
TOTI_ZYMO_LSK114	1146	10565
TOTI_ZYMO_LSK114	1147	12053
TOTI_ZYMO_LSK114	1148	19089
TOTI_ZYMO_LSK114	1149	2404
TOTI_ZYMO_LSK114	1150	5988
TOTI_ZYMO_LSK114	1151	7663
TOTI_ZYMO_LSK114	1152	18001
TOTI_ZYMO_LSK114	1153	10146
TOTI_ZYMO_LSK114	1154	21433
TOTI_ZYMO_LSK114	1155	4974
TOTI_ZYMO_LSK114	1156	5900
TOTI_ZYMO_LSK114	1157	6320
TOTI_ZYMO_LSK114	1158	7164
TOTI_ZYMO_LSK114	1159	10656
TOTI_ZYMO_LSK114	1160	6706
TOTI_ZYMO_LSK114	1161	7644
TOTI_ZYMO_LSK114	1162	10066
TOTI_ZYMO_LSK114	1163	10707
TOTI_ZYMO_LSK114	1164	4699
TOTI_ZYMO_LSK114	1165	12217
TOTI_ZYMO_LSK114	1166	5248
TOTI_ZYMO_LSK114	1167	9022
TOTI_ZYMO_LSK114	1168	8390
TOTI_ZYMO_LSK114	1169	11004
TOTI_ZYMO_LSK114	1170	4794
TOTI_ZYMO_LSK114	1171	2627
TOTI_ZYMO_LSK114	1172	5576
TOTI_ZYMO_LSK114	1173	9581
TOTI_ZYMO_LSK114	1174	7428
TOTI_ZYMO_LSK114	1175	5767
TOTI_ZYMO_LSK114	1176	4968
TOTI_ZYMO_LSK114	1177	2766
TOTI_ZYMO_LSK114	1178	2612
TOTI_ZYMO_LSK114	1179	4200
TOTI_ZYMO_LSK114	1180	9535
TOTI_ZYMO_LSK114	1181	3544
TOTI_ZYMO_LSK114	1182	8908
TOTI_ZYMO_LSK114	1183	3844
TOTI_ZYMO_LSK114	1184	9172
TOTI_ZYMO_LSK114	1185	9379
TOTI_ZYMO_LSK114	1186	24175
TOTI_ZYMO_LSK114	1187	4804
TOTI_ZYMO_LSK114	1188	5580
TOTI_ZYMO_LSK114	1189	1663
TOTI_ZYMO_LSK114	1190	2606
TOTI_ZYMO_LSK114	1191	838
TOTI_ZYMO_LSK114	1192	2273
TOTI_ZYMO_LSK114	1193	3073
TOTI_ZYMO_LSK114	1194	1189
TOTI_ZYMO_LSK114	1195	692
TOTI_ZYMO_LSK114	1196	5915
TOTI_ZYMO_LSK114	1197	8800
TOTI_ZYMO_LSK114	1198	827
TOTI_ZYMO_LSK114	1199	575
TOTI_ZYMO_LSK114	1209	548
TOTI_ZYMO_LSK114	1210	541
TOTI_ZYMO_LSK114	1221	626
TOTI_ZYMO_LSK114	1222	1049
TOTI_ZYMO_LSK114	1223	6484
TOTI_ZYMO_LSK114	1224	9082
TOTI_ZYMO_LSK114	1225	5830
TOTI_ZYMO_LSK114	1226	10056
TOTI_ZYMO_LSK114	1227	2756
TOTI_ZYMO_LSK114	1228	9643
TOTI_ZYMO_LSK114	1229	9412
TOTI_ZYMO_LSK114	1230	7647
TOTI_ZYMO_LSK114	1231	5687
TOTI_ZYMO_LSK114	1232	12146
TOTI_ZYMO_LSK114	1233	5876
TOTI_ZYMO_LSK114	1234	6531
TOTI_ZYMO_LSK114	1235	10516
TOTI_ZYMO_LSK114	1237	3440
TOTI_ZYMO_LSK114	1238	6409
TOTI_ZYMO_LSK114	1239	13341
TOTI_ZYMO_LSK114	1240	12348
TOTI_ZYMO_LSK114	1241	9471
TOTI_ZYMO_LSK114	1242	9394
TOTI_ZYMO_LSK114	1243	6294
TOTI_ZYMO_LSK114	1244	10083
TOTI_ZYMO_LSK114	1245	20402
TOTI_ZYMO_LSK114	1246	3586
TOTI_ZYMO_LSK114	1247	9884
TOTI_ZYMO_LSK114	1248	8921
TOTI_ZYMO_LSK114	1249	10278
TOTI_ZYMO_LSK114	1250	8691
TOTI_ZYMO_LSK114	1251	4832
TOTI_ZYMO_LSK114	1252	4230
TOTI_ZYMO_LSK114	1253	7719
TOTI_ZYMO_LSK114	1254	7685
TOTI_ZYMO_LSK114	1255	4385
TOTI_ZYMO_LSK114	1256	4760
TOTI_ZYMO_LSK114	1257	17591
TOTI_ZYMO_LSK114	1258	4575
TOTI_ZYMO_LSK114	1259	10232
TOTI_ZYMO_LSK114	1260	6417
TOTI_ZYMO_LSK114	1261	12475
TOTI_ZYMO_LSK114	1262	7944
TOTI_ZYMO_LSK114	1263	5245
TOTI_ZYMO_LSK114	1264	13416
TOTI_ZYMO_LSK114	1265	7410
TOTI_ZYMO_LSK114	1266	6770
TOTI_ZYMO_LSK114	1267	10412
TOTI_ZYMO_LSK114	1268	7416
TOTI_ZYMO_LSK114	1269	5554
TOTI_ZYMO_LSK114	1270	9939
TOTI_ZYMO_LSK114	1271	7887
TOTI_ZYMO_LSK114	1272	2340
TOTI_ZYMO_LSK114	1273	10116
TOTI_ZYMO_LSK114	1274	6491
TOTI_ZYMO_LSK114	1275	3901
TOTI_ZYMO_LSK114	1276	9650
TOTI_ZYMO_LSK114	1277	9679
TOTI_ZYMO_LSK114	1278	5912
TOTI_ZYMO_LSK114	1279	9575
TOTI_ZYMO_LSK114	1280	20268
TOTI_ZYMO_LSK114	1281	2544
TOTI_ZYMO_LSK114	1282	7147
TOTI_ZYMO_LSK114	1283	4242
TOTI_ZYMO_LSK114	1284	10138
TOTI_ZYMO_LSK114	1285	7128
TOTI_ZYMO_LSK114	1286	7936
TOTI_ZYMO_LSK114	1287	5866
TOTI_ZYMO_LSK114	1288	5117
TOTI_ZYMO_LSK114	1289	4202
TOTI_ZYMO_LSK114	1290	14704
TOTI_ZYMO_LSK114	1291	4654
TOTI_ZYMO_LSK114	1292	8474
TOTI_ZYMO_LSK114	1293	25584
TOTI_ZYMO_LSK114	1294	4743
TOTI_ZYMO_LSK114	1295	9398
TOTI_ZYMO_LSK114	1296	5584
TOTI_ZYMO_LSK114	1297	3767
TOTI_ZYMO_LSK114	1298	5216
TOTI_ZYMO_LSK114	1299	22659
TOTI_ZYMO_LSK114	1300	2497
TOTI_ZYMO_LSK114	1301	6238
TOTI_ZYMO_LSK114	1302	6040
TOTI_ZYMO_LSK114	1303	11964
TOTI_ZYMO_LSK114	1304	2015
TOTI_ZYMO_LSK114	1305	10864
TOTI_ZYMO_LSK114	1306	2194
TOTI_ZYMO_LSK114	1307	5498
TOTI_ZYMO_LSK114	1308	11814
TOTI_ZYMO_LSK114	1309	6277
TOTI_ZYMO_LSK114	1310	7577
TOTI_ZYMO_LSK114	1311	10270
TOTI_ZYMO_LSK114	1312	5827
TOTI_ZYMO_LSK114	1314	984
TOTI_ZYMO_LSK114	1316	14825
TOTI_ZYMO_LSK114	1317	10830
TOTI_ZYMO_LSK114	1318	24285
TOTI_ZYMO_LSK114	1319	16299
TOTI_ZYMO_LSK114	1320	13307
TOTI_ZYMO_LSK114	1321	10025
TOTI_ZYMO_LSK114	1322	22219
TOTI_ZYMO_LSK114	1323	11519
TOTI_ZYMO_LSK114	1324	16935
TOTI_ZYMO_LSK114	1325	13253
TOTI_ZYMO_LSK114	1326	7156
TOTI_ZYMO_LSK114	1327	10499
TOTI_ZYMO_LSK114	1328	13632
TOTI_ZYMO_LSK114	1329	17112
TOTI_ZYMO_LSK114	1330	17537
TOTI_ZYMO_LSK114	1331	14621
TOTI_ZYMO_LSK114	1332	16400
TOTI_ZYMO_LSK114	1333	12732
TOTI_ZYMO_LSK114	1334	13356
TOTI_ZYMO_LSK114	1335	14447
TOTI_ZYMO_LSK114	1336	18739
TOTI_ZYMO_LSK114	1337	9153
TOTI_ZYMO_LSK114	1338	15095
TOTI_ZYMO_LSK114	1339	10129
TOTI_ZYMO_LSK114	1340	16384
TOTI_ZYMO_LSK114	1341	14309
TOTI_ZYMO_LSK114	1342	9276
TOTI_ZYMO_LSK114	1343	18120
TOTI_ZYMO_LSK114	1344	16058
TOTI_ZYMO_LSK114	1345	8651
TOTI_ZYMO_LSK114	1346	17185
TOTI_ZYMO_LSK114	1347	19040
TOTI_ZYMO_LSK114	1348	11298
TOTI_ZYMO_LSK114	1349	8230
TOTI_ZYMO_LSK114	1350	10014
TOTI_ZYMO_LSK114	1351	17919
TOTI_ZYMO_LSK114	1352	5209
TOTI_ZYMO_LSK114	1353	6506
TOTI_ZYMO_LSK114	1354	12654
TOTI_ZYMO_LSK114	1355	15165
TOTI_ZYMO_LSK114	1356	8961
TOTI_ZYMO_LSK114	1357	13811
TOTI_ZYMO_LSK114	1358	21534
TOTI_ZYMO_LSK114	1359	14113
TOTI_ZYMO_LSK114	1360	11707
TOTI_ZYMO_LSK114	1361	13504
TOTI_ZYMO_LSK114	1362	13973
TOTI_ZYMO_LSK114	1363	18640
TOTI_ZYMO_LSK114	1364	18057
TOTI_ZYMO_LSK114	1365	15169
TOTI_ZYMO_LSK114	1366	15143
TOTI_ZYMO_LSK114	1367	9564
TOTI_ZYMO_LSK114	1368	9339
TOTI_ZYMO_LSK114	1369	15259
TOTI_ZYMO_LSK114	1370	5548
TOTI_ZYMO_LSK114	1371	15109
TOTI_ZYMO_LSK114	1372	18876
TOTI_ZYMO_LSK114	1373	19868
TOTI_ZYMO_LSK114	1374	8171
TOTI_ZYMO_LSK114	1375	14623
TOTI_ZYMO_LSK114	1376	19140
TOTI_ZYMO_LSK114	1377	9102
TOTI_ZYMO_LSK114	1378	6047
TOTI_ZYMO_LSK114	1379	5678
TOTI_ZYMO_LSK114	1380	19509
TOTI_ZYMO_LSK114	1381	5366
TOTI_ZYMO_LSK114	1382	9147
TOTI_ZYMO_LSK114	1383	6702
TOTI_ZYMO_LSK114	1384	11089
TOTI_ZYMO_LSK114	1385	11809
TOTI_ZYMO_LSK114	1386	8831
TOTI_ZYMO_LSK114	1387	18080
TOTI_ZYMO_LSK114	1388	15575
TOTI_ZYMO_LSK114	1389	17449
TOTI_ZYMO_LSK114	1390	31836
TOTI_ZYMO_LSK114	1391	6377
TOTI_ZYMO_LSK114	1392	16145
TOTI_ZYMO_LSK114	1393	9269
TOTI_ZYMO_LSK114	1394	9911
TOTI_ZYMO_LSK114	1395	12370
TOTI_ZYMO_LSK114	1396	46554
TOTI_ZYMO_LSK114	1397	9307
TOTI_ZYMO_LSK114	1398	4986
TOTI_ZYMO_LSK114	1399	12261
TOTI_ZYMO_LSK114	1400	8799
TOTI_ZYMO_LSK114	1401	7061
TOTI_ZYMO_LSK114	1402	9136
TOTI_ZYMO_LSK114	1403	13105
TOTI_ZYMO_LSK114	1404	14091
TOTI_ZYMO_LSK114	1405	2833
TOTI_ZYMO_LSK114	1406	962
TOTI_ZYMO_LSK114	1408	1523
TOTI_ZYMO_LSK114	1409	1703
TOTI_ZYMO_LSK114	1410	14238
TOTI_ZYMO_LSK114	1411	8609
TOTI_ZYMO_LSK114	1412	14139
TOTI_ZYMO_LSK114	1413	8359
TOTI_ZYMO_LSK114	1414	15017
TOTI_ZYMO_LSK114	1415	28342
TOTI_ZYMO_LSK114	1416	5694
TOTI_ZYMO_LSK114	1417	4744
TOTI_ZYMO_LSK114	1418	14864
TOTI_ZYMO_LSK114	1419	5903
TOTI_ZYMO_LSK114	1420	4636
TOTI_ZYMO_LSK114	1421	6114
TOTI_ZYMO_LSK114	1422	8027
TOTI_ZYMO_LSK114	1423	8858
TOTI_ZYMO_LSK114	1424	7750
TOTI_ZYMO_LSK114	1425	15668
TOTI_ZYMO_LSK114	1426	15539
TOTI_ZYMO_LSK114	1427	5366
TOTI_ZYMO_LSK114	1428	4142
TOTI_ZYMO_LSK114	1429	1165
TOTI_ZYMO_LSK114	1430	11374
TOTI_ZYMO_LSK114	1431	2192
TOTI_ZYMO_LSK114	1432	6012
TOTI_ZYMO_LSK114	1433	11323
TOTI_ZYMO_LSK114	1434	13523
TOTI_ZYMO_LSK114	1435	4055
TOTI_ZYMO_LSK114	1436	7220
TOTI_ZYMO_LSK114	1437	14965
TOTI_ZYMO_LSK114	1438	3822
