genus	PRMT_CO1_canis_ONT_20240807_bc01	PRMT_CO2_canis_ONT_20240807_bc02	PRMT_CO3_canis_ONT_20240807_bc03	PRMT_CP1_canis_PB_20240807_bc31	PRMT_CP2_canis_PB_20240807_bc32	PRMT_CP3_canis_PB_20240807_bc33	PRMT_LM1_canis_MONT_20240807_bc16	PRMT_LM2_canis_MONT_20240807_bc17	PRMT_LM3_canis_MONT_20240807_bc18
Adlercreutzia	0	0	0	0	0	0	0	0	17.0001319961356
Agathobaculum	54.9110582189144	40.6153579080139	55.9389704574409	61.8712011634392	103.005358043435	78.4611789329228	53.420553258864	93.9755619064115	88.9040466915683
Allisonella	0	0	0	0	12	0	0	0	14
Allobaculum	580.984674546911	405	373	233	522.002211705888	318	118.898258865101	316	231
Amedibacillus	106	87	73	56	116	57.012737196456	30	64	56
Aminipila	320.631844061536	234.445007531814	233.485670544903	246.843365931069	569.876688911323	304.960162951359	185.478325144423	594.035223229016	506.727377396144
Anaerobacterium	0	0	0	0	17.8052642887383	0	0	13.968320845989	17.6749053702354
Anaerobiospirillum	18	15	16	0	0	0	0	0	0
Anaerobutyricum	151	98	110	168	323	186.999998947126	144	308	348.023282868159
Anaerofustis	0	0	0	0	10	0	0	13	12
Anaeromassilibacillus	0	0	0	0	0	0	0	11.2118539305611	23.9081323783775
Anaeroplasma	41	23	33	22	42	32	0	26	26
Anaerorhabdus	24.8724492419381	12.2150783340678	13.9310641230633	0	21.1699615899049	10.4844498703876	0	0	0
Anaerotaenia	97.5600551408582	54.6093072440383	82.5176471672002	104.927183219433	169.538631493039	122.994665159199	87.5821059039027	202.524709796081	192.992181803667
Anaerotignum	565.000000000119	325.881681597943	417.000000341841	463.000002054866	881.00000056701	543.999999564345	371.000000000369	982.0541619037	1012.00001122588
Anaerotruncus	35.897882240663	33.0866199012998	28.9001804274991	23.1764512434898	58.1704290982763	27.3140274593461	25.8133151960627	52.5450923708359	66.0814521987102
Anaerovibrio	10	0	0	0	0	0	0	14	0
Azospirillum	54	32	35	28	50	42	34	79.0000049474968	111.000000011443
Bacillus	0	0	0	16	37	0	0	42	18
Bacteroides	334.85366119886	238.44522367896	266.982048515834	492.410217895082	841.327019716153	641.349379883486	438.866114930318	995.306892572484	1261.59409693021
Bariatricus	0	0	0	10.0714190327436	27.5567894944618	18.2159821278777	11.5786207594459	25.2673274343896	26.0338552626514
Beduini	14.004602857481	10.0000074453214	10.2906210181018	0	17.0000437769018	14.1880501499035	0	11.0000000017811	0
Bifidobacterium	0	0	0	366	737	402	327	956	676
Blautia	28539.4728773913	20847.991686139	20061.2291282261	24761.6782976712	49211.4854980012	27537.1462000174	19773.6908149993	57552.4550880389	46319.0333110552
Butyricicoccus	237.141166550837	113.385565705502	154.023122263336	179.101290958941	326.85911153941	192.538798030987	152.788246179909	352.001887431886	413.137395178739
Caecibacterium	0	0	0	12.4815546342417	19.7971630640735	11.8344391559507	10.870144432675	25.6638205462661	14.4547795758605
Campylobacter	23	20	18	21	49	31	22	64	53
Candidatus Arthromitus	12	0	0	0	17	12	11	24	20
Christensenella	69	38	38	42	82	47.9999999862986	31	71	83.1262117147004
Clostridioides	0	0	0	10.0000000000001	11	0	0	10.0000000025631	0
Clostridium	824.580879196986	637.987625970899	607.452975935	743.989671221359	1560.62856721261	847.955474588256	606.551786216696	1817.09375888659	1439.76758870671
Collinsella	194.999999999999	121	101	1089	1933.00003305123	1252	1988	5278.99499306089	4326.00000060653
Coprococcus	45.0086780637834	31.7450424448216	35.9022156071765	31.0725797013111	48.4416698043374	33.3114704654932	31.9365409067522	84.9172628451677	63.5023310592634
Cuneatibacter	0	0	0	0	14.9282387521668	0	0	16.4545238908003	0
Duncaniella	0	0	0	0	10	0	0	12	17
Dysosmobacter	126.825698590589	72.3107003768259	101.30647288664	92.958505858234	154.181924323488	124.899739912839	88.209507179991	209.33500043223	200.231279578924
Eisenbergiella	194.231194642687	123.337833208139	123.092815692988	233.583533606331	439.674709184043	233.258299387095	158.682481359149	481.568142879505	423.538921358216
Emergencia	407.808218092909	306.10780805119	314.162298114582	312.462367389031	588.757385234447	458.720417765678	291.477819038349	817.404204974361	722.11194733801
Enorma	0	0	0	0	0	0	0	13.0050069466535	0
Enterocloster	889.80976528297	577.578852058055	713.129224366272	651.939570269464	1231.00882353834	963.515247866082	563.499843882795	1400.96471525592	1522.15393626019
Enterococcus	2329.98738926948	1698.99999999947	1466.86174110606	1795	3593	1790.29089141673	1287	4132.84503202119	2915.99999543552
Enterorhabdus	0	0	0	0	18	14.9999999999217	32.9999999999953	92.0000000000001	56.9997144146083
Ercella	0	0	0	0	11.647719296933	0	0	14.0736637691704	0
Erysipelatoclostridium	285.995397142519	199.999992554679	179.709379170392	168	316.998463945446	182.811948112322	51	151.999999998219	131
Escherichia	324	198	248	54	111	76	36	98	121
Eubacterium	0	0	0	0	0	0	0	18	0
Faecalibacterium	6326.77233643824	3773.51926056549	4962.95459409452	4628	8062.16186232973	6340.99999999689	3761.00000014576	9902.63476076644	10838.2106698099
Faecalicatena	815.15414575292	634.128041417173	654.812683795383	924.956491672367	1665.38531515168	1125.63709996063	720.923287887147	1794.13192282915	1676.57907418951
Faecalimonas	3845.82659320121	2824.88938104413	2597.27003147323	3369.28268575997	6804.6185908942	3754.67842968388	2775.83458401139	7902.9342546298	6309.57959574403
Flavonifractor	84.3232525589236	48.0544506280629	71.8649337832326	66.8448524531167	129.167965927695	105.178599841513	66.3829226945414	123.235303749521	176.612792807567
Flintibacter	43.9151561524764	28.5653974134134	37.5845453399448	34.0756156966519	50.4974906692268	37.2777115067153	29.9960611224818	72.3329225312374	77.9354278941054
Fournierella	756.907053233042	479.457289348958	576.47671189107	523.657875274026	982.113256998269	796.297357199345	466.12242553698	1159.97616310104	1262.71260863495
Frisingicoccus	619.787230475343	422.916066422519	472.014709757521	508.736838007844	986.525572017172	673.32424181442	451.990445750461	1204.0014539362	1132.98915655555
Fusobacterium	2516.00000000001	1599.00161521013	2122.00000000001	832.229303087462	1511.99999999999	1227.99999999992	489	1160	1308.99999999999
Gellertiella	0	0	0	0	0	0	0	12.9999950525032	11.9999999885565
Gemmiger	0	0	0	0	0	0	0	18.2112746287388	0
Gordonibacter	0	0	0	0	0	0	0	18.000093175778	0
Harryflintia	17.9593672284439	11.5145997306673	13.6289262935932	29.3128431574292	39.0347415434669	33.1799876964565	12.3817593406038	55.6842203004084	45.3769628180136
Holdemanella	169.025987879207	145	87	84	173	72	32	100	48
Hungateiclostridium	52.6963964664905	50.5900704227911	45.4429180763644	70.5006814054237	107.852749100385	83.5318554832944	48.7730137511853	127.189666895247	148.342246689134
Hungatella	537.641250934405	350.89628494108	396.280405937304	433.100531280088	919.900961561043	585.11076235261	389.864411138615	1022.30722509287	911.118206749312
Hydrogenoanaerobacterium	96.0895103537859	54.9943211816736	78.4190026988235	74.1655519958033	128.895492216957	85.7237656215538	50.9254435516208	148.384334340415	189.851221579353
Ihubacter	259.379820303007	166.235852666367	178.398248059838	195.692363141627	453.580698224671	272.803559127232	169.484254395725	524.963013604159	474.302054672665
Intestinimonas	0	0	0	0	0	0	0	0	14.9023622686428
Laceyella	288.910829974412	204.890490767513	226.999999900402	202.999999863816	491.99999915537	239.999999893851	221.999999855506	474.154917947477	449.698148177073
Lachnoclostridium	231.167970774788	109.096015657477	159.141900396363	175.070966198505	284.567707114802	225.021685955355	139.224495416915	335.817219686511	354.174247744708
Lachnospira	1805.04317321981	1210.9332135733	1407.59593813065	1540.78159229332	2652.36938276644	1854.35159212655	1176.3512286591	2953.52370845067	2850.71647268067
Lacrimispora	525.877506515211	342.85646374836	422.695998445803	467.545940151296	807.646570632274	598.425570198909	368.949238923245	934.798597291491	1010.72366870448
Lactobacillus	9488.42117483281	6869.9972691124	6457.58303318985	7685.37298686354	15612.9167134398	8274.4440696268	6203.52132411063	18667.8256486356	14127.8047860029
Limosilactobacillus	14	0	0	0	15	0	0	19	10
Listeria	0	0	0	0	0	0	0	12	0
Longibaculum	24	11	17.0000000000014	13	29.0000000127028	18.0000017242326	0	14	16
Mageeibacillus	16.9956467747235	0	19.000304631805	16.0059591807999	21.8469947842033	16.831663894421	0	32.0271499451819	18.4090829286591
Mediterraneibacter	4018.48780440639	2941.49657618204	2998.62545153051	3196.68481319416	6599.57701295241	3879.05545299703	2575.82061974021	7736.05513757052	6513.81544113143
Megamonas	6637.11588703234	4082.81685323585	5504.1338038271	5221.99923573145	8728.9578855639	6964.05259759767	4153.99999999998	10214.9999996412	11943.7515949882
Megasphaera	140	78	105	106	166	116	100	224.000000000001	226.999999999418
Merdimonas	17.1564095158394	0	0	0	12.4766565912474	0	0	13.4045808733198	13.4815745213563
Monoglobus	41.0000018060801	24.9999999994813	35.9458427689266	20.0203132593563	47.9999841696769	30.9999240208773	17.9999999855886	54.8677578881649	48.8559613608446
Mucispirillum	14	0	0	10	24	12	0	19	24
Negativibacillus	470.846802510321	293.477576962148	367.149082984717	336.736570367522	604.014917902394	409.395781535569	267.885324151394	762.277946201509	802.651759397439
Neglecta	0	0	0	0	13.0066434133494	0	0	0	0
Odoribacter	0	0	0	11	0	0	0	13	13
Oscillibacter	115.057842454091	56.0271988328336	100.827605522945	79.840563459535	138.596064435698	112.16881758807	62.5317347016633	174.822094219549	212.595834578648
Paludicola	17.2671678367955	14.014175781367	13.0027984886912	12.0000000038923	17.0000025658001	14.0015489709231	0	27.3023197766335	30.0347277372394
Papillibacter	224.030257171939	115.539000628428	161.503183896869	170.38557948783	262.013278918981	187.890133272701	119.868584862143	315.026729068127	346.058632535761
Parabacteroides	62.9999999943513	59	64	87	160	135	85	228	244
Paraprevotella	66.8358676211059	46.948329374574	47.483300622086	119.97536113734	170.508173945935	168.018206050821	89.9234511947777	257.277414122733	276.741392535785
Parasutterella	146	81	117	413	678.999999998258	529.000000000242	116	319	350
Peptacetobacter	33266.896920018	22142.1775369065	26422.3345452234	28327.7714611811	51207.2039907303	35479.9473991257	21901.164385104	57648.4795787211	57499.2543318617
Peptococcus	585	409	490	1047	1853	1232	826.861755283883	2183.9999999992	2059.00000000912
Phascolarctobacterium	3857.65983574898	2387.10950923249	3334.00002547491	2930	4862.99999735816	3963.00000000023	2398	6035.99999999967	7074.03995908871
Phocaeicola	500.3135249894	340.594744819315	419.534650862078	598.614420967577	1048.16480633792	841.632414065693	613.210433874904	1422.7137626088	1669.80918655238
Phocea	85.2842876362919	55.9391120233762	72.7242509185749	37.8518608382513	90.0188520728936	54.2813801119367	38.0613227067231	114.84261756085	115.150047117308
Pseudoclostridium	168.124316240065	112.743259536859	126.624292269159	178.986950419499	310.967540803193	225.589726604245	158.322183954288	332.771447808999	323.848193604308
Pseudomonas	0	0	0	0	0	0	0	11	0
Raineyella	0	0	0	0	0	0	0	20	18
Raoultibacter	0	0	0	0	0	0	0	14	0
Robinsoniella	371.847275122716	258.721571913505	234.466040822503	308.259605733062	582.191848114977	321.43153755958	260.78225204689	678.502889502802	574.758492483938
Romboutsia	1359.03679239997	878.017297781758	912.000000114256	1156	2140.99987241887	1159.00000000512	927.00000000179	2447.34450464771	2071.07949568483
Roseburia	554.257781469859	359.264854104731	416.059682972983	462.01546701187	869.90671248525	540.03705511201	379.812309060979	1021.04600237709	882.262848609892
Ruminiclostridium	36.5511484726535	16.6781154008083	38.5714581416747	26.4541172784701	58.3801506535585	54.083784856869	46.146821935258	90.0308644401378	77.1520394753121
Ruthenibacterium	502.748048795635	290.506400643411	341.699167163897	337.109017687287	640.752290640786	459.807526375146	247.807800741831	738.77603171957	803.175413213241
Sellimonas	0	0	0	0	11.5177130831981	0	0	20.2630398735146	0
Slackia	32	19	18	68	129	61.0000000000783	162.000000000005	467.999915066213	344.000153589256
Solobacterium	56.1275507580619	36.7849216659322	36.0689358769367	32	37.8300384100951	22.5155501296124	20	29	35
Sporobacter	109.997993096905	63.0003951353686	78.5809496147722	68.9629054106108	133.76537678733	88.8300535184648	46.010255322362	137.485918817918	155.550211187967
Sporosarcina	0	0	0	0	19	0	0	14	0
Staphylococcus	0	0	0	0	13	0	0	0	0
Streptococcus	32618.1343001303	24018.8321403754	21015.589422224	25363.0000001362	51588.9938330983	25500.7156695024	19950.00277262	61461.2786519764	44664.7513470228
Succinivibrio	220	164	121	73	157	85	17	52	50
Sutterella	470.000040419212	302	366	783	1342.00398068306	1090.99999999976	548	1386.99997446152	1592
Terrisporobacter	0	0	0	0	0	0	0	0	17.1725378856193
Turicibacter	133	90	70	85	149	97	15	69	59
Tyzzerella	898.38052178538	606.242843008289	629.481797388861	875.799315968327	1588.53429779017	969.964431287453	620.77147470479	1840.81365936028	1658.72968911307
unassigned	5522.54922509652	3968.73038146884	4399.57692580048	4882.63215139334	9154.67430790109	5894.49949705961	3286.94714348158	9621.11513895004	8925.24344156007
Vampirovibrio	21	19	18	27	36	33	19	44	52
Veillonella	22	23	13	47	64	10	13	59	39
