statistic	Detection_threshold_percent	Detection_threshold_ratio	level	primer	GS_version	mean	sd
Precision	0.01%	1e-04	Species	MONT	D6300	0.227899877899878	0.0224434339837392
Precision	0.1%	0.001	Species	MONT	D6300	0.686868686868687	0.0349909254054315
Precision	1%	0.01	Species	MONT	D6300	1	0
Precision	0.01%	1e-04	Species	ONT	D6300	0.257170111287758	0.0552420833011007
Precision	0.1%	0.001	Species	ONT	D6300	0.797979797979798	0.177559553850979
Precision	1%	0.01	Species	ONT	D6300	1	0
Precision	0.01%	1e-04	Species	PB	D6300	0.209677419354839	0.108729830194391
Precision	0.1%	0.001	Species	PB	D6300	0.666666666666667	0.133333333333334
Precision	1%	0.01	Species	PB	D6300	1	0
Recall	0.01%	1e-04	Species	MONT	D6300	1	0
Recall	0.1%	0.001	Species	MONT	D6300	1	0
Recall	1%	0.01	Species	MONT	D6300	0.875	0
Recall	0.01%	1e-04	Species	ONT	D6300	1	0
Recall	0.1%	0.001	Species	ONT	D6300	1	0
Recall	1%	0.01	Species	ONT	D6300	0.875	0
Recall	0.01%	1e-04	Species	PB	D6300	1	0
Recall	0.1%	0.001	Species	PB	D6300	1	0
Recall	1%	0.01	Species	PB	D6300	1	0
Precision	0.01%	1e-04	Genus	MONT	D6300	0.264176245210728	0.0131096644528165
Precision	0.1%	0.001	Genus	MONT	D6300	0.751515151515151	0.0419891104865185
Precision	1%	0.01	Genus	MONT	D6300	1	0
Precision	0.01%	1e-04	Genus	ONT	D6300	0.342151675485009	0.0887460008847202
Precision	0.1%	0.001	Genus	ONT	D6300	0.760942760942761	0.114873549557118
Precision	1%	0.01	Genus	ONT	D6300	1	0
Precision	0.01%	1e-04	Genus	PB	D6300	0.280799017641123	0.121589650729152
Precision	0.1%	0.001	Genus	PB	D6300	0.760683760683761	0.208834046544797
Precision	1%	0.01	Genus	PB	D6300	1	0
Recall	0.01%	1e-04	Genus	MONT	D6300	1	0
Recall	0.1%	0.001	Genus	MONT	D6300	1	0
Recall	1%	0.01	Genus	MONT	D6300	0.875	0
Recall	0.01%	1e-04	Genus	ONT	D6300	1	0
Recall	0.1%	0.001	Genus	ONT	D6300	1	0
Recall	1%	0.01	Genus	ONT	D6300	0.875	0
Recall	0.01%	1e-04	Genus	PB	D6300	1	0
Recall	0.1%	0.001	Genus	PB	D6300	1	0
Recall	1%	0.01	Genus	PB	D6300	1	0
Precision	0.01%	1e-04	Species	MONT	D6331	0.511310629514964	0.124840015260201
Precision	0.1%	0.001	Species	MONT	D6331	1	0
Precision	1%	0.01	Species	MONT	D6331	1	0
Precision	0.01%	1e-04	Species	ONT	D6331	0.400893997445722	0.106145021128599
Precision	0.1%	0.001	Species	ONT	D6331	1	0
Precision	1%	0.01	Species	ONT	D6331	1	0
Precision	0.01%	1e-04	Species	PB	D6331	0.361577662934252	0.158972356397625
Precision	0.1%	0.001	Species	PB	D6331	0.900793650793651	0.108021091974732
Precision	1%	0.01	Species	PB	D6331	1	0
Recall	0.01%	1e-04	Species	MONT	D6331	0.844444444444445	0.0384900179459752
Recall	0.1%	0.001	Species	MONT	D6331	0.733333333333333	0
Recall	1%	0.01	Species	MONT	D6331	0.666666666666667	0
Recall	0.01%	1e-04	Species	ONT	D6331	0.822222222222223	0.0384900179459752
Recall	0.1%	0.001	Species	ONT	D6331	0.666666666666667	0
Recall	1%	0.01	Species	ONT	D6331	0.6	0
Recall	0.01%	1e-04	Species	PB	D6331	0.866666666666667	0
Recall	0.1%	0.001	Species	PB	D6331	0.733333333333333	0
Recall	1%	0.01	Species	PB	D6331	0.666666666666667	0
Precision	0.01%	1e-04	Genus	MONT	D6331	0.539940582293524	0.15692457594128
Precision	0.1%	0.001	Genus	MONT	D6331	0.944444444444445	0.0481125224324686
Precision	1%	0.01	Genus	MONT	D6331	1	0
Precision	0.01%	1e-04	Genus	ONT	D6331	0.47979797979798	0.0777515369613162
Precision	0.1%	0.001	Genus	ONT	D6331	0.939393939393939	0.0524863881081479
Precision	1%	0.01	Genus	ONT	D6331	1	0
Precision	0.01%	1e-04	Genus	PB	D6331	0.458152734778122	0.167358892133961
Precision	0.1%	0.001	Genus	PB	D6331	0.85982905982906	0.13385826974668
Precision	1%	0.01	Genus	PB	D6331	1	0
Recall	0.01%	1e-04	Genus	MONT	D6331	0.844444444444445	0.0384900179459752
Recall	0.1%	0.001	Genus	MONT	D6331	0.733333333333333	0
Recall	1%	0.01	Genus	MONT	D6331	0.666666666666667	0
Recall	0.01%	1e-04	Genus	ONT	D6331	0.822222222222223	0.0384900179459752
Recall	0.1%	0.001	Genus	ONT	D6331	0.666666666666667	0
Recall	1%	0.01	Genus	ONT	D6331	0.6	0
Recall	0.01%	1e-04	Genus	PB	D6331	0.866666666666667	0
Recall	0.1%	0.001	Genus	PB	D6331	0.733333333333333	0
Recall	1%	0.01	Genus	PB	D6331	0.666666666666667	0
Precision	0.01%	1e-04	Species	MONT	D6323	0.361092275435591	0.00236964409380673
Precision	0.1%	0.001	Species	MONT	D6323	0.496765362810791	0.00757440583104371
Precision	1%	0.01	Species	MONT	D6323	0.652173913043478	0
Precision	0.01%	1e-04	Species	ONT	D6323	0.34609744144544	0.00138924707413578
Precision	0.1%	0.001	Species	ONT	D6323	0.476349737219302	0.0033101783231125
Precision	1%	0.01	Species	ONT	D6323	0.731225296442688	0.00684605062280223
Precision	0.01%	1e-04	Species	PB	D6323	0.369766071711152	0.0104600252203653
Precision	0.1%	0.001	Species	PB	D6323	0.489550587076414	0.00634547403227813
Precision	1%	0.01	Species	PB	D6323	0.652173913043478	0
Recall	0.01%	1e-04	Species	MONT	D6323	0.367486338797814	0.00236618962782595
Recall	0.1%	0.001	Species	MONT	D6323	0.204918032786885	0
Recall	1%	0.01	Species	MONT	D6323	0.0614754098360656	0
Recall	0.01%	1e-04	Species	ONT	D6323	0.333333333333333	0.0023661896278265
Recall	0.1%	0.001	Species	ONT	D6323	0.17896174863388	0.0023661896278265
Recall	1%	0.01	Species	ONT	D6323	0.0669398907103825	0.00236618962782634
Recall	0.01%	1e-04	Species	PB	D6323	0.379781420765027	0.00626034931004898
Recall	0.1%	0.001	Species	PB	D6323	0.219945355191257	0.00853141803059856
Recall	1%	0.01	Species	PB	D6323	0.0614754098360656	0
Precision	0.01%	1e-04	Genus	MONT	D6323	0.474219317356572	0.00628921861862291
Precision	0.1%	0.001	Genus	MONT	D6323	0.690034675109302	0.00600590510690278
Precision	1%	0.01	Genus	MONT	D6323	0.714285714285714	0
Precision	0.01%	1e-04	Genus	ONT	D6323	0.484634502724331	0.00372806800986534
Precision	0.1%	0.001	Genus	ONT	D6323	0.683974358974359	0.00610658938565948
Precision	1%	0.01	Genus	ONT	D6323	0.789473684210526	0
Precision	0.01%	1e-04	Genus	PB	D6323	0.476575593609039	0.0138068356114844
Precision	0.1%	0.001	Genus	PB	D6323	0.659007540861366	0.0164376786478171
Precision	1%	0.01	Genus	PB	D6323	0.726190476190476	0.0206196524710582
Recall	0.01%	1e-04	Genus	MONT	D6323	0.656462585034014	0.00589132927744517
Recall	0.1%	0.001	Genus	MONT	D6323	0.469387755102041	0
Recall	1%	0.01	Genus	MONT	D6323	0.153061224489796	0
Recall	0.01%	1e-04	Genus	ONT	D6323	0.642857142857143	0
Recall	0.1%	0.001	Genus	ONT	D6323	0.448979591836735	0
Recall	1%	0.01	Genus	ONT	D6323	0.153061224489796	0
Recall	0.01%	1e-04	Genus	PB	D6323	0.653061224489796	0.010204081632653
Recall	0.1%	0.001	Genus	PB	D6323	0.465986394557823	0.0155869921597136
Recall	1%	0.01	Genus	PB	D6323	0.153061224489796	0
