sample	source	dna.isolation.methods	name	phylum	count	sum_count	norm_count
SRTP_A_F1_210317_ZHMW	F1	ZHMW	SRTP_F1_210317	Actinobacteria	374	54504	0.0068618816967562
SRTP_A_F1_210317_ZHMW	F1	ZHMW	SRTP_F1_210317	Bacteroidetes	5562	54504	0.102047556142668
SRTP_A_F1_210317_ZHMW	F1	ZHMW	SRTP_F1_210317	Cyanobacteria	0	54504	0
SRTP_A_F1_210317_ZHMW	F1	ZHMW	SRTP_F1_210317	Deferribacteres	0	54504	0
SRTP_A_F1_210317_ZHMW	F1	ZHMW	SRTP_F1_210317	Firmicutes	30024	54504	0.550858652575958
SRTP_A_F1_210317_ZHMW	F1	ZHMW	SRTP_F1_210317	Fusobacteria	14725	54504	0.270163657713195
SRTP_A_F1_210317_ZHMW	F1	ZHMW	SRTP_F1_210317	Proteobacteria	3819	54504	0.0700682518714223
SRTP_A_F1_210317_ZHMW	F1	ZHMW	SRTP_F1_210317	Synergistetes	0	54504	0
SRTP_A_F1_210317_ZHMW	F1	ZHMW	SRTP_F1_210317	Tenericutes	0	54504	0
SRTP_A_F1_210317_ZMB	F1	ZMB	SRTP_F1_210317	Actinobacteria	731	95224	0.00767663614214904
SRTP_A_F1_210317_ZMB	F1	ZMB	SRTP_F1_210317	Bacteroidetes	458	95224	0.00480971183735193
SRTP_A_F1_210317_ZMB	F1	ZMB	SRTP_F1_210317	Cyanobacteria	0	95224	0
SRTP_A_F1_210317_ZMB	F1	ZMB	SRTP_F1_210317	Deferribacteres	0	95224	0
SRTP_A_F1_210317_ZMB	F1	ZMB	SRTP_F1_210317	Firmicutes	93311	95224	0.97991052675796
SRTP_A_F1_210317_ZMB	F1	ZMB	SRTP_F1_210317	Fusobacteria	657	95224	0.00689952112912711
SRTP_A_F1_210317_ZMB	F1	ZMB	SRTP_F1_210317	Proteobacteria	67	95224	0.000703604133411745
SRTP_A_F1_210317_ZMB	F1	ZMB	SRTP_F1_210317	Synergistetes	0	95224	0
SRTP_A_F1_210317_ZMB	F1	ZMB	SRTP_F1_210317	Tenericutes	0	95224	0
SRTP_A_F1_210330_ZHMW	F1	ZHMW	SRTP_F1_210330	Actinobacteria	1352	100134	0.013501907444025
SRTP_A_F1_210330_ZHMW	F1	ZHMW	SRTP_F1_210330	Bacteroidetes	5224	100134	0.0521700920766173
SRTP_A_F1_210330_ZHMW	F1	ZHMW	SRTP_F1_210330	Cyanobacteria	0	100134	0
SRTP_A_F1_210330_ZHMW	F1	ZHMW	SRTP_F1_210330	Deferribacteres	0	100134	0
SRTP_A_F1_210330_ZHMW	F1	ZHMW	SRTP_F1_210330	Firmicutes	81576	100134	0.814668344418479
SRTP_A_F1_210330_ZHMW	F1	ZHMW	SRTP_F1_210330	Fusobacteria	6772	100134	0.0676293766353087
SRTP_A_F1_210330_ZHMW	F1	ZHMW	SRTP_F1_210330	Proteobacteria	5191	100134	0.0518405336848623
SRTP_A_F1_210330_ZHMW	F1	ZHMW	SRTP_F1_210330	Synergistetes	19	100134	0.000189745740707452
SRTP_A_F1_210330_ZHMW	F1	ZHMW	SRTP_F1_210330	Tenericutes	0	100134	0
SRTP_A_F1_210330_ZMB	F1	ZMB	SRTP_F1_210330	Actinobacteria	383	52248	0.00733042413106722
SRTP_A_F1_210330_ZMB	F1	ZMB	SRTP_F1_210330	Bacteroidetes	384	52248	0.00734956361966008
SRTP_A_F1_210330_ZMB	F1	ZMB	SRTP_F1_210330	Cyanobacteria	0	52248	0
SRTP_A_F1_210330_ZMB	F1	ZMB	SRTP_F1_210330	Deferribacteres	0	52248	0
SRTP_A_F1_210330_ZMB	F1	ZMB	SRTP_F1_210330	Firmicutes	50421	52248	0.965032154340836
SRTP_A_F1_210330_ZMB	F1	ZMB	SRTP_F1_210330	Fusobacteria	593	52248	0.0113497167355688
SRTP_A_F1_210330_ZMB	F1	ZMB	SRTP_F1_210330	Proteobacteria	467	52248	0.00893814117286786
SRTP_A_F1_210330_ZMB	F1	ZMB	SRTP_F1_210330	Synergistetes	0	52248	0
SRTP_A_F1_210330_ZMB	F1	ZMB	SRTP_F1_210330	Tenericutes	0	52248	0
SRTP_A_F1_210415_ZHMW	F1	ZHMW	SRTP_F1_210415	Actinobacteria	80	100661	0.000794746724153346
SRTP_A_F1_210415_ZHMW	F1	ZHMW	SRTP_F1_210415	Bacteroidetes	7797	100661	0.0774580026027955
SRTP_A_F1_210415_ZHMW	F1	ZHMW	SRTP_F1_210415	Cyanobacteria	0	100661	0
SRTP_A_F1_210415_ZHMW	F1	ZHMW	SRTP_F1_210415	Deferribacteres	0	100661	0
SRTP_A_F1_210415_ZHMW	F1	ZHMW	SRTP_F1_210415	Firmicutes	72403	100661	0.719275588360934
SRTP_A_F1_210415_ZHMW	F1	ZHMW	SRTP_F1_210415	Fusobacteria	17746	100661	0.176294692085316
SRTP_A_F1_210415_ZHMW	F1	ZHMW	SRTP_F1_210415	Proteobacteria	2563	100661	0.0254616981750628
SRTP_A_F1_210415_ZHMW	F1	ZHMW	SRTP_F1_210415	Synergistetes	0	100661	0
SRTP_A_F1_210415_ZHMW	F1	ZHMW	SRTP_F1_210415	Tenericutes	72	100661	0.000715272051738012
SRTP_A_F1_210415_ZMB	F1	ZMB	SRTP_F1_210415	Actinobacteria	34	66222	0.000513424541693093
SRTP_A_F1_210415_ZMB	F1	ZMB	SRTP_F1_210415	Bacteroidetes	1587	66222	0.0239648455196158
SRTP_A_F1_210415_ZMB	F1	ZMB	SRTP_F1_210415	Cyanobacteria	0	66222	0
SRTP_A_F1_210415_ZMB	F1	ZMB	SRTP_F1_210415	Deferribacteres	0	66222	0
SRTP_A_F1_210415_ZMB	F1	ZMB	SRTP_F1_210415	Firmicutes	61823	66222	0.933571924738003
SRTP_A_F1_210415_ZMB	F1	ZMB	SRTP_F1_210415	Fusobacteria	2433	66222	0.0367400561746851
SRTP_A_F1_210415_ZMB	F1	ZMB	SRTP_F1_210415	Proteobacteria	345	66222	0.00520974902600344
SRTP_A_F1_210415_ZMB	F1	ZMB	SRTP_F1_210415	Synergistetes	0	66222	0
SRTP_A_F1_210415_ZMB	F1	ZMB	SRTP_F1_210415	Tenericutes	0	66222	0
SRTP_A_F1_210705_ZHMW	F1	ZHMW	SRTP_F1_210705	Actinobacteria	153	39250	0.00389808917197452
SRTP_A_F1_210705_ZHMW	F1	ZHMW	SRTP_F1_210705	Bacteroidetes	3265	39250	0.0831847133757962
SRTP_A_F1_210705_ZHMW	F1	ZHMW	SRTP_F1_210705	Cyanobacteria	0	39250	0
SRTP_A_F1_210705_ZHMW	F1	ZHMW	SRTP_F1_210705	Deferribacteres	0	39250	0
SRTP_A_F1_210705_ZHMW	F1	ZHMW	SRTP_F1_210705	Firmicutes	18571	39250	0.473146496815287
SRTP_A_F1_210705_ZHMW	F1	ZHMW	SRTP_F1_210705	Fusobacteria	16280	39250	0.414777070063694
SRTP_A_F1_210705_ZHMW	F1	ZHMW	SRTP_F1_210705	Proteobacteria	966	39250	0.0246114649681529
SRTP_A_F1_210705_ZHMW	F1	ZHMW	SRTP_F1_210705	Synergistetes	0	39250	0
SRTP_A_F1_210705_ZHMW	F1	ZHMW	SRTP_F1_210705	Tenericutes	15	39250	0.000382165605095541
SRTP_A_F1_210705_ZMB	F1	ZMB	SRTP_F1_210705	Actinobacteria	1767	97634	0.0180982034946842
SRTP_A_F1_210705_ZMB	F1	ZMB	SRTP_F1_210705	Bacteroidetes	3353	97634	0.0343425446053629
SRTP_A_F1_210705_ZMB	F1	ZMB	SRTP_F1_210705	Cyanobacteria	0	97634	0
SRTP_A_F1_210705_ZMB	F1	ZMB	SRTP_F1_210705	Deferribacteres	0	97634	0
SRTP_A_F1_210705_ZMB	F1	ZMB	SRTP_F1_210705	Firmicutes	79376	97634	0.812995472888543
SRTP_A_F1_210705_ZMB	F1	ZMB	SRTP_F1_210705	Fusobacteria	10532	97634	0.107872257615175
SRTP_A_F1_210705_ZMB	F1	ZMB	SRTP_F1_210705	Proteobacteria	2606	97634	0.0266915213962349
SRTP_A_F1_210705_ZMB	F1	ZMB	SRTP_F1_210705	Synergistetes	0	97634	0
SRTP_A_F1_210705_ZMB	F1	ZMB	SRTP_F1_210705	Tenericutes	0	97634	0
SRTP_A_F1_210903_ZHMW	F1	ZHMW	SRTP_F1_210903	Actinobacteria	52	69552	0.000747642051989878
SRTP_A_F1_210903_ZHMW	F1	ZHMW	SRTP_F1_210903	Bacteroidetes	1709	69552	0.0245715435932827
SRTP_A_F1_210903_ZHMW	F1	ZHMW	SRTP_F1_210903	Cyanobacteria	0	69552	0
SRTP_A_F1_210903_ZHMW	F1	ZHMW	SRTP_F1_210903	Deferribacteres	0	69552	0
SRTP_A_F1_210903_ZHMW	F1	ZHMW	SRTP_F1_210903	Firmicutes	63715	69552	0.916077179664136
SRTP_A_F1_210903_ZHMW	F1	ZHMW	SRTP_F1_210903	Fusobacteria	3781	69552	0.0543622038187256
SRTP_A_F1_210903_ZHMW	F1	ZHMW	SRTP_F1_210903	Proteobacteria	295	69552	0.00424143087186565
SRTP_A_F1_210903_ZHMW	F1	ZHMW	SRTP_F1_210903	Synergistetes	0	69552	0
SRTP_A_F1_210903_ZHMW	F1	ZHMW	SRTP_F1_210903	Tenericutes	0	69552	0
SRTP_A_F1_210903_ZMB	F1	ZMB	SRTP_F1_210903	Actinobacteria	923	64288	0.0143572672971628
SRTP_A_F1_210903_ZMB	F1	ZMB	SRTP_F1_210903	Bacteroidetes	296	64288	0.00460428073668492
SRTP_A_F1_210903_ZMB	F1	ZMB	SRTP_F1_210903	Cyanobacteria	0	64288	0
SRTP_A_F1_210903_ZMB	F1	ZMB	SRTP_F1_210903	Deferribacteres	0	64288	0
SRTP_A_F1_210903_ZMB	F1	ZMB	SRTP_F1_210903	Firmicutes	61519	64288	0.956928198108512
SRTP_A_F1_210903_ZMB	F1	ZMB	SRTP_F1_210903	Fusobacteria	1371	64288	0.0213259084121453
SRTP_A_F1_210903_ZMB	F1	ZMB	SRTP_F1_210903	Proteobacteria	179	64288	0.00278434544549527
SRTP_A_F1_210903_ZMB	F1	ZMB	SRTP_F1_210903	Synergistetes	0	64288	0
SRTP_A_F1_210903_ZMB	F1	ZMB	SRTP_F1_210903	Tenericutes	0	64288	0
SRTP_A_F1_211203_ZHMW	F1	ZHMW	SRTP_F1_211203	Actinobacteria	46	31512	0.00145976136075146
SRTP_A_F1_211203_ZHMW	F1	ZHMW	SRTP_F1_211203	Bacteroidetes	447	31512	0.0141850723533892
SRTP_A_F1_211203_ZHMW	F1	ZHMW	SRTP_F1_211203	Cyanobacteria	0	31512	0
SRTP_A_F1_211203_ZHMW	F1	ZHMW	SRTP_F1_211203	Deferribacteres	0	31512	0
SRTP_A_F1_211203_ZHMW	F1	ZHMW	SRTP_F1_211203	Firmicutes	24804	31512	0.787128712871287
SRTP_A_F1_211203_ZHMW	F1	ZHMW	SRTP_F1_211203	Fusobacteria	809	31512	0.0256727595836507
SRTP_A_F1_211203_ZHMW	F1	ZHMW	SRTP_F1_211203	Proteobacteria	5406	31512	0.171553693830922
SRTP_A_F1_211203_ZHMW	F1	ZHMW	SRTP_F1_211203	Synergistetes	0	31512	0
SRTP_A_F1_211203_ZHMW	F1	ZHMW	SRTP_F1_211203	Tenericutes	0	31512	0
SRTP_A_F1_211203_ZMB	F1	ZMB	SRTP_F1_211203	Actinobacteria	25	55110	0.000453638178189076
SRTP_A_F1_211203_ZMB	F1	ZMB	SRTP_F1_211203	Bacteroidetes	104	55110	0.00188713482126656
SRTP_A_F1_211203_ZMB	F1	ZMB	SRTP_F1_211203	Cyanobacteria	0	55110	0
SRTP_A_F1_211203_ZMB	F1	ZMB	SRTP_F1_211203	Deferribacteres	0	55110	0
SRTP_A_F1_211203_ZMB	F1	ZMB	SRTP_F1_211203	Firmicutes	50992	55110	0.925276719288695
SRTP_A_F1_211203_ZMB	F1	ZMB	SRTP_F1_211203	Fusobacteria	214	55110	0.00388314280529849
SRTP_A_F1_211203_ZMB	F1	ZMB	SRTP_F1_211203	Proteobacteria	3775	55110	0.0684993649065505
SRTP_A_F1_211203_ZMB	F1	ZMB	SRTP_F1_211203	Synergistetes	0	55110	0
SRTP_A_F1_211203_ZMB	F1	ZMB	SRTP_F1_211203	Tenericutes	0	55110	0
SRTP_A_F2_210316_ZHMW	F2	ZHMW	SRTP_F2_210316	Actinobacteria	2171	67709	0.0320636842960315
SRTP_A_F2_210316_ZHMW	F2	ZHMW	SRTP_F2_210316	Bacteroidetes	5535	67709	0.0817468874152624
SRTP_A_F2_210316_ZHMW	F2	ZHMW	SRTP_F2_210316	Cyanobacteria	0	67709	0
SRTP_A_F2_210316_ZHMW	F2	ZHMW	SRTP_F2_210316	Deferribacteres	0	67709	0
SRTP_A_F2_210316_ZHMW	F2	ZHMW	SRTP_F2_210316	Firmicutes	59178	67709	0.874004932874507
SRTP_A_F2_210316_ZHMW	F2	ZHMW	SRTP_F2_210316	Fusobacteria	337	67709	0.00497718176313341
SRTP_A_F2_210316_ZHMW	F2	ZHMW	SRTP_F2_210316	Proteobacteria	488	67709	0.00720731365106559
SRTP_A_F2_210316_ZHMW	F2	ZHMW	SRTP_F2_210316	Synergistetes	0	67709	0
SRTP_A_F2_210316_ZHMW	F2	ZHMW	SRTP_F2_210316	Tenericutes	0	67709	0
SRTP_A_F2_210316_ZMB	F2	ZMB	SRTP_F2_210316	Actinobacteria	741	107453	0.00689603826789387
SRTP_A_F2_210316_ZMB	F2	ZMB	SRTP_F2_210316	Bacteroidetes	275	107453	0.00255925846649233
SRTP_A_F2_210316_ZMB	F2	ZMB	SRTP_F2_210316	Cyanobacteria	0	107453	0
SRTP_A_F2_210316_ZMB	F2	ZMB	SRTP_F2_210316	Deferribacteres	0	107453	0
SRTP_A_F2_210316_ZMB	F2	ZMB	SRTP_F2_210316	Firmicutes	105838	107453	0.984970173005872
SRTP_A_F2_210316_ZMB	F2	ZMB	SRTP_F2_210316	Fusobacteria	296	107453	0.0027546927493881
SRTP_A_F2_210316_ZMB	F2	ZMB	SRTP_F2_210316	Proteobacteria	303	107453	0.00281983751035336
SRTP_A_F2_210316_ZMB	F2	ZMB	SRTP_F2_210316	Synergistetes	0	107453	0
SRTP_A_F2_210316_ZMB	F2	ZMB	SRTP_F2_210316	Tenericutes	0	107453	0
SRTP_A_F2_210401_ZHMW	F2	ZHMW	SRTP_F2_210401	Actinobacteria	0	33765	0
SRTP_A_F2_210401_ZHMW	F2	ZHMW	SRTP_F2_210401	Bacteroidetes	2245	33765	0.0664889678661336
SRTP_A_F2_210401_ZHMW	F2	ZHMW	SRTP_F2_210401	Cyanobacteria	0	33765	0
SRTP_A_F2_210401_ZHMW	F2	ZHMW	SRTP_F2_210401	Deferribacteres	0	33765	0
SRTP_A_F2_210401_ZHMW	F2	ZHMW	SRTP_F2_210401	Firmicutes	27994	33765	0.829083370353917
SRTP_A_F2_210401_ZHMW	F2	ZHMW	SRTP_F2_210401	Fusobacteria	3123	33765	0.0924922256774767
SRTP_A_F2_210401_ZHMW	F2	ZHMW	SRTP_F2_210401	Proteobacteria	403	33765	0.011935436102473
SRTP_A_F2_210401_ZHMW	F2	ZHMW	SRTP_F2_210401	Synergistetes	0	33765	0
SRTP_A_F2_210401_ZHMW	F2	ZHMW	SRTP_F2_210401	Tenericutes	0	33765	0
SRTP_A_F2_210401_ZMB	F2	ZMB	SRTP_F2_210401	Actinobacteria	194	39318	0.0049341268630144
SRTP_A_F2_210401_ZMB	F2	ZMB	SRTP_F2_210401	Bacteroidetes	1180	39318	0.0300116994760669
SRTP_A_F2_210401_ZMB	F2	ZMB	SRTP_F2_210401	Cyanobacteria	0	39318	0
SRTP_A_F2_210401_ZMB	F2	ZMB	SRTP_F2_210401	Deferribacteres	0	39318	0
SRTP_A_F2_210401_ZMB	F2	ZMB	SRTP_F2_210401	Firmicutes	36567	39318	0.930032046390966
SRTP_A_F2_210401_ZMB	F2	ZMB	SRTP_F2_210401	Fusobacteria	1310	39318	0.0333180731471591
SRTP_A_F2_210401_ZMB	F2	ZMB	SRTP_F2_210401	Proteobacteria	67	39318	0.00170405412279363
SRTP_A_F2_210401_ZMB	F2	ZMB	SRTP_F2_210401	Synergistetes	0	39318	0
SRTP_A_F2_210401_ZMB	F2	ZMB	SRTP_F2_210401	Tenericutes	0	39318	0
SRTP_A_F2_210413_ZHMW	F2	ZHMW	SRTP_F2_210413	Actinobacteria	39	64798	0.000601870428099633
SRTP_A_F2_210413_ZHMW	F2	ZHMW	SRTP_F2_210413	Bacteroidetes	3795	64798	0.0585666224266181
SRTP_A_F2_210413_ZHMW	F2	ZHMW	SRTP_F2_210413	Cyanobacteria	0	64798	0
SRTP_A_F2_210413_ZHMW	F2	ZHMW	SRTP_F2_210413	Deferribacteres	0	64798	0
SRTP_A_F2_210413_ZHMW	F2	ZHMW	SRTP_F2_210413	Firmicutes	47525	64798	0.733433130652181
SRTP_A_F2_210413_ZHMW	F2	ZHMW	SRTP_F2_210413	Fusobacteria	12998	64798	0.200592610883052
SRTP_A_F2_210413_ZHMW	F2	ZHMW	SRTP_F2_210413	Proteobacteria	441	64798	0.00680576561004969
SRTP_A_F2_210413_ZHMW	F2	ZHMW	SRTP_F2_210413	Synergistetes	0	64798	0
SRTP_A_F2_210413_ZHMW	F2	ZHMW	SRTP_F2_210413	Tenericutes	0	64798	0
SRTP_A_F2_210413_ZMB	F2	ZMB	SRTP_F2_210413	Actinobacteria	304	50710	0.00599487280615263
SRTP_A_F2_210413_ZMB	F2	ZMB	SRTP_F2_210413	Bacteroidetes	615	50710	0.0121277854466575
SRTP_A_F2_210413_ZMB	F2	ZMB	SRTP_F2_210413	Cyanobacteria	0	50710	0
SRTP_A_F2_210413_ZMB	F2	ZMB	SRTP_F2_210413	Deferribacteres	0	50710	0
SRTP_A_F2_210413_ZMB	F2	ZMB	SRTP_F2_210413	Firmicutes	47723	50710	0.941096430684283
SRTP_A_F2_210413_ZMB	F2	ZMB	SRTP_F2_210413	Fusobacteria	1988	50710	0.0392033129560245
SRTP_A_F2_210413_ZMB	F2	ZMB	SRTP_F2_210413	Proteobacteria	80	50710	0.00157759810688227
SRTP_A_F2_210413_ZMB	F2	ZMB	SRTP_F2_210413	Synergistetes	0	50710	0
SRTP_A_F2_210413_ZMB	F2	ZMB	SRTP_F2_210413	Tenericutes	0	50710	0
SRTP_A_F2_210705_ZHMW	F2	ZHMW	SRTP_F2_210705	Actinobacteria	60	42752	0.00140344311377246
SRTP_A_F2_210705_ZHMW	F2	ZHMW	SRTP_F2_210705	Bacteroidetes	3037	42752	0.0710376122754491
SRTP_A_F2_210705_ZHMW	F2	ZHMW	SRTP_F2_210705	Cyanobacteria	0	42752	0
SRTP_A_F2_210705_ZHMW	F2	ZHMW	SRTP_F2_210705	Deferribacteres	0	42752	0
SRTP_A_F2_210705_ZHMW	F2	ZHMW	SRTP_F2_210705	Firmicutes	9474	42752	0.221603667664671
SRTP_A_F2_210705_ZHMW	F2	ZHMW	SRTP_F2_210705	Fusobacteria	29786	42752	0.696715943113773
SRTP_A_F2_210705_ZHMW	F2	ZHMW	SRTP_F2_210705	Proteobacteria	395	42752	0.00923933383233533
SRTP_A_F2_210705_ZHMW	F2	ZHMW	SRTP_F2_210705	Synergistetes	0	42752	0
SRTP_A_F2_210705_ZHMW	F2	ZHMW	SRTP_F2_210705	Tenericutes	0	42752	0
SRTP_A_F2_210705_ZMB	F2	ZMB	SRTP_F2_210705	Actinobacteria	912	95175	0.00958234830575256
SRTP_A_F2_210705_ZMB	F2	ZMB	SRTP_F2_210705	Bacteroidetes	425	95175	0.00446545836616759
SRTP_A_F2_210705_ZMB	F2	ZMB	SRTP_F2_210705	Cyanobacteria	0	95175	0
SRTP_A_F2_210705_ZMB	F2	ZMB	SRTP_F2_210705	Deferribacteres	0	95175	0
SRTP_A_F2_210705_ZMB	F2	ZMB	SRTP_F2_210705	Firmicutes	89131	95175	0.936495928552666
SRTP_A_F2_210705_ZMB	F2	ZMB	SRTP_F2_210705	Fusobacteria	4584	95175	0.0481639085894405
SRTP_A_F2_210705_ZMB	F2	ZMB	SRTP_F2_210705	Proteobacteria	123	95175	0.00129235618597321
SRTP_A_F2_210705_ZMB	F2	ZMB	SRTP_F2_210705	Synergistetes	0	95175	0
SRTP_A_F2_210705_ZMB	F2	ZMB	SRTP_F2_210705	Tenericutes	0	95175	0
SRTP_A_F3_210317_ZHMW	F3	ZHMW	SRTP_F3_210317	Actinobacteria	217	61851	0.00350843155324894
SRTP_A_F3_210317_ZHMW	F3	ZHMW	SRTP_F3_210317	Bacteroidetes	15	61851	0.000242518310132415
SRTP_A_F3_210317_ZHMW	F3	ZHMW	SRTP_F3_210317	Cyanobacteria	0	61851	0
SRTP_A_F3_210317_ZHMW	F3	ZHMW	SRTP_F3_210317	Deferribacteres	0	61851	0
SRTP_A_F3_210317_ZHMW	F3	ZHMW	SRTP_F3_210317	Firmicutes	61561	61851	0.995311312670773
SRTP_A_F3_210317_ZHMW	F3	ZHMW	SRTP_F3_210317	Fusobacteria	58	61851	0.000937737465845338
SRTP_A_F3_210317_ZHMW	F3	ZHMW	SRTP_F3_210317	Proteobacteria	0	61851	0
SRTP_A_F3_210317_ZHMW	F3	ZHMW	SRTP_F3_210317	Synergistetes	0	61851	0
SRTP_A_F3_210317_ZHMW	F3	ZHMW	SRTP_F3_210317	Tenericutes	0	61851	0
SRTP_A_F3_210317_ZMB	F3	ZMB	SRTP_F3_210317	Actinobacteria	15	94868	0.000158114432685416
SRTP_A_F3_210317_ZMB	F3	ZMB	SRTP_F3_210317	Bacteroidetes	0	94868	0
SRTP_A_F3_210317_ZMB	F3	ZMB	SRTP_F3_210317	Cyanobacteria	0	94868	0
SRTP_A_F3_210317_ZMB	F3	ZMB	SRTP_F3_210317	Deferribacteres	0	94868	0
SRTP_A_F3_210317_ZMB	F3	ZMB	SRTP_F3_210317	Firmicutes	94853	94868	0.999841885567315
SRTP_A_F3_210317_ZMB	F3	ZMB	SRTP_F3_210317	Fusobacteria	0	94868	0
SRTP_A_F3_210317_ZMB	F3	ZMB	SRTP_F3_210317	Proteobacteria	0	94868	0
SRTP_A_F3_210317_ZMB	F3	ZMB	SRTP_F3_210317	Synergistetes	0	94868	0
SRTP_A_F3_210317_ZMB	F3	ZMB	SRTP_F3_210317	Tenericutes	0	94868	0
SRTP_A_F3_210401_ZHMW	F3	ZHMW	SRTP_F3_210401	Actinobacteria	33	35924	0.000918605945885759
SRTP_A_F3_210401_ZHMW	F3	ZHMW	SRTP_F3_210401	Bacteroidetes	3111	35924	0.0865994878075938
SRTP_A_F3_210401_ZHMW	F3	ZHMW	SRTP_F3_210401	Cyanobacteria	0	35924	0
SRTP_A_F3_210401_ZHMW	F3	ZHMW	SRTP_F3_210401	Deferribacteres	0	35924	0
SRTP_A_F3_210401_ZHMW	F3	ZHMW	SRTP_F3_210401	Firmicutes	21950	35924	0.611012136733103
SRTP_A_F3_210401_ZHMW	F3	ZHMW	SRTP_F3_210401	Fusobacteria	6173	35924	0.171834984968266
SRTP_A_F3_210401_ZHMW	F3	ZHMW	SRTP_F3_210401	Proteobacteria	4644	35924	0.12927290947556
SRTP_A_F3_210401_ZHMW	F3	ZHMW	SRTP_F3_210401	Synergistetes	0	35924	0
SRTP_A_F3_210401_ZHMW	F3	ZHMW	SRTP_F3_210401	Tenericutes	13	35924	0.00036187506959136
SRTP_A_F3_210401_ZMB	F3	ZMB	SRTP_F3_210401	Actinobacteria	54	41410	0.00130403284230862
SRTP_A_F3_210401_ZMB	F3	ZMB	SRTP_F3_210401	Bacteroidetes	388	41410	0.00936971745955083
SRTP_A_F3_210401_ZMB	F3	ZMB	SRTP_F3_210401	Cyanobacteria	0	41410	0
SRTP_A_F3_210401_ZMB	F3	ZMB	SRTP_F3_210401	Deferribacteres	0	41410	0
SRTP_A_F3_210401_ZMB	F3	ZMB	SRTP_F3_210401	Firmicutes	39213	41410	0.94694518232311
SRTP_A_F3_210401_ZMB	F3	ZMB	SRTP_F3_210401	Fusobacteria	1001	41410	0.0241729050953876
SRTP_A_F3_210401_ZMB	F3	ZMB	SRTP_F3_210401	Proteobacteria	754	41410	0.0182081622796426
SRTP_A_F3_210401_ZMB	F3	ZMB	SRTP_F3_210401	Synergistetes	0	41410	0
SRTP_A_F3_210401_ZMB	F3	ZMB	SRTP_F3_210401	Tenericutes	0	41410	0
SRTP_A_F3_210413_ZHMW	F3	ZHMW	SRTP_F3_210413	Actinobacteria	23	31408	0.000732297503820683
SRTP_A_F3_210413_ZHMW	F3	ZHMW	SRTP_F3_210413	Bacteroidetes	7614	31408	0.242422312786551
SRTP_A_F3_210413_ZHMW	F3	ZHMW	SRTP_F3_210413	Cyanobacteria	0	31408	0
SRTP_A_F3_210413_ZHMW	F3	ZHMW	SRTP_F3_210413	Deferribacteres	0	31408	0
SRTP_A_F3_210413_ZHMW	F3	ZHMW	SRTP_F3_210413	Firmicutes	13002	31408	0.413970962812022
SRTP_A_F3_210413_ZHMW	F3	ZHMW	SRTP_F3_210413	Fusobacteria	10089	31408	0.321223892002038
SRTP_A_F3_210413_ZHMW	F3	ZHMW	SRTP_F3_210413	Proteobacteria	680	31408	0.021650534895568
SRTP_A_F3_210413_ZHMW	F3	ZHMW	SRTP_F3_210413	Synergistetes	0	31408	0
SRTP_A_F3_210413_ZHMW	F3	ZHMW	SRTP_F3_210413	Tenericutes	0	31408	0
SRTP_A_F3_210413_ZMB	F3	ZMB	SRTP_F3_210413	Actinobacteria	223	66600	0.00334834834834835
SRTP_A_F3_210413_ZMB	F3	ZMB	SRTP_F3_210413	Bacteroidetes	342	66600	0.00513513513513514
SRTP_A_F3_210413_ZMB	F3	ZMB	SRTP_F3_210413	Cyanobacteria	0	66600	0
SRTP_A_F3_210413_ZMB	F3	ZMB	SRTP_F3_210413	Deferribacteres	0	66600	0
SRTP_A_F3_210413_ZMB	F3	ZMB	SRTP_F3_210413	Firmicutes	63145	66600	0.948123123123123
SRTP_A_F3_210413_ZMB	F3	ZMB	SRTP_F3_210413	Fusobacteria	2308	66600	0.0346546546546547
SRTP_A_F3_210413_ZMB	F3	ZMB	SRTP_F3_210413	Proteobacteria	582	66600	0.00873873873873874
SRTP_A_F3_210413_ZMB	F3	ZMB	SRTP_F3_210413	Synergistetes	0	66600	0
SRTP_A_F3_210413_ZMB	F3	ZMB	SRTP_F3_210413	Tenericutes	0	66600	0
SRTP_A_F3_210704_ZHMW	F3	ZHMW	SRTP_F3_210704	Actinobacteria	156	126791	0.00123037124086094
SRTP_A_F3_210704_ZHMW	F3	ZHMW	SRTP_F3_210704	Bacteroidetes	7823	126791	0.0616999629311229
SRTP_A_F3_210704_ZHMW	F3	ZHMW	SRTP_F3_210704	Cyanobacteria	0	126791	0
SRTP_A_F3_210704_ZHMW	F3	ZHMW	SRTP_F3_210704	Deferribacteres	0	126791	0
SRTP_A_F3_210704_ZHMW	F3	ZHMW	SRTP_F3_210704	Firmicutes	103613	126791	0.817195226790545
SRTP_A_F3_210704_ZHMW	F3	ZHMW	SRTP_F3_210704	Fusobacteria	13457	126791	0.106135293514524
SRTP_A_F3_210704_ZHMW	F3	ZHMW	SRTP_F3_210704	Proteobacteria	1742	126791	0.0137391455229472
SRTP_A_F3_210704_ZHMW	F3	ZHMW	SRTP_F3_210704	Synergistetes	0	126791	0
SRTP_A_F3_210704_ZHMW	F3	ZHMW	SRTP_F3_210704	Tenericutes	0	126791	0
SRTP_A_F3_210704_ZMB	F3	ZMB	SRTP_F3_210704	Actinobacteria	1161	115359	0.0100642342600057
SRTP_A_F3_210704_ZMB	F3	ZMB	SRTP_F3_210704	Bacteroidetes	1834	115359	0.0158981960661934
SRTP_A_F3_210704_ZMB	F3	ZMB	SRTP_F3_210704	Cyanobacteria	0	115359	0
SRTP_A_F3_210704_ZMB	F3	ZMB	SRTP_F3_210704	Deferribacteres	0	115359	0
SRTP_A_F3_210704_ZMB	F3	ZMB	SRTP_F3_210704	Firmicutes	106635	115359	0.924375211296908
SRTP_A_F3_210704_ZMB	F3	ZMB	SRTP_F3_210704	Fusobacteria	5326	115359	0.0461689161660555
SRTP_A_F3_210704_ZMB	F3	ZMB	SRTP_F3_210704	Proteobacteria	403	115359	0.00349344221083747
SRTP_A_F3_210704_ZMB	F3	ZMB	SRTP_F3_210704	Synergistetes	0	115359	0
SRTP_A_F3_210704_ZMB	F3	ZMB	SRTP_F3_210704	Tenericutes	0	115359	0
SRTP_A_F3_210803_ZHMW	F3	ZHMW	SRTP_F3_210803	Actinobacteria	33	111350	0.000296362819937135
SRTP_A_F3_210803_ZHMW	F3	ZHMW	SRTP_F3_210803	Bacteroidetes	30	111350	0.000269420745397396
SRTP_A_F3_210803_ZHMW	F3	ZHMW	SRTP_F3_210803	Cyanobacteria	0	111350	0
SRTP_A_F3_210803_ZHMW	F3	ZHMW	SRTP_F3_210803	Deferribacteres	0	111350	0
SRTP_A_F3_210803_ZHMW	F3	ZHMW	SRTP_F3_210803	Firmicutes	109895	111350	0.986933093848226
SRTP_A_F3_210803_ZHMW	F3	ZHMW	SRTP_F3_210803	Fusobacteria	547	111350	0.00491243825774585
SRTP_A_F3_210803_ZHMW	F3	ZHMW	SRTP_F3_210803	Proteobacteria	845	111350	0.00758868432869331
SRTP_A_F3_210803_ZHMW	F3	ZHMW	SRTP_F3_210803	Synergistetes	0	111350	0
SRTP_A_F3_210803_ZHMW	F3	ZHMW	SRTP_F3_210803	Tenericutes	0	111350	0
SRTP_A_F3_210803_ZMB	F3	ZMB	SRTP_F3_210803	Actinobacteria	46	63624	0.000722997610964416
SRTP_A_F3_210803_ZMB	F3	ZMB	SRTP_F3_210803	Bacteroidetes	0	63624	0
SRTP_A_F3_210803_ZMB	F3	ZMB	SRTP_F3_210803	Cyanobacteria	0	63624	0
SRTP_A_F3_210803_ZMB	F3	ZMB	SRTP_F3_210803	Deferribacteres	0	63624	0
SRTP_A_F3_210803_ZMB	F3	ZMB	SRTP_F3_210803	Firmicutes	63555	63624	0.998915503583553
SRTP_A_F3_210803_ZMB	F3	ZMB	SRTP_F3_210803	Fusobacteria	23	63624	0.000361498805482208
SRTP_A_F3_210803_ZMB	F3	ZMB	SRTP_F3_210803	Proteobacteria	0	63624	0
SRTP_A_F3_210803_ZMB	F3	ZMB	SRTP_F3_210803	Synergistetes	0	63624	0
SRTP_A_F3_210803_ZMB	F3	ZMB	SRTP_F3_210803	Tenericutes	0	63624	0
SRTP_A_F3_211003_ZHMW	F3	ZHMW	SRTP_F3_211003	Actinobacteria	87	111634	0.00077933246143648
SRTP_A_F3_211003_ZHMW	F3	ZHMW	SRTP_F3_211003	Bacteroidetes	1868	111634	0.0167332533099235
SRTP_A_F3_211003_ZHMW	F3	ZHMW	SRTP_F3_211003	Cyanobacteria	0	111634	0
SRTP_A_F3_211003_ZHMW	F3	ZHMW	SRTP_F3_211003	Deferribacteres	0	111634	0
SRTP_A_F3_211003_ZHMW	F3	ZHMW	SRTP_F3_211003	Firmicutes	94624	111634	0.847627067022592
SRTP_A_F3_211003_ZHMW	F3	ZHMW	SRTP_F3_211003	Fusobacteria	10365	111634	0.092848057043553
SRTP_A_F3_211003_ZHMW	F3	ZHMW	SRTP_F3_211003	Proteobacteria	4690	111634	0.0420122901624953
SRTP_A_F3_211003_ZHMW	F3	ZHMW	SRTP_F3_211003	Synergistetes	0	111634	0
SRTP_A_F3_211003_ZHMW	F3	ZHMW	SRTP_F3_211003	Tenericutes	0	111634	0
SRTP_A_F3_211003_ZMB	F3	ZMB	SRTP_F3_211003	Actinobacteria	19	60592	0.00031357274887774
SRTP_A_F3_211003_ZMB	F3	ZMB	SRTP_F3_211003	Bacteroidetes	0	60592	0
SRTP_A_F3_211003_ZMB	F3	ZMB	SRTP_F3_211003	Cyanobacteria	0	60592	0
SRTP_A_F3_211003_ZMB	F3	ZMB	SRTP_F3_211003	Deferribacteres	0	60592	0
SRTP_A_F3_211003_ZMB	F3	ZMB	SRTP_F3_211003	Firmicutes	60281	60592	0.994867309215738
SRTP_A_F3_211003_ZMB	F3	ZMB	SRTP_F3_211003	Fusobacteria	84	60592	0.00138632162661738
SRTP_A_F3_211003_ZMB	F3	ZMB	SRTP_F3_211003	Proteobacteria	208	60592	0.00343279640876683
SRTP_A_F3_211003_ZMB	F3	ZMB	SRTP_F3_211003	Synergistetes	0	60592	0
SRTP_A_F3_211003_ZMB	F3	ZMB	SRTP_F3_211003	Tenericutes	0	60592	0
SRTP_A_F3_211203_ZHMW	F3	ZHMW	SRTP_F3_211203	Actinobacteria	27	136898	0.00019722713260968
SRTP_A_F3_211203_ZHMW	F3	ZHMW	SRTP_F3_211203	Bacteroidetes	3441	136898	0.0251355023448115
SRTP_A_F3_211203_ZHMW	F3	ZHMW	SRTP_F3_211203	Cyanobacteria	0	136898	0
SRTP_A_F3_211203_ZHMW	F3	ZHMW	SRTP_F3_211203	Deferribacteres	0	136898	0
SRTP_A_F3_211203_ZHMW	F3	ZHMW	SRTP_F3_211203	Firmicutes	85731	136898	0.626239974287426
SRTP_A_F3_211203_ZHMW	F3	ZHMW	SRTP_F3_211203	Fusobacteria	35600	136898	0.260047626700171
SRTP_A_F3_211203_ZHMW	F3	ZHMW	SRTP_F3_211203	Proteobacteria	12099	136898	0.0883796695349822
SRTP_A_F3_211203_ZHMW	F3	ZHMW	SRTP_F3_211203	Synergistetes	0	136898	0
SRTP_A_F3_211203_ZHMW	F3	ZHMW	SRTP_F3_211203	Tenericutes	0	136898	0
SRTP_A_F3_211203_ZMB	F3	ZMB	SRTP_F3_211203	Actinobacteria	12	56869	0.000211011271518754
SRTP_A_F3_211203_ZMB	F3	ZMB	SRTP_F3_211203	Bacteroidetes	172	56869	0.0030244948917688
SRTP_A_F3_211203_ZMB	F3	ZMB	SRTP_F3_211203	Cyanobacteria	0	56869	0
SRTP_A_F3_211203_ZMB	F3	ZMB	SRTP_F3_211203	Deferribacteres	0	56869	0
SRTP_A_F3_211203_ZMB	F3	ZMB	SRTP_F3_211203	Firmicutes	54526	56869	0.958800049235963
SRTP_A_F3_211203_ZMB	F3	ZMB	SRTP_F3_211203	Fusobacteria	1933	56869	0.0339903989871459
SRTP_A_F3_211203_ZMB	F3	ZMB	SRTP_F3_211203	Proteobacteria	226	56869	0.00397404561360319
SRTP_A_F3_211203_ZMB	F3	ZMB	SRTP_F3_211203	Synergistetes	0	56869	0
SRTP_A_F3_211203_ZMB	F3	ZMB	SRTP_F3_211203	Tenericutes	0	56869	0
SRTP_A_F4_210317_ZHMW	F4	ZHMW	SRTP_F4_210317	Actinobacteria	355	32372	0.0109662671444458
SRTP_A_F4_210317_ZHMW	F4	ZHMW	SRTP_F4_210317	Bacteroidetes	846	32372	0.0261336957864821
SRTP_A_F4_210317_ZHMW	F4	ZHMW	SRTP_F4_210317	Cyanobacteria	0	32372	0
SRTP_A_F4_210317_ZHMW	F4	ZHMW	SRTP_F4_210317	Deferribacteres	0	32372	0
SRTP_A_F4_210317_ZHMW	F4	ZHMW	SRTP_F4_210317	Firmicutes	29424	32372	0.908933646361053
SRTP_A_F4_210317_ZHMW	F4	ZHMW	SRTP_F4_210317	Fusobacteria	1497	32372	0.0462436673668603
SRTP_A_F4_210317_ZHMW	F4	ZHMW	SRTP_F4_210317	Proteobacteria	250	32372	0.00772272334115903
SRTP_A_F4_210317_ZHMW	F4	ZHMW	SRTP_F4_210317	Synergistetes	0	32372	0
SRTP_A_F4_210317_ZHMW	F4	ZHMW	SRTP_F4_210317	Tenericutes	0	32372	0
SRTP_A_F4_210317_ZMB	F4	ZMB	SRTP_F4_210317	Actinobacteria	147	41697	0.00352543348442334
SRTP_A_F4_210317_ZMB	F4	ZMB	SRTP_F4_210317	Bacteroidetes	147	41697	0.00352543348442334
SRTP_A_F4_210317_ZMB	F4	ZMB	SRTP_F4_210317	Cyanobacteria	0	41697	0
SRTP_A_F4_210317_ZMB	F4	ZMB	SRTP_F4_210317	Deferribacteres	0	41697	0
SRTP_A_F4_210317_ZMB	F4	ZMB	SRTP_F4_210317	Firmicutes	41237	41697	0.988968031273233
SRTP_A_F4_210317_ZMB	F4	ZMB	SRTP_F4_210317	Fusobacteria	130	41697	0.00311773029234717
SRTP_A_F4_210317_ZMB	F4	ZMB	SRTP_F4_210317	Proteobacteria	36	41697	0.000863371465573063
SRTP_A_F4_210317_ZMB	F4	ZMB	SRTP_F4_210317	Synergistetes	0	41697	0
SRTP_A_F4_210317_ZMB	F4	ZMB	SRTP_F4_210317	Tenericutes	0	41697	0
SRTP_A_F4_210330_ZHMW	F4	ZHMW	SRTP_F4_210330	Actinobacteria	46	41584	0.00110619469026549
SRTP_A_F4_210330_ZHMW	F4	ZHMW	SRTP_F4_210330	Bacteroidetes	7464	41584	0.179492112350904
SRTP_A_F4_210330_ZHMW	F4	ZHMW	SRTP_F4_210330	Cyanobacteria	0	41584	0
SRTP_A_F4_210330_ZHMW	F4	ZHMW	SRTP_F4_210330	Deferribacteres	0	41584	0
SRTP_A_F4_210330_ZHMW	F4	ZHMW	SRTP_F4_210330	Firmicutes	24849	41584	0.597561562139284
SRTP_A_F4_210330_ZHMW	F4	ZHMW	SRTP_F4_210330	Fusobacteria	8220	41584	0.197672181608311
SRTP_A_F4_210330_ZHMW	F4	ZHMW	SRTP_F4_210330	Proteobacteria	1005	41584	0.0241679492112351
SRTP_A_F4_210330_ZHMW	F4	ZHMW	SRTP_F4_210330	Synergistetes	0	41584	0
SRTP_A_F4_210330_ZHMW	F4	ZHMW	SRTP_F4_210330	Tenericutes	0	41584	0
SRTP_A_F4_210330_ZMB	F4	ZMB	SRTP_F4_210330	Actinobacteria	233	43651	0.00533779294861515
SRTP_A_F4_210330_ZMB	F4	ZMB	SRTP_F4_210330	Bacteroidetes	103	43651	0.00235962520904447
SRTP_A_F4_210330_ZMB	F4	ZMB	SRTP_F4_210330	Cyanobacteria	0	43651	0
SRTP_A_F4_210330_ZMB	F4	ZMB	SRTP_F4_210330	Deferribacteres	0	43651	0
SRTP_A_F4_210330_ZMB	F4	ZMB	SRTP_F4_210330	Firmicutes	43162	43651	0.988797507502692
SRTP_A_F4_210330_ZMB	F4	ZMB	SRTP_F4_210330	Fusobacteria	117	43651	0.00268035096561362
SRTP_A_F4_210330_ZMB	F4	ZMB	SRTP_F4_210330	Proteobacteria	36	43651	0.000824723374034959
SRTP_A_F4_210330_ZMB	F4	ZMB	SRTP_F4_210330	Synergistetes	0	43651	0
SRTP_A_F4_210330_ZMB	F4	ZMB	SRTP_F4_210330	Tenericutes	0	43651	0
SRTP_A_F4_210413_ZHMW	F4	ZHMW	SRTP_F4_210413	Actinobacteria	38	163258	0.000232760416028617
SRTP_A_F4_210413_ZHMW	F4	ZHMW	SRTP_F4_210413	Bacteroidetes	20741	163258	0.127044310232883
SRTP_A_F4_210413_ZHMW	F4	ZHMW	SRTP_F4_210413	Cyanobacteria	0	163258	0
SRTP_A_F4_210413_ZHMW	F4	ZHMW	SRTP_F4_210413	Deferribacteres	0	163258	0
SRTP_A_F4_210413_ZHMW	F4	ZHMW	SRTP_F4_210413	Firmicutes	107792	163258	0.660255546435703
SRTP_A_F4_210413_ZHMW	F4	ZHMW	SRTP_F4_210413	Fusobacteria	31919	163258	0.195512624189933
SRTP_A_F4_210413_ZHMW	F4	ZHMW	SRTP_F4_210413	Proteobacteria	2636	163258	0.0161462225434588
SRTP_A_F4_210413_ZHMW	F4	ZHMW	SRTP_F4_210413	Synergistetes	0	163258	0
SRTP_A_F4_210413_ZHMW	F4	ZHMW	SRTP_F4_210413	Tenericutes	132	163258	0.000808536181994144
SRTP_A_F4_210413_ZMB	F4	ZMB	SRTP_F4_210413	Actinobacteria	100	63296	0.0015798786653185
SRTP_A_F4_210413_ZMB	F4	ZMB	SRTP_F4_210413	Bacteroidetes	2072	63296	0.0327350859453994
SRTP_A_F4_210413_ZMB	F4	ZMB	SRTP_F4_210413	Cyanobacteria	0	63296	0
SRTP_A_F4_210413_ZMB	F4	ZMB	SRTP_F4_210413	Deferribacteres	0	63296	0
SRTP_A_F4_210413_ZMB	F4	ZMB	SRTP_F4_210413	Firmicutes	58455	63296	0.923518073811931
SRTP_A_F4_210413_ZMB	F4	ZMB	SRTP_F4_210413	Fusobacteria	2434	63296	0.0384542467138524
SRTP_A_F4_210413_ZMB	F4	ZMB	SRTP_F4_210413	Proteobacteria	235	63296	0.00371271486349848
SRTP_A_F4_210413_ZMB	F4	ZMB	SRTP_F4_210413	Synergistetes	0	63296	0
SRTP_A_F4_210413_ZMB	F4	ZMB	SRTP_F4_210413	Tenericutes	0	63296	0
SRTP_A_F4_210704_ZHMW	F4	ZHMW	SRTP_F4_210704	Actinobacteria	23	28280	0.000813295615275813
SRTP_A_F4_210704_ZHMW	F4	ZHMW	SRTP_F4_210704	Bacteroidetes	460	28280	0.0162659123055163
SRTP_A_F4_210704_ZHMW	F4	ZHMW	SRTP_F4_210704	Cyanobacteria	0	28280	0
SRTP_A_F4_210704_ZHMW	F4	ZHMW	SRTP_F4_210704	Deferribacteres	0	28280	0
SRTP_A_F4_210704_ZHMW	F4	ZHMW	SRTP_F4_210704	Firmicutes	26254	28280	0.928359264497878
SRTP_A_F4_210704_ZHMW	F4	ZHMW	SRTP_F4_210704	Fusobacteria	575	28280	0.0203323903818953
SRTP_A_F4_210704_ZHMW	F4	ZHMW	SRTP_F4_210704	Proteobacteria	968	28280	0.0342291371994342
SRTP_A_F4_210704_ZHMW	F4	ZHMW	SRTP_F4_210704	Synergistetes	0	28280	0
SRTP_A_F4_210704_ZHMW	F4	ZHMW	SRTP_F4_210704	Tenericutes	0	28280	0
SRTP_A_F4_210704_ZMB	F4	ZMB	SRTP_F4_210704	Actinobacteria	111	120525	0.000920970752955818
SRTP_A_F4_210704_ZMB	F4	ZMB	SRTP_F4_210704	Bacteroidetes	7588	120525	0.0629578925534122
SRTP_A_F4_210704_ZMB	F4	ZMB	SRTP_F4_210704	Cyanobacteria	0	120525	0
SRTP_A_F4_210704_ZMB	F4	ZMB	SRTP_F4_210704	Deferribacteres	0	120525	0
SRTP_A_F4_210704_ZMB	F4	ZMB	SRTP_F4_210704	Firmicutes	104561	120525	0.867546152250571
SRTP_A_F4_210704_ZMB	F4	ZMB	SRTP_F4_210704	Fusobacteria	7053	120525	0.0585189794648413
SRTP_A_F4_210704_ZMB	F4	ZMB	SRTP_F4_210704	Proteobacteria	1212	120525	0.0100560049782203
SRTP_A_F4_210704_ZMB	F4	ZMB	SRTP_F4_210704	Synergistetes	0	120525	0
SRTP_A_F4_210704_ZMB	F4	ZMB	SRTP_F4_210704	Tenericutes	0	120525	0
SRTP_A_F4_211203_ZHMW	F4	ZHMW	SRTP_F4_211203	Actinobacteria	28	69247	0.000404349646916112
SRTP_A_F4_211203_ZHMW	F4	ZHMW	SRTP_F4_211203	Bacteroidetes	4133	69247	0.0596848960965818
SRTP_A_F4_211203_ZHMW	F4	ZHMW	SRTP_F4_211203	Cyanobacteria	0	69247	0
SRTP_A_F4_211203_ZHMW	F4	ZHMW	SRTP_F4_211203	Deferribacteres	0	69247	0
SRTP_A_F4_211203_ZHMW	F4	ZHMW	SRTP_F4_211203	Firmicutes	54817	69247	0.791615521250018
SRTP_A_F4_211203_ZHMW	F4	ZHMW	SRTP_F4_211203	Fusobacteria	10215	69247	0.147515415830289
SRTP_A_F4_211203_ZHMW	F4	ZHMW	SRTP_F4_211203	Proteobacteria	54	69247	0.000779817176195359
SRTP_A_F4_211203_ZHMW	F4	ZHMW	SRTP_F4_211203	Synergistetes	0	69247	0
SRTP_A_F4_211203_ZHMW	F4	ZHMW	SRTP_F4_211203	Tenericutes	0	69247	0
SRTP_A_F4_211203_ZMB	F4	ZMB	SRTP_F4_211203	Actinobacteria	41	50999	0.000803937332104551
SRTP_A_F4_211203_ZMB	F4	ZMB	SRTP_F4_211203	Bacteroidetes	910	50999	0.0178434871271986
SRTP_A_F4_211203_ZMB	F4	ZMB	SRTP_F4_211203	Cyanobacteria	0	50999	0
SRTP_A_F4_211203_ZMB	F4	ZMB	SRTP_F4_211203	Deferribacteres	0	50999	0
SRTP_A_F4_211203_ZMB	F4	ZMB	SRTP_F4_211203	Firmicutes	48924	50999	0.959312927704465
SRTP_A_F4_211203_ZMB	F4	ZMB	SRTP_F4_211203	Fusobacteria	1058	50999	0.0207455048138199
SRTP_A_F4_211203_ZMB	F4	ZMB	SRTP_F4_211203	Proteobacteria	66	50999	0.0012941430224122
SRTP_A_F4_211203_ZMB	F4	ZMB	SRTP_F4_211203	Synergistetes	0	50999	0
SRTP_A_F4_211203_ZMB	F4	ZMB	SRTP_F4_211203	Tenericutes	0	50999	0
SRTP_A_M1_210317_ZHMW	M1	ZHMW	SRTP_M1_210317	Actinobacteria	653	60491	0.0107949942966722
SRTP_A_M1_210317_ZHMW	M1	ZHMW	SRTP_M1_210317	Bacteroidetes	2492	60491	0.041196211006596
SRTP_A_M1_210317_ZHMW	M1	ZHMW	SRTP_M1_210317	Cyanobacteria	0	60491	0
SRTP_A_M1_210317_ZHMW	M1	ZHMW	SRTP_M1_210317	Deferribacteres	0	60491	0
SRTP_A_M1_210317_ZHMW	M1	ZHMW	SRTP_M1_210317	Firmicutes	33707	60491	0.557223388603263
SRTP_A_M1_210317_ZHMW	M1	ZHMW	SRTP_M1_210317	Fusobacteria	23434	60491	0.387396472202476
SRTP_A_M1_210317_ZHMW	M1	ZHMW	SRTP_M1_210317	Proteobacteria	205	60491	0.00338893389099205
SRTP_A_M1_210317_ZHMW	M1	ZHMW	SRTP_M1_210317	Synergistetes	0	60491	0
SRTP_A_M1_210317_ZHMW	M1	ZHMW	SRTP_M1_210317	Tenericutes	0	60491	0
SRTP_A_M1_210317_ZMB	M1	ZMB	SRTP_M1_210317	Actinobacteria	14	102630	0.000136412355061873
SRTP_A_M1_210317_ZMB	M1	ZMB	SRTP_M1_210317	Bacteroidetes	3054	102630	0.0297573808827828
SRTP_A_M1_210317_ZMB	M1	ZMB	SRTP_M1_210317	Cyanobacteria	0	102630	0
SRTP_A_M1_210317_ZMB	M1	ZMB	SRTP_M1_210317	Deferribacteres	11	102630	0.000107181136120043
SRTP_A_M1_210317_ZMB	M1	ZMB	SRTP_M1_210317	Firmicutes	91083	102630	0.887489038292897
SRTP_A_M1_210317_ZMB	M1	ZMB	SRTP_M1_210317	Fusobacteria	7922	102630	0.0771899054857254
SRTP_A_M1_210317_ZMB	M1	ZMB	SRTP_M1_210317	Proteobacteria	546	102630	0.00532008184741304
SRTP_A_M1_210317_ZMB	M1	ZMB	SRTP_M1_210317	Synergistetes	0	102630	0
SRTP_A_M1_210317_ZMB	M1	ZMB	SRTP_M1_210317	Tenericutes	0	102630	0
SRTP_A_M1_210412_ZHMW	M1	ZHMW	SRTP_M1_210412	Actinobacteria	201	123890	0.00162240697392849
SRTP_A_M1_210412_ZHMW	M1	ZHMW	SRTP_M1_210412	Bacteroidetes	6363	123890	0.0513600774880943
SRTP_A_M1_210412_ZHMW	M1	ZHMW	SRTP_M1_210412	Cyanobacteria	0	123890	0
SRTP_A_M1_210412_ZHMW	M1	ZHMW	SRTP_M1_210412	Deferribacteres	90	123890	0.000726450883848575
SRTP_A_M1_210412_ZHMW	M1	ZHMW	SRTP_M1_210412	Firmicutes	98831	123890	0.797731858907095
SRTP_A_M1_210412_ZHMW	M1	ZHMW	SRTP_M1_210412	Fusobacteria	6396	123890	0.0516264428121721
SRTP_A_M1_210412_ZHMW	M1	ZHMW	SRTP_M1_210412	Proteobacteria	12009	123890	0.0969327629348616
SRTP_A_M1_210412_ZHMW	M1	ZHMW	SRTP_M1_210412	Synergistetes	0	123890	0
SRTP_A_M1_210412_ZHMW	M1	ZHMW	SRTP_M1_210412	Tenericutes	0	123890	0
SRTP_A_M1_210412_ZMB	M1	ZMB	SRTP_M1_210412	Actinobacteria	47	50464	0.000931357006975269
SRTP_A_M1_210412_ZMB	M1	ZMB	SRTP_M1_210412	Bacteroidetes	136	50464	0.00269499048826887
SRTP_A_M1_210412_ZMB	M1	ZMB	SRTP_M1_210412	Cyanobacteria	0	50464	0
SRTP_A_M1_210412_ZMB	M1	ZMB	SRTP_M1_210412	Deferribacteres	0	50464	0
SRTP_A_M1_210412_ZMB	M1	ZMB	SRTP_M1_210412	Firmicutes	49878	50464	0.988387761572606
SRTP_A_M1_210412_ZMB	M1	ZMB	SRTP_M1_210412	Fusobacteria	134	50464	0.00265535827520609
SRTP_A_M1_210412_ZMB	M1	ZMB	SRTP_M1_210412	Proteobacteria	269	50464	0.00533053265694356
SRTP_A_M1_210412_ZMB	M1	ZMB	SRTP_M1_210412	Synergistetes	0	50464	0
SRTP_A_M1_210412_ZMB	M1	ZMB	SRTP_M1_210412	Tenericutes	0	50464	0
SRTP_A_M1_210415_ZHMW	M1	ZHMW	SRTP_M1_210415	Actinobacteria	19	58738	0.000323470325853791
SRTP_A_M1_210415_ZHMW	M1	ZHMW	SRTP_M1_210415	Bacteroidetes	5268	58738	0.0896864040314618
SRTP_A_M1_210415_ZHMW	M1	ZHMW	SRTP_M1_210415	Cyanobacteria	0	58738	0
SRTP_A_M1_210415_ZHMW	M1	ZHMW	SRTP_M1_210415	Deferribacteres	0	58738	0
SRTP_A_M1_210415_ZHMW	M1	ZHMW	SRTP_M1_210415	Firmicutes	46728	58738	0.795532704552419
SRTP_A_M1_210415_ZHMW	M1	ZHMW	SRTP_M1_210415	Fusobacteria	5977	58738	0.101756954612006
SRTP_A_M1_210415_ZHMW	M1	ZHMW	SRTP_M1_210415	Proteobacteria	746	58738	0.0127004664782594
SRTP_A_M1_210415_ZHMW	M1	ZHMW	SRTP_M1_210415	Synergistetes	0	58738	0
SRTP_A_M1_210415_ZHMW	M1	ZHMW	SRTP_M1_210415	Tenericutes	0	58738	0
SRTP_A_M1_210415_ZMB	M1	ZMB	SRTP_M1_210415	Actinobacteria	83	57468	0.0014442820352196
SRTP_A_M1_210415_ZMB	M1	ZMB	SRTP_M1_210415	Bacteroidetes	1489	57468	0.0259100716920721
SRTP_A_M1_210415_ZMB	M1	ZMB	SRTP_M1_210415	Cyanobacteria	0	57468	0
SRTP_A_M1_210415_ZMB	M1	ZMB	SRTP_M1_210415	Deferribacteres	0	57468	0
SRTP_A_M1_210415_ZMB	M1	ZMB	SRTP_M1_210415	Firmicutes	54031	57468	0.940192802951208
SRTP_A_M1_210415_ZMB	M1	ZMB	SRTP_M1_210415	Fusobacteria	1618	57468	0.0281547991925941
SRTP_A_M1_210415_ZMB	M1	ZMB	SRTP_M1_210415	Proteobacteria	247	57468	0.00429804412890652
SRTP_A_M1_210415_ZMB	M1	ZMB	SRTP_M1_210415	Synergistetes	0	57468	0
SRTP_A_M1_210415_ZMB	M1	ZMB	SRTP_M1_210415	Tenericutes	0	57468	0
SRTP_A_M1_210705_ZHMW	M1	ZHMW	SRTP_M1_210705	Actinobacteria	0	72674	0
SRTP_A_M1_210705_ZHMW	M1	ZHMW	SRTP_M1_210705	Bacteroidetes	12489	72674	0.171849629853868
SRTP_A_M1_210705_ZHMW	M1	ZHMW	SRTP_M1_210705	Cyanobacteria	0	72674	0
SRTP_A_M1_210705_ZHMW	M1	ZHMW	SRTP_M1_210705	Deferribacteres	0	72674	0
SRTP_A_M1_210705_ZHMW	M1	ZHMW	SRTP_M1_210705	Firmicutes	49548	72674	0.681784407078185
SRTP_A_M1_210705_ZHMW	M1	ZHMW	SRTP_M1_210705	Fusobacteria	8499	72674	0.116946913614222
SRTP_A_M1_210705_ZHMW	M1	ZHMW	SRTP_M1_210705	Proteobacteria	2138	72674	0.0294190494537249
SRTP_A_M1_210705_ZHMW	M1	ZHMW	SRTP_M1_210705	Synergistetes	0	72674	0
SRTP_A_M1_210705_ZHMW	M1	ZHMW	SRTP_M1_210705	Tenericutes	0	72674	0
SRTP_A_M1_210705_ZMB	M1	ZMB	SRTP_M1_210705	Actinobacteria	580	122877	0.00472016732179334
SRTP_A_M1_210705_ZMB	M1	ZMB	SRTP_M1_210705	Bacteroidetes	7022	122877	0.0571465774717807
SRTP_A_M1_210705_ZMB	M1	ZMB	SRTP_M1_210705	Cyanobacteria	0	122877	0
SRTP_A_M1_210705_ZMB	M1	ZMB	SRTP_M1_210705	Deferribacteres	0	122877	0
SRTP_A_M1_210705_ZMB	M1	ZMB	SRTP_M1_210705	Firmicutes	107510	122877	0.874939980631038
SRTP_A_M1_210705_ZMB	M1	ZMB	SRTP_M1_210705	Fusobacteria	6909	122877	0.0562269586659831
SRTP_A_M1_210705_ZMB	M1	ZMB	SRTP_M1_210705	Proteobacteria	856	122877	0.00696631590940534
SRTP_A_M1_210705_ZMB	M1	ZMB	SRTP_M1_210705	Synergistetes	0	122877	0
SRTP_A_M1_210705_ZMB	M1	ZMB	SRTP_M1_210705	Tenericutes	0	122877	0
SRTP_A_M1_210903_ZHMW	M1	ZHMW	SRTP_M1_210903	Actinobacteria	11	115670	9.50981239733725e-05
SRTP_A_M1_210903_ZHMW	M1	ZHMW	SRTP_M1_210903	Bacteroidetes	3705	115670	0.0320307772110314
SRTP_A_M1_210903_ZHMW	M1	ZHMW	SRTP_M1_210903	Cyanobacteria	0	115670	0
SRTP_A_M1_210903_ZHMW	M1	ZHMW	SRTP_M1_210903	Deferribacteres	0	115670	0
SRTP_A_M1_210903_ZHMW	M1	ZHMW	SRTP_M1_210903	Firmicutes	102782	115670	0.888579579839198
SRTP_A_M1_210903_ZHMW	M1	ZHMW	SRTP_M1_210903	Fusobacteria	8418	115670	0.0727760006916227
SRTP_A_M1_210903_ZHMW	M1	ZHMW	SRTP_M1_210903	Proteobacteria	754	115670	0.00651854413417481
SRTP_A_M1_210903_ZHMW	M1	ZHMW	SRTP_M1_210903	Synergistetes	0	115670	0
SRTP_A_M1_210903_ZHMW	M1	ZHMW	SRTP_M1_210903	Tenericutes	0	115670	0
SRTP_A_M1_210903_ZMB	M1	ZMB	SRTP_M1_210903	Actinobacteria	43	62420	0.00068888176866389
SRTP_A_M1_210903_ZMB	M1	ZMB	SRTP_M1_210903	Bacteroidetes	727	62420	0.0116469080422941
SRTP_A_M1_210903_ZMB	M1	ZMB	SRTP_M1_210903	Cyanobacteria	0	62420	0
SRTP_A_M1_210903_ZMB	M1	ZMB	SRTP_M1_210903	Deferribacteres	0	62420	0
SRTP_A_M1_210903_ZMB	M1	ZMB	SRTP_M1_210903	Firmicutes	59869	62420	0.959131688561359
SRTP_A_M1_210903_ZMB	M1	ZMB	SRTP_M1_210903	Fusobacteria	1696	62420	0.0271707785966037
SRTP_A_M1_210903_ZMB	M1	ZMB	SRTP_M1_210903	Proteobacteria	85	62420	0.00136174303107978
SRTP_A_M1_210903_ZMB	M1	ZMB	SRTP_M1_210903	Synergistetes	0	62420	0
SRTP_A_M1_210903_ZMB	M1	ZMB	SRTP_M1_210903	Tenericutes	0	62420	0
SRTP_A_M2_210317_ZHMW	M2	ZHMW	SRTP_M2_210317	Actinobacteria	148	28632	0.00516904163174071
SRTP_A_M2_210317_ZHMW	M2	ZHMW	SRTP_M2_210317	Bacteroidetes	1012	28632	0.0353450684548757
SRTP_A_M2_210317_ZHMW	M2	ZHMW	SRTP_M2_210317	Cyanobacteria	0	28632	0
SRTP_A_M2_210317_ZHMW	M2	ZHMW	SRTP_M2_210317	Deferribacteres	12	28632	0.000419111483654652
SRTP_A_M2_210317_ZHMW	M2	ZHMW	SRTP_M2_210317	Firmicutes	22631	28632	0.790409332215703
SRTP_A_M2_210317_ZHMW	M2	ZHMW	SRTP_M2_210317	Fusobacteria	2291	28632	0.0800153674210673
SRTP_A_M2_210317_ZHMW	M2	ZHMW	SRTP_M2_210317	Proteobacteria	2538	28632	0.0886420787929589
SRTP_A_M2_210317_ZHMW	M2	ZHMW	SRTP_M2_210317	Synergistetes	0	28632	0
SRTP_A_M2_210317_ZHMW	M2	ZHMW	SRTP_M2_210317	Tenericutes	0	28632	0
SRTP_A_M2_210317_ZMB	M2	ZMB	SRTP_M2_210317	Actinobacteria	438	51798	0.00845592493918684
SRTP_A_M2_210317_ZMB	M2	ZMB	SRTP_M2_210317	Bacteroidetes	101	51798	0.00194988223483532
SRTP_A_M2_210317_ZMB	M2	ZMB	SRTP_M2_210317	Cyanobacteria	0	51798	0
SRTP_A_M2_210317_ZMB	M2	ZMB	SRTP_M2_210317	Deferribacteres	0	51798	0
SRTP_A_M2_210317_ZMB	M2	ZMB	SRTP_M2_210317	Firmicutes	49627	51798	0.958087184833391
SRTP_A_M2_210317_ZMB	M2	ZMB	SRTP_M2_210317	Fusobacteria	241	51798	0.0046526892930229
SRTP_A_M2_210317_ZMB	M2	ZMB	SRTP_M2_210317	Proteobacteria	1391	51798	0.0268543186995637
SRTP_A_M2_210317_ZMB	M2	ZMB	SRTP_M2_210317	Synergistetes	0	51798	0
SRTP_A_M2_210317_ZMB	M2	ZMB	SRTP_M2_210317	Tenericutes	0	51798	0
SRTP_A_M2_210330_ZHMW	M2	ZHMW	SRTP_M2_210330	Actinobacteria	176	46033	0.00382334412269459
SRTP_A_M2_210330_ZHMW	M2	ZHMW	SRTP_M2_210330	Bacteroidetes	2667	46033	0.057936697586514
SRTP_A_M2_210330_ZHMW	M2	ZHMW	SRTP_M2_210330	Cyanobacteria	0	46033	0
SRTP_A_M2_210330_ZHMW	M2	ZHMW	SRTP_M2_210330	Deferribacteres	0	46033	0
SRTP_A_M2_210330_ZHMW	M2	ZHMW	SRTP_M2_210330	Firmicutes	24484	46033	0.531879303977581
SRTP_A_M2_210330_ZHMW	M2	ZHMW	SRTP_M2_210330	Fusobacteria	17651	46033	0.383442313123194
SRTP_A_M2_210330_ZHMW	M2	ZHMW	SRTP_M2_210330	Proteobacteria	1055	46033	0.0229183411900159
SRTP_A_M2_210330_ZHMW	M2	ZHMW	SRTP_M2_210330	Synergistetes	0	46033	0
SRTP_A_M2_210330_ZHMW	M2	ZHMW	SRTP_M2_210330	Tenericutes	0	46033	0
SRTP_A_M2_210330_ZMB	M2	ZMB	SRTP_M2_210330	Actinobacteria	291	40279	0.00722460835671193
SRTP_A_M2_210330_ZMB	M2	ZMB	SRTP_M2_210330	Bacteroidetes	11	40279	0.000273095161250279
SRTP_A_M2_210330_ZMB	M2	ZMB	SRTP_M2_210330	Cyanobacteria	260	40279	0.00645497653864297
SRTP_A_M2_210330_ZMB	M2	ZMB	SRTP_M2_210330	Deferribacteres	0	40279	0
SRTP_A_M2_210330_ZMB	M2	ZMB	SRTP_M2_210330	Firmicutes	39695	40279	0.985501129620894
SRTP_A_M2_210330_ZMB	M2	ZMB	SRTP_M2_210330	Fusobacteria	12	40279	0.000297921994091214
SRTP_A_M2_210330_ZMB	M2	ZMB	SRTP_M2_210330	Proteobacteria	10	40279	0.000248268328409345
SRTP_A_M2_210330_ZMB	M2	ZMB	SRTP_M2_210330	Synergistetes	0	40279	0
SRTP_A_M2_210330_ZMB	M2	ZMB	SRTP_M2_210330	Tenericutes	0	40279	0
SRTP_A_M2_210415_ZHMW	M2	ZHMW	SRTP_M2_210415	Actinobacteria	41	37116	0.00110464489707943
SRTP_A_M2_210415_ZHMW	M2	ZHMW	SRTP_M2_210415	Bacteroidetes	1774	37116	0.0477960987175342
SRTP_A_M2_210415_ZHMW	M2	ZHMW	SRTP_M2_210415	Cyanobacteria	0	37116	0
SRTP_A_M2_210415_ZHMW	M2	ZHMW	SRTP_M2_210415	Deferribacteres	0	37116	0
SRTP_A_M2_210415_ZHMW	M2	ZHMW	SRTP_M2_210415	Firmicutes	26810	37116	0.722329992456084
SRTP_A_M2_210415_ZHMW	M2	ZHMW	SRTP_M2_210415	Fusobacteria	8208	37116	0.221144519883608
SRTP_A_M2_210415_ZHMW	M2	ZHMW	SRTP_M2_210415	Proteobacteria	263	37116	0.00708589287638754
SRTP_A_M2_210415_ZHMW	M2	ZHMW	SRTP_M2_210415	Synergistetes	0	37116	0
SRTP_A_M2_210415_ZHMW	M2	ZHMW	SRTP_M2_210415	Tenericutes	20	37116	0.000538851169307037
SRTP_A_M2_210415_ZMB	M2	ZMB	SRTP_M2_210415	Actinobacteria	1737	119462	0.014540188511828
SRTP_A_M2_210415_ZMB	M2	ZMB	SRTP_M2_210415	Bacteroidetes	126	119462	0.00105472870033986
SRTP_A_M2_210415_ZMB	M2	ZMB	SRTP_M2_210415	Cyanobacteria	0	119462	0
SRTP_A_M2_210415_ZMB	M2	ZMB	SRTP_M2_210415	Deferribacteres	0	119462	0
SRTP_A_M2_210415_ZMB	M2	ZMB	SRTP_M2_210415	Firmicutes	116866	119462	0.978269240427919
SRTP_A_M2_210415_ZMB	M2	ZMB	SRTP_M2_210415	Fusobacteria	231	119462	0.0019336692839564
SRTP_A_M2_210415_ZMB	M2	ZMB	SRTP_M2_210415	Proteobacteria	502	119462	0.00420217307595721
SRTP_A_M2_210415_ZMB	M2	ZMB	SRTP_M2_210415	Synergistetes	0	119462	0
SRTP_A_M2_210415_ZMB	M2	ZMB	SRTP_M2_210415	Tenericutes	0	119462	0
SRTP_A_M2_210704_ZHMW	M2	ZHMW	SRTP_M2_210704	Actinobacteria	25	30308	0.000824864722185562
SRTP_A_M2_210704_ZHMW	M2	ZHMW	SRTP_M2_210704	Bacteroidetes	2377	30308	0.0784281377854032
SRTP_A_M2_210704_ZHMW	M2	ZHMW	SRTP_M2_210704	Cyanobacteria	0	30308	0
SRTP_A_M2_210704_ZHMW	M2	ZHMW	SRTP_M2_210704	Deferribacteres	10	30308	0.000329945888874225
SRTP_A_M2_210704_ZHMW	M2	ZHMW	SRTP_M2_210704	Firmicutes	22889	30308	0.755213145044213
SRTP_A_M2_210704_ZHMW	M2	ZHMW	SRTP_M2_210704	Fusobacteria	2909	30308	0.0959812590735119
SRTP_A_M2_210704_ZHMW	M2	ZHMW	SRTP_M2_210704	Proteobacteria	2098	30308	0.0692226474858123
SRTP_A_M2_210704_ZHMW	M2	ZHMW	SRTP_M2_210704	Synergistetes	0	30308	0
SRTP_A_M2_210704_ZHMW	M2	ZHMW	SRTP_M2_210704	Tenericutes	0	30308	0
SRTP_A_M2_210704_ZMB	M2	ZMB	SRTP_M2_210704	Actinobacteria	108	96564	0.00111842922828383
SRTP_A_M2_210704_ZMB	M2	ZMB	SRTP_M2_210704	Bacteroidetes	1083	96564	0.0112153597614018
SRTP_A_M2_210704_ZMB	M2	ZMB	SRTP_M2_210704	Cyanobacteria	0	96564	0
SRTP_A_M2_210704_ZMB	M2	ZMB	SRTP_M2_210704	Deferribacteres	16	96564	0.000165693219005012
SRTP_A_M2_210704_ZMB	M2	ZMB	SRTP_M2_210704	Firmicutes	92417	96564	0.957054388799138
SRTP_A_M2_210704_ZMB	M2	ZMB	SRTP_M2_210704	Fusobacteria	1283	96564	0.0132865249989644
SRTP_A_M2_210704_ZMB	M2	ZMB	SRTP_M2_210704	Proteobacteria	1657	96564	0.0171596039932066
SRTP_A_M2_210704_ZMB	M2	ZMB	SRTP_M2_210704	Synergistetes	0	96564	0
SRTP_A_M2_210704_ZMB	M2	ZMB	SRTP_M2_210704	Tenericutes	0	96564	0
SRTP_A_M2_210803_ZHMW	M2	ZHMW	SRTP_M2_210803	Actinobacteria	34	52272	0.000650443832262014
SRTP_A_M2_210803_ZHMW	M2	ZHMW	SRTP_M2_210803	Bacteroidetes	804	52272	0.0153810835629017
SRTP_A_M2_210803_ZHMW	M2	ZHMW	SRTP_M2_210803	Cyanobacteria	0	52272	0
SRTP_A_M2_210803_ZHMW	M2	ZHMW	SRTP_M2_210803	Deferribacteres	0	52272	0
SRTP_A_M2_210803_ZHMW	M2	ZHMW	SRTP_M2_210803	Firmicutes	50039	52272	0.957281144781145
SRTP_A_M2_210803_ZHMW	M2	ZHMW	SRTP_M2_210803	Fusobacteria	589	52272	0.011267982858892
SRTP_A_M2_210803_ZHMW	M2	ZHMW	SRTP_M2_210803	Proteobacteria	806	52272	0.0154193449647995
SRTP_A_M2_210803_ZHMW	M2	ZHMW	SRTP_M2_210803	Synergistetes	0	52272	0
SRTP_A_M2_210803_ZHMW	M2	ZHMW	SRTP_M2_210803	Tenericutes	0	52272	0
SRTP_A_M2_210803_ZMB	M2	ZMB	SRTP_M2_210803	Actinobacteria	179	53768	0.00332911769081982
SRTP_A_M2_210803_ZMB	M2	ZMB	SRTP_M2_210803	Bacteroidetes	1028	53768	0.0191191786936468
SRTP_A_M2_210803_ZMB	M2	ZMB	SRTP_M2_210803	Cyanobacteria	0	53768	0
SRTP_A_M2_210803_ZMB	M2	ZMB	SRTP_M2_210803	Deferribacteres	16	53768	0.000297574765659872
SRTP_A_M2_210803_ZMB	M2	ZMB	SRTP_M2_210803	Firmicutes	46879	53768	0.871875464960571
SRTP_A_M2_210803_ZMB	M2	ZMB	SRTP_M2_210803	Fusobacteria	2045	53768	0.0380337747359024
SRTP_A_M2_210803_ZMB	M2	ZMB	SRTP_M2_210803	Proteobacteria	3621	53768	0.0673448891533998
SRTP_A_M2_210803_ZMB	M2	ZMB	SRTP_M2_210803	Synergistetes	0	53768	0
SRTP_A_M2_210803_ZMB	M2	ZMB	SRTP_M2_210803	Tenericutes	0	53768	0
SRTP_A_M2_211203_ZHMW	M2	ZHMW	SRTP_M2_211203	Actinobacteria	42	66368	0.000632835101253616
SRTP_A_M2_211203_ZHMW	M2	ZHMW	SRTP_M2_211203	Bacteroidetes	3835	66368	0.0577838717454195
SRTP_A_M2_211203_ZHMW	M2	ZHMW	SRTP_M2_211203	Cyanobacteria	0	66368	0
SRTP_A_M2_211203_ZHMW	M2	ZHMW	SRTP_M2_211203	Deferribacteres	0	66368	0
SRTP_A_M2_211203_ZHMW	M2	ZHMW	SRTP_M2_211203	Firmicutes	42478	66368	0.640037367405979
SRTP_A_M2_211203_ZHMW	M2	ZHMW	SRTP_M2_211203	Fusobacteria	18814	66368	0.283479990356798
SRTP_A_M2_211203_ZHMW	M2	ZHMW	SRTP_M2_211203	Proteobacteria	1199	66368	0.0180659353905497
SRTP_A_M2_211203_ZHMW	M2	ZHMW	SRTP_M2_211203	Synergistetes	0	66368	0
SRTP_A_M2_211203_ZHMW	M2	ZHMW	SRTP_M2_211203	Tenericutes	0	66368	0
SRTP_A_M2_211203_ZMB	M2	ZMB	SRTP_M2_211203	Actinobacteria	183	49847	0.00367123397596646
SRTP_A_M2_211203_ZMB	M2	ZMB	SRTP_M2_211203	Bacteroidetes	691	49847	0.0138624190021466
SRTP_A_M2_211203_ZMB	M2	ZMB	SRTP_M2_211203	Cyanobacteria	0	49847	0
SRTP_A_M2_211203_ZMB	M2	ZMB	SRTP_M2_211203	Deferribacteres	0	49847	0
SRTP_A_M2_211203_ZMB	M2	ZMB	SRTP_M2_211203	Firmicutes	44727	49847	0.897285694224327
SRTP_A_M2_211203_ZMB	M2	ZMB	SRTP_M2_211203	Fusobacteria	3649	49847	0.0732040042530142
SRTP_A_M2_211203_ZMB	M2	ZMB	SRTP_M2_211203	Proteobacteria	597	49847	0.0119766485445463
SRTP_A_M2_211203_ZMB	M2	ZMB	SRTP_M2_211203	Synergistetes	0	49847	0
SRTP_A_M2_211203_ZMB	M2	ZMB	SRTP_M2_211203	Tenericutes	0	49847	0
SRTP_A_M3_210414_ZHMW	M3	ZHMW	SRTP_M3_210414	Actinobacteria	24	155714	0.000154128723171969
SRTP_A_M3_210414_ZHMW	M3	ZHMW	SRTP_M3_210414	Bacteroidetes	10449	155714	0.0671037928509961
SRTP_A_M3_210414_ZHMW	M3	ZHMW	SRTP_M3_210414	Cyanobacteria	0	155714	0
SRTP_A_M3_210414_ZHMW	M3	ZHMW	SRTP_M3_210414	Deferribacteres	10	155714	6.42203013216538e-05
SRTP_A_M3_210414_ZHMW	M3	ZHMW	SRTP_M3_210414	Firmicutes	91048	155714	0.584712999473394
SRTP_A_M3_210414_ZHMW	M3	ZHMW	SRTP_M3_210414	Fusobacteria	48425	155714	0.310986809150109
SRTP_A_M3_210414_ZHMW	M3	ZHMW	SRTP_M3_210414	Proteobacteria	5758	155714	0.0369780495010083
SRTP_A_M3_210414_ZHMW	M3	ZHMW	SRTP_M3_210414	Synergistetes	0	155714	0
SRTP_A_M3_210414_ZHMW	M3	ZHMW	SRTP_M3_210414	Tenericutes	0	155714	0
SRTP_A_M3_210414_ZMB	M3	ZMB	SRTP_M3_210414	Actinobacteria	94	56111	0.00167525084208088
SRTP_A_M3_210414_ZMB	M3	ZMB	SRTP_M3_210414	Bacteroidetes	1120	56111	0.0199604355652189
SRTP_A_M3_210414_ZMB	M3	ZMB	SRTP_M3_210414	Cyanobacteria	0	56111	0
SRTP_A_M3_210414_ZMB	M3	ZMB	SRTP_M3_210414	Deferribacteres	0	56111	0
SRTP_A_M3_210414_ZMB	M3	ZMB	SRTP_M3_210414	Firmicutes	51572	56111	0.919106770508457
SRTP_A_M3_210414_ZMB	M3	ZMB	SRTP_M3_210414	Fusobacteria	2754	56111	0.0490812853094759
SRTP_A_M3_210414_ZMB	M3	ZMB	SRTP_M3_210414	Proteobacteria	571	56111	0.0101762577747679
SRTP_A_M3_210414_ZMB	M3	ZMB	SRTP_M3_210414	Synergistetes	0	56111	0
SRTP_A_M3_210414_ZMB	M3	ZMB	SRTP_M3_210414	Tenericutes	0	56111	0
SRTP_A_M3_210903_ZHMW	M3	ZHMW	SRTP_M3_210903	Actinobacteria	13	24321	0.000534517495168784
SRTP_A_M3_210903_ZHMW	M3	ZHMW	SRTP_M3_210903	Bacteroidetes	244	24321	0.0100324822170141
SRTP_A_M3_210903_ZHMW	M3	ZHMW	SRTP_M3_210903	Cyanobacteria	0	24321	0
SRTP_A_M3_210903_ZHMW	M3	ZHMW	SRTP_M3_210903	Deferribacteres	0	24321	0
SRTP_A_M3_210903_ZHMW	M3	ZHMW	SRTP_M3_210903	Firmicutes	19815	24321	0.81472801282842
SRTP_A_M3_210903_ZHMW	M3	ZHMW	SRTP_M3_210903	Fusobacteria	497	24321	0.0204350150076066
SRTP_A_M3_210903_ZHMW	M3	ZHMW	SRTP_M3_210903	Proteobacteria	3752	24321	0.154269972451791
SRTP_A_M3_210903_ZHMW	M3	ZHMW	SRTP_M3_210903	Synergistetes	0	24321	0
SRTP_A_M3_210903_ZHMW	M3	ZHMW	SRTP_M3_210903	Tenericutes	0	24321	0
SRTP_A_M3_210903_ZMB	M3	ZMB	SRTP_M3_210903	Actinobacteria	289	50034	0.00577607227085582
SRTP_A_M3_210903_ZMB	M3	ZMB	SRTP_M3_210903	Bacteroidetes	142	50034	0.00283807011232362
SRTP_A_M3_210903_ZMB	M3	ZMB	SRTP_M3_210903	Cyanobacteria	0	50034	0
SRTP_A_M3_210903_ZMB	M3	ZMB	SRTP_M3_210903	Deferribacteres	0	50034	0
SRTP_A_M3_210903_ZMB	M3	ZMB	SRTP_M3_210903	Firmicutes	48988	50034	0.979094215933165
SRTP_A_M3_210903_ZMB	M3	ZMB	SRTP_M3_210903	Fusobacteria	71	50034	0.00141903505616181
SRTP_A_M3_210903_ZMB	M3	ZMB	SRTP_M3_210903	Proteobacteria	544	50034	0.0108726066274933
SRTP_A_M3_210903_ZMB	M3	ZMB	SRTP_M3_210903	Synergistetes	0	50034	0
SRTP_A_M3_210903_ZMB	M3	ZMB	SRTP_M3_210903	Tenericutes	0	50034	0
SRTP_A_M3_211203_ZHMW	M3	ZHMW	SRTP_M3_211203	Actinobacteria	10	107451	9.30656764478693e-05
SRTP_A_M3_211203_ZHMW	M3	ZHMW	SRTP_M3_211203	Bacteroidetes	6278	107451	0.0584266316739723
SRTP_A_M3_211203_ZHMW	M3	ZHMW	SRTP_M3_211203	Cyanobacteria	0	107451	0
SRTP_A_M3_211203_ZHMW	M3	ZHMW	SRTP_M3_211203	Deferribacteres	0	107451	0
SRTP_A_M3_211203_ZHMW	M3	ZHMW	SRTP_M3_211203	Firmicutes	78576	107451	0.731272859256778
SRTP_A_M3_211203_ZHMW	M3	ZHMW	SRTP_M3_211203	Fusobacteria	10135	107451	0.0943220630799155
SRTP_A_M3_211203_ZHMW	M3	ZHMW	SRTP_M3_211203	Proteobacteria	12452	107451	0.115885380312887
SRTP_A_M3_211203_ZHMW	M3	ZHMW	SRTP_M3_211203	Synergistetes	0	107451	0
SRTP_A_M3_211203_ZHMW	M3	ZHMW	SRTP_M3_211203	Tenericutes	0	107451	0
SRTP_A_M3_211203_ZMB	M3	ZMB	SRTP_M3_211203	Actinobacteria	266	46778	0.00568643379366369
SRTP_A_M3_211203_ZMB	M3	ZMB	SRTP_M3_211203	Bacteroidetes	632	46778	0.0135106246526145
SRTP_A_M3_211203_ZMB	M3	ZMB	SRTP_M3_211203	Cyanobacteria	0	46778	0
SRTP_A_M3_211203_ZMB	M3	ZMB	SRTP_M3_211203	Deferribacteres	0	46778	0
SRTP_A_M3_211203_ZMB	M3	ZMB	SRTP_M3_211203	Firmicutes	44903	46778	0.959917055025867
SRTP_A_M3_211203_ZMB	M3	ZMB	SRTP_M3_211203	Fusobacteria	867	46778	0.0185343537560392
SRTP_A_M3_211203_ZMB	M3	ZMB	SRTP_M3_211203	Proteobacteria	110	46778	0.00235153277181581
SRTP_A_M3_211203_ZMB	M3	ZMB	SRTP_M3_211203	Synergistetes	0	46778	0
SRTP_A_M3_211203_ZMB	M3	ZMB	SRTP_M3_211203	Tenericutes	0	46778	0
SRTP_A_M4_210317_ZHMW	M4	ZHMW	SRTP_M4_210317	Actinobacteria	136	32455	0.00419041750115545
SRTP_A_M4_210317_ZHMW	M4	ZHMW	SRTP_M4_210317	Bacteroidetes	2479	32455	0.0763826837159144
SRTP_A_M4_210317_ZHMW	M4	ZHMW	SRTP_M4_210317	Cyanobacteria	0	32455	0
SRTP_A_M4_210317_ZHMW	M4	ZHMW	SRTP_M4_210317	Deferribacteres	0	32455	0
SRTP_A_M4_210317_ZHMW	M4	ZHMW	SRTP_M4_210317	Firmicutes	27027	32455	0.832753042674472
SRTP_A_M4_210317_ZHMW	M4	ZHMW	SRTP_M4_210317	Fusobacteria	2752	32455	0.0847943306116161
SRTP_A_M4_210317_ZHMW	M4	ZHMW	SRTP_M4_210317	Proteobacteria	61	32455	0.00187952549684178
SRTP_A_M4_210317_ZHMW	M4	ZHMW	SRTP_M4_210317	Synergistetes	0	32455	0
SRTP_A_M4_210317_ZHMW	M4	ZHMW	SRTP_M4_210317	Tenericutes	0	32455	0
SRTP_A_M4_210317_ZMB	M4	ZMB	SRTP_M4_210317	Actinobacteria	504	50513	0.00997762952111338
SRTP_A_M4_210317_ZMB	M4	ZMB	SRTP_M4_210317	Bacteroidetes	173	50513	0.00342486092689011
SRTP_A_M4_210317_ZMB	M4	ZMB	SRTP_M4_210317	Cyanobacteria	0	50513	0
SRTP_A_M4_210317_ZMB	M4	ZMB	SRTP_M4_210317	Deferribacteres	0	50513	0
SRTP_A_M4_210317_ZMB	M4	ZMB	SRTP_M4_210317	Firmicutes	49160	50513	0.973214815987964
SRTP_A_M4_210317_ZMB	M4	ZMB	SRTP_M4_210317	Fusobacteria	58	50513	0.00114821927028686
SRTP_A_M4_210317_ZMB	M4	ZMB	SRTP_M4_210317	Proteobacteria	618	50513	0.0122344742937462
SRTP_A_M4_210317_ZMB	M4	ZMB	SRTP_M4_210317	Synergistetes	0	50513	0
SRTP_A_M4_210317_ZMB	M4	ZMB	SRTP_M4_210317	Tenericutes	0	50513	0
SRTP_A_M4_210401_ZHMW	M4	ZHMW	SRTP_M4_210401	Actinobacteria	0	28057	0
SRTP_A_M4_210401_ZHMW	M4	ZHMW	SRTP_M4_210401	Bacteroidetes	3443	28057	0.122714474106284
SRTP_A_M4_210401_ZHMW	M4	ZHMW	SRTP_M4_210401	Cyanobacteria	0	28057	0
SRTP_A_M4_210401_ZHMW	M4	ZHMW	SRTP_M4_210401	Deferribacteres	0	28057	0
SRTP_A_M4_210401_ZHMW	M4	ZHMW	SRTP_M4_210401	Firmicutes	18169	28057	0.647574580318637
SRTP_A_M4_210401_ZHMW	M4	ZHMW	SRTP_M4_210401	Fusobacteria	5968	28057	0.21270984068147
SRTP_A_M4_210401_ZHMW	M4	ZHMW	SRTP_M4_210401	Proteobacteria	477	28057	0.0170011048936094
SRTP_A_M4_210401_ZHMW	M4	ZHMW	SRTP_M4_210401	Synergistetes	0	28057	0
SRTP_A_M4_210401_ZHMW	M4	ZHMW	SRTP_M4_210401	Tenericutes	0	28057	0
SRTP_A_M4_210401_ZMB	M4	ZMB	SRTP_M4_210401	Actinobacteria	209	51007	0.00409747681690748
SRTP_A_M4_210401_ZMB	M4	ZMB	SRTP_M4_210401	Bacteroidetes	1178	51007	0.0230948693316604
SRTP_A_M4_210401_ZMB	M4	ZMB	SRTP_M4_210401	Cyanobacteria	0	51007	0
SRTP_A_M4_210401_ZMB	M4	ZMB	SRTP_M4_210401	Deferribacteres	0	51007	0
SRTP_A_M4_210401_ZMB	M4	ZMB	SRTP_M4_210401	Firmicutes	47799	51007	0.937106671633305
SRTP_A_M4_210401_ZMB	M4	ZMB	SRTP_M4_210401	Fusobacteria	1665	51007	0.0326425784696218
SRTP_A_M4_210401_ZMB	M4	ZMB	SRTP_M4_210401	Proteobacteria	156	51007	0.00305840374850511
SRTP_A_M4_210401_ZMB	M4	ZMB	SRTP_M4_210401	Synergistetes	0	51007	0
SRTP_A_M4_210401_ZMB	M4	ZMB	SRTP_M4_210401	Tenericutes	0	51007	0
SRTP_A_M4_210704_ZHMW	M4	ZHMW	SRTP_M4_210704	Actinobacteria	16	24173	0.000661895503247425
SRTP_A_M4_210704_ZHMW	M4	ZHMW	SRTP_M4_210704	Bacteroidetes	6049	24173	0.25023786869648
SRTP_A_M4_210704_ZHMW	M4	ZHMW	SRTP_M4_210704	Cyanobacteria	0	24173	0
SRTP_A_M4_210704_ZHMW	M4	ZHMW	SRTP_M4_210704	Deferribacteres	0	24173	0
SRTP_A_M4_210704_ZHMW	M4	ZHMW	SRTP_M4_210704	Firmicutes	6197	24173	0.256360402101518
SRTP_A_M4_210704_ZHMW	M4	ZHMW	SRTP_M4_210704	Fusobacteria	11537	24173	0.477268026310346
SRTP_A_M4_210704_ZHMW	M4	ZHMW	SRTP_M4_210704	Proteobacteria	374	24173	0.0154718073884086
SRTP_A_M4_210704_ZHMW	M4	ZHMW	SRTP_M4_210704	Synergistetes	0	24173	0
SRTP_A_M4_210704_ZHMW	M4	ZHMW	SRTP_M4_210704	Tenericutes	0	24173	0
SRTP_A_M4_210704_ZMB	M4	ZMB	SRTP_M4_210704	Actinobacteria	127	118682	0.00107008644950372
SRTP_A_M4_210704_ZMB	M4	ZMB	SRTP_M4_210704	Bacteroidetes	2265	118682	0.0190846126624088
SRTP_A_M4_210704_ZMB	M4	ZMB	SRTP_M4_210704	Cyanobacteria	0	118682	0
SRTP_A_M4_210704_ZMB	M4	ZMB	SRTP_M4_210704	Deferribacteres	0	118682	0
SRTP_A_M4_210704_ZMB	M4	ZMB	SRTP_M4_210704	Firmicutes	111780	118682	0.941844593114373
SRTP_A_M4_210704_ZMB	M4	ZMB	SRTP_M4_210704	Fusobacteria	4373	118682	0.0368463625486594
SRTP_A_M4_210704_ZMB	M4	ZMB	SRTP_M4_210704	Proteobacteria	137	118682	0.00115434522505519
SRTP_A_M4_210704_ZMB	M4	ZMB	SRTP_M4_210704	Synergistetes	0	118682	0
SRTP_A_M4_210704_ZMB	M4	ZMB	SRTP_M4_210704	Tenericutes	0	118682	0
SRTP_A_M4_210803_ZHMW	M4	ZHMW	SRTP_M4_210803	Actinobacteria	0	49291	0
SRTP_A_M4_210803_ZHMW	M4	ZHMW	SRTP_M4_210803	Bacteroidetes	6440	49291	0.130652654642835
SRTP_A_M4_210803_ZHMW	M4	ZHMW	SRTP_M4_210803	Cyanobacteria	0	49291	0
SRTP_A_M4_210803_ZHMW	M4	ZHMW	SRTP_M4_210803	Deferribacteres	0	49291	0
SRTP_A_M4_210803_ZHMW	M4	ZHMW	SRTP_M4_210803	Firmicutes	32406	49291	0.657442535148404
SRTP_A_M4_210803_ZHMW	M4	ZHMW	SRTP_M4_210803	Fusobacteria	10216	49291	0.207258931650808
SRTP_A_M4_210803_ZHMW	M4	ZHMW	SRTP_M4_210803	Proteobacteria	229	49291	0.00464587855795176
SRTP_A_M4_210803_ZHMW	M4	ZHMW	SRTP_M4_210803	Synergistetes	0	49291	0
SRTP_A_M4_210803_ZHMW	M4	ZHMW	SRTP_M4_210803	Tenericutes	0	49291	0
SRTP_A_M4_210803_ZMB	M4	ZMB	SRTP_M4_210803	Actinobacteria	169	61381	0.00275329499356478
SRTP_A_M4_210803_ZMB	M4	ZMB	SRTP_M4_210803	Bacteroidetes	4773	61381	0.0777602189602646
SRTP_A_M4_210803_ZMB	M4	ZMB	SRTP_M4_210803	Cyanobacteria	0	61381	0
SRTP_A_M4_210803_ZMB	M4	ZMB	SRTP_M4_210803	Deferribacteres	0	61381	0
SRTP_A_M4_210803_ZMB	M4	ZMB	SRTP_M4_210803	Firmicutes	46872	61381	0.76362392271224
SRTP_A_M4_210803_ZMB	M4	ZMB	SRTP_M4_210803	Fusobacteria	9039	61381	0.147260552939835
SRTP_A_M4_210803_ZMB	M4	ZMB	SRTP_M4_210803	Proteobacteria	494	61381	0.00804809305811244
SRTP_A_M4_210803_ZMB	M4	ZMB	SRTP_M4_210803	Synergistetes	0	61381	0
SRTP_A_M4_210803_ZMB	M4	ZMB	SRTP_M4_210803	Tenericutes	34	61381	0.000553917335983448
