sample	biosample	DNA_isolation_method	project	sample_accession	secondary_sample_accession	Sex	Date	Sample_name	Dog	Read count
SRTP_A_M1_210317_ZHMW	ERR13927413	ZHMW	PRJEB82097	SAMEA116348872	ERS21409549	M	210317	M1_210317	M1	60579
SRTP_A_M1_210317_ZMB	ERR13927414	ZMB	PRJEB82097	SAMEA116348873	ERS21409550	M	210317	M1_210317	M1	103129
SRTP_A_M1_210412_ZHMW	ERR13927415	ZHMW	PRJEB82097	SAMEA116348874	ERS21409551	M	210412	M1_210412	M1	175244
SRTP_A_M1_210412_ZMB	ERR13927416	ZMB	PRJEB82097	SAMEA116348875	ERS21409552	M	210412	M1_210412	M1	51410
SRTP_A_M1_210415_ZHMW	ERR13927418	ZHMW	PRJEB82097	SAMEA116348876	ERS21409553	M	210415	M1_210415	M1	77937
SRTP_A_M1_210415_ZMB	ERR13927419	ZMB	PRJEB82097	SAMEA116348877	ERS21409554	M	210415	M1_210415	M1	62302
SRTP_A_M1_210705_ZHMW	ERR13927420	ZHMW	PRJEB82097	SAMEA116348878	ERS21409555	M	210705	M1_210705	M1	92530
SRTP_A_M1_210705_ZMB	ERR13927421	ZMB	PRJEB82097	SAMEA116348879	ERS21409556	M	210705	M1_210705	M1	136628
SRTP_A_M1_210903_ZHMW	ERR13927423	ZHMW	PRJEB82097	SAMEA116348881	ERS21409558	M	210903	M1_210903	M1	116742
SRTP_A_M1_210903_ZMB	ERR13927424	ZMB	PRJEB82097	SAMEA116348882	ERS21409559	M	210903	M1_210903	M1	62622
SRTP_A_F1_210317_ZHMW	ERR13926669	ZHMW	PRJEB82097	SAMEA116348888	ERS21409565	F	210317	F1_210317	F1	67692
SRTP_A_F1_210317_ZMB	ERR13926672	ZMB	PRJEB82097	SAMEA116348889	ERS21409566	F	210317	F1_210317	F1	97297
SRTP_A_F1_210330_ZHMW	ERR13926673	ZHMW	PRJEB82097	SAMEA116348890	ERS21409567	F	210330	F1_210330	F1	123820
SRTP_A_F1_210330_ZMB	ERR13926674	ZMB	PRJEB82097	SAMEA116348891	ERS21409568	F	210330	F1_210330	F1	53261
SRTP_A_F1_210415_ZHMW	ERR13926677	ZHMW	PRJEB82097	SAMEA116348892	ERS21409569	F	210415	F1_210415	F1	103053
SRTP_A_F1_210415_ZMB	ERR13926678	ZMB	PRJEB82097	SAMEA116348893	ERS21409570	F	210415	F1_210415	F1	66759
SRTP_A_F1_210705_ZHMW	ERR13926681	ZHMW	PRJEB82097	SAMEA116348895	ERS21409572	F	210705	F1_210705	F1	40346
SRTP_A_F1_210705_ZMB	ERR13926682	ZMB	PRJEB82097	SAMEA116348896	ERS21409573	F	210705	F1_210705	F1	99080
SRTP_A_F1_210903_ZHMW	ERR13926688	ZHMW	PRJEB82097	SAMEA116348899	ERS21409576	F	210903	F1_210903	F1	70212
SRTP_A_F1_210903_ZMB	ERR13926690	ZMB	PRJEB82097	SAMEA116348900	ERS21409577	F	210903	F1_210903	F1	64480
SRTP_A_F1_211203_ZHMW	ERR13926705	ZHMW	PRJEB82097	SAMEA116348904	ERS21409581	F	211203	F1_211203	F1	31756
SRTP_A_F1_211203_ZMB	ERR13926708	ZMB	PRJEB82097	SAMEA116348905	ERS21409582	F	211203	F1_211203	F1	55190
SRTP_A_F2_210316_ZHMW	ERR13927192	ZHMW	PRJEB82097	SAMEA116348907	ERS21409584	F	210316	F2_210316	F2	67907
SRTP_A_F2_210316_ZMB	ERR13927194	ZMB	PRJEB82097	SAMEA116348908	ERS21409585	F	210316	F2_210316	F2	107528
SRTP_A_F2_210401_ZHMW	ERR13927195	ZHMW	PRJEB82097	SAMEA116348909	ERS21409586	F	210401	F2_210401	F2	37067
SRTP_A_F2_210401_ZMB	ERR13927196	ZMB	PRJEB82097	SAMEA116348910	ERS21409587	F	210401	F2_210401	F2	40535
SRTP_A_F2_210413_ZHMW	ERR13927197	ZHMW	PRJEB82097	SAMEA116348911	ERS21409588	F	210413	F2_210413	F2	65379
SRTP_A_F2_210413_ZMB	ERR13927199	ZMB	PRJEB82097	SAMEA116348912	ERS21409589	F	210413	F2_210413	F2	50853
SRTP_A_F2_210705_ZHMW	ERR13927209	ZHMW	PRJEB82097	SAMEA116348915	ERS21409592	F	210705	F2_210705	F2	42808
SRTP_A_F2_210705_ZMB	ERR13927211	ZMB	PRJEB82097	SAMEA116348916	ERS21409593	F	210705	F2_210705	F2	95265
SRTP_A_M4_210317_ZHMW	ERR13927572	ZHMW	PRJEB82097	SAMEA116348926	ERS21409603	M	210317	M4_210317	M4	32503
SRTP_A_M4_210317_ZMB	ERR13927573	ZMB	PRJEB82097	SAMEA116348927	ERS21409604	M	210317	M4_210317	M4	50560
SRTP_A_M4_210401_ZHMW	ERR13927574	ZHMW	PRJEB82097	SAMEA116348928	ERS21409605	M	210401	M4_210401	M4	28281
SRTP_A_M4_210401_ZMB	ERR13927575	ZMB	PRJEB82097	SAMEA116348929	ERS21409606	M	210401	M4_210401	M4	51099
SRTP_A_M4_210704_ZHMW	ERR13927576	ZHMW	PRJEB82097	SAMEA116348930	ERS21409607	M	210704	M4_210704	M4	24370
SRTP_A_M4_210704_ZMB	ERR13927577	ZMB	PRJEB82097	SAMEA116348931	ERS21409608	M	210704	M4_210704	M4	118846
SRTP_A_M4_210803_ZHMW	ERR13927579	ZHMW	PRJEB82097	SAMEA116348932	ERS21409609	M	210803	M4_210803	M4	49550
SRTP_A_M4_210803_ZMB	ERR13927580	ZMB	PRJEB82097	SAMEA116348933	ERS21409610	M	210803	M4_210803	M4	61809
SRTP_A_M2_210317_ZHMW	ERR13927437	ZHMW	PRJEB82097	SAMEA116348942	ERS21409619	M	210317	M2_210317	M2	33960
SRTP_A_M2_210317_ZMB	ERR13927439	ZMB	PRJEB82097	SAMEA116348943	ERS21409620	M	210317	M2_210317	M2	52511
SRTP_A_M2_210330_ZHMW	ERR13927441	ZHMW	PRJEB82097	SAMEA116348944	ERS21409621	M	210330	M2_210330	M2	46080
SRTP_A_M2_210330_ZMB	ERR13927442	ZMB	PRJEB82097	SAMEA116348945	ERS21409622	M	210330	M2_210330	M2	40358
SRTP_A_M2_210415_ZHMW	ERR13927443	ZHMW	PRJEB82097	SAMEA116348946	ERS21409623	M	210415	M2_210415	M2	37630
SRTP_A_M2_210415_ZMB	ERR13927444	ZMB	PRJEB82097	SAMEA116348947	ERS21409624	M	210415	M2_210415	M2	120688
SRTP_A_M2_210704_ZHMW	ERR13927445	ZHMW	PRJEB82097	SAMEA116348948	ERS21409625	M	210704	M2_210704	M2	40675
SRTP_A_M2_210704_ZMB	ERR13927447	ZMB	PRJEB82097	SAMEA116348949	ERS21409626	M	210704	M2_210704	M2	100863
SRTP_A_M2_210803_ZHMW	ERR13927466	ZHMW	PRJEB82097	SAMEA116348951	ERS21409628	M	210803	M2_210803	M2	55023
SRTP_A_M2_210803_ZMB	ERR13927467	ZMB	PRJEB82097	SAMEA116348952	ERS21409629	M	210803	M2_210803	M2	57102
SRTP_A_M2_211203_ZHMW	ERR13927494	ZHMW	PRJEB82097	SAMEA116348958	ERS21409635	M	211203	M2_211203	M2	67395
SRTP_A_M2_211203_ZMB	ERR13927495	ZMB	PRJEB82097	SAMEA116348959	ERS21409636	M	211203	M2_211203	M2	50053
SRTP_A_F3_210317_ZHMW	ERR13927298	ZHMW	PRJEB82097	SAMEA116348964	ERS21409641	F	210317	F3_210317	F3	61883
SRTP_A_F3_210317_ZMB	ERR13927299	ZMB	PRJEB82097	SAMEA116348965	ERS21409642	F	210317	F3_210317	F3	94926
SRTP_A_F3_210401_ZHMW	ERR13927335	ZHMW	PRJEB82097	SAMEA116348968	ERS21409645	F	210401	F3_210401	F3	40409
SRTP_A_F3_210401_ZMB	ERR13927337	ZMB	PRJEB82097	SAMEA116348969	ERS21409646	F	210401	F3_210401	F3	42105
SRTP_A_F3_210413_ZHMW	ERR13927339	ZHMW	PRJEB82097	SAMEA116348970	ERS21409647	F	210413	F3_210413	F3	32070
SRTP_A_F3_210413_ZMB	ERR13927340	ZMB	PRJEB82097	SAMEA116348971	ERS21409648	F	210413	F3_210413	F3	66769
SRTP_A_F3_210704_ZHMW	ERR13927346	ZHMW	PRJEB82097	SAMEA116348973	ERS21409650	F	210704	F3_210704	F3	132552
SRTP_A_F3_210704_ZMB	ERR13927348	ZMB	PRJEB82097	SAMEA116348974	ERS21409651	F	210704	F3_210704	F3	116984
SRTP_A_F3_210803_ZHMW	ERR13927355	ZHMW	PRJEB82097	SAMEA116348976	ERS21409653	F	210803	F3_210803	F3	111529
SRTP_A_F3_210803_ZMB	ERR13927357	ZMB	PRJEB82097	SAMEA116348977	ERS21409654	F	210803	F3_210803	F3	63691
SRTP_A_F3_211003_ZHMW	ERR13927361	ZHMW	PRJEB82097	SAMEA116348978	ERS21409655	F	211003	F3_211003	F3	112393
SRTP_A_F3_211003_ZMB	ERR13927362	ZMB	PRJEB82097	SAMEA116348979	ERS21409656	F	211003	F3_211003	F3	60656
SRTP_A_F3_211203_ZHMW	ERR13927370	ZHMW	PRJEB82097	SAMEA116348982	ERS21409659	F	211203	F3_211203	F3	136981
SRTP_A_F3_211203_ZMB	ERR13927371	ZMB	PRJEB82097	SAMEA116348983	ERS21409660	F	211203	F3_211203	F3	56908
SRTP_A_M3_210414_ZHMW	ERR13927502	ZHMW	PRJEB82097	SAMEA116348987	ERS21409664	M	210414	M3_210414	M3	156597
SRTP_A_M3_210414_ZMB	ERR13927503	ZMB	PRJEB82097	SAMEA116348988	ERS21409665	M	210414	M3_210414	M3	56238
SRTP_A_M3_210903_ZHMW	ERR13927504	ZHMW	PRJEB82097	SAMEA116348989	ERS21409666	M	210903	M3_210903	M3	24404
SRTP_A_M3_210903_ZMB	ERR13927505	ZMB	PRJEB82097	SAMEA116348990	ERS21409667	M	210903	M3_210903	M3	50090
SRTP_A_M3_211203_ZHMW	ERR13927531	ZHMW	PRJEB82097	SAMEA116348993	ERS21409670	M	211203	M3_211203	M3	112462
SRTP_A_M3_211203_ZMB	ERR13927532	ZMB	PRJEB82097	SAMEA116348994	ERS21409671	M	211203	M3_211203	M3	47206
SRTP_A_F4_210317_ZHMW	ERR13927381	ZHMW	PRJEB82097	SAMEA116348997	ERS21409674	F	210317	F4_210317	F4	32963
SRTP_A_F4_210317_ZMB	ERR13927382	ZMB	PRJEB82097	SAMEA116348998	ERS21409675	F	210317	F4_210317	F4	41814
SRTP_A_F4_210330_ZHMW	ERR13927383	ZHMW	PRJEB82097	SAMEA116348999	ERS21409676	F	210330	F4_210330	F4	44552
SRTP_A_F4_210330_ZMB	ERR13927386	ZMB	PRJEB82097	SAMEA116349000	ERS21409677	F	210330	F4_210330	F4	43774
SRTP_A_F4_210413_ZHMW	ERR13927388	ZHMW	PRJEB82097	SAMEA116349001	ERS21409678	F	210413	F4_210413	F4	163624
SRTP_A_F4_210413_ZMB	ERR13927389	ZMB	PRJEB82097	SAMEA116349002	ERS21409679	F	210413	F4_210413	F4	63410
SRTP_A_F4_210704_ZHMW	ERR13927390	ZHMW	PRJEB82097	SAMEA116349003	ERS21409680	F	210704	F4_210704	F4	33949
SRTP_A_F4_210704_ZMB	ERR13927392	ZMB	PRJEB82097	SAMEA116349004	ERS21409681	F	210704	F4_210704	F4	121264
SRTP_A_F4_211203_ZHMW	ERR13927406	ZHMW	PRJEB82097	SAMEA116349010	ERS21409687	F	211203	F4_211203	F4	69401
SRTP_A_F4_211203_ZMB	ERR13927407	ZMB	PRJEB82097	SAMEA116349011	ERS21409688	F	211203	F4_211203	F4	51059
