sample	DNA_isolation_method	n_reads	total_bases	mean_len	median_len	n50_len	max_len	min_len	mean_Q	median_Q
SRTP_A_M1_210317_ZHMW	ZHMW	60579	93584894	1544.8405222932	1566	1567	4766	137	19.4781176232688	19.6602
SRTP_A_M1_210317_ZMB	ZMB	103129	158049203	1532.53888818858	1564	1566	4766	110	18.2345043120752	18.2834
SRTP_A_M1_210412_ZHMW	ZHMW	175244	271392442	1548.65468717902	1576	1577	4745	123	18.6201145094839	18.7308
SRTP_A_M1_210412_ZMB	ZMB	51410	79419220	1544.82046294495	1577	1579	6018	140	19.1297574499125	19.19345
SRTP_A_M1_210415_ZHMW	ZHMW	77937	121460359	1558.442832031	1583	1584	6757	113	18.9404337503368	18.9994
SRTP_A_M1_210415_ZMB	ZMB	62302	96701544	1552.14188950596	1578	1580	4820	115	19.8027447545825	19.97545
SRTP_A_M1_210705_ZHMW	ZHMW	92530	143810863	1554.20796498433	1578	1579	4626	107	19.5382082859613	19.7172
SRTP_A_M1_210705_ZMB	ZMB	136628	205909351	1507.080181222	1573	1576	4872	102	19.9336595097637	20.16115
SRTP_A_M1_210903_ZHMW	ZHMW	116742	181230584	1552.40259718011	1580	1581	4765	116	19.5428599878364	19.73765
SRTP_A_M1_210903_ZMB	ZMB	62622	96662501	1543.58693430424	1577	1578	6421	124	19.9011329644534	20.07515
SRTP_A_F1_210317_ZHMW	ZHMW	67692	104691843	1546.59107427761	1572	1572	5962	110	19.4603492140873	19.623
SRTP_A_F1_210317_ZMB	ZMB	97297	149779311	1539.4031778986	1570	1571	7368	111	18.2411942752603	18.2927
SRTP_A_F1_210330_ZHMW	ZHMW	123820	191349972	1545.38824099499	1573	1574	5157	111	18.8551509521887	18.87305
SRTP_A_F1_210330_ZMB	ZMB	53261	81263619	1525.76217119468	1562	1564	4722	98	18.2712780589925	18.226
SRTP_A_F1_210415_ZHMW	ZHMW	103053	160274220	1555.26010887602	1582	1583	4966	118	18.9691156210882	19.0467
SRTP_A_F1_210415_ZMB	ZMB	66759	103311661	1547.5315837565	1584	1585	4761	112	19.9639773169161	20.1607
SRTP_A_F1_210705_ZHMW	ZHMW	40346	62018807	1537.17362315967	1567	1569	6527	126	18.6915576488376	18.65555
SRTP_A_F1_210705_ZMB	ZMB	99080	153408327	1548.32788655632	1570	1571	4722	113	19.9354204360113	20.1651
SRTP_A_F1_210903_ZHMW	ZHMW	70212	107377394	1529.33108300575	1577	1579	5686	117	18.5660736241668	18.57735
SRTP_A_F1_210903_ZMB	ZMB	64480	95746284	1484.89894540943	1562	1565	4352	123	19.1328661104218	19.17525
SRTP_A_F1_211203_ZHMW	ZHMW	31756	48645978	1531.86730066759	1564	1565	4623	116	17.011970515808	16.8901
SRTP_A_F1_211203_ZMB	ZMB	55190	82985877	1503.63973545932	1572	1574	5049	124	19.7232124950172	19.8811
SRTP_A_F2_210316_ZHMW	ZHMW	67907	106148701	1563.14814378488	1587	1589	4824	133	19.5511618330953	19.7248
SRTP_A_F2_210316_ZMB	ZMB	107528	166064963	1544.38809426382	1574	1576	4839	101	18.3163893599807	18.3603
SRTP_A_F2_210401_ZHMW	ZHMW	37067	57655678	1555.44495103461	1585	1586	4789	98	18.7584092049532	18.9293
SRTP_A_F2_210401_ZMB	ZMB	40535	62635173	1545.21211298878	1579	1581	3620	103	19.3808570667325	19.5237
SRTP_A_F2_210413_ZHMW	ZHMW	65379	101590121	1553.86471191055	1580	1581	3938	145	18.64294419156	18.5981
SRTP_A_F2_210413_ZMB	ZMB	50853	77850901	1530.90085147386	1573	1574	3808	139	19.0008715552671	19.0606
SRTP_A_F2_210705_ZHMW	ZHMW	42808	65673000	1534.12913474117	1563	1564	5709	128	18.8608031559522	18.82635
SRTP_A_F2_210705_ZMB	ZMB	95265	146688497	1539.79422663098	1569	1570	4686	111	20.0317564656485	20.2656
SRTP_A_M4_210317_ZHMW	ZHMW	32503	50072262	1540.5427806664	1570	1571	3301	111	19.1454379134234	19.3069
SRTP_A_M4_210317_ZMB	ZMB	50560	77759990	1537.97448575949	1571	1572	3862	116	18.3344227808544	18.29895
SRTP_A_M4_210401_ZHMW	ZHMW	28281	43874055	1551.36151479792	1577	1578	3793	140	18.1631195608359	18.27
SRTP_A_M4_210401_ZMB	ZMB	51099	78751995	1541.16509129337	1570	1572	4007	116	19.0292166441613	19.0816
SRTP_A_M4_210704_ZHMW	ZHMW	24370	37100095	1522.36745999179	1559	1561	3266	122	17.1495473450964	17.0273
SRTP_A_M4_210704_ZMB	ZMB	118846	184365668	1551.2988910018	1574	1575	18955	111	19.5741649294044	19.7351
SRTP_A_M4_210803_ZHMW	ZHMW	49550	76834892	1550.6537235116	1576	1577	6595	98	18.6661491442987	18.6431
SRTP_A_M4_210803_ZMB	ZMB	61809	94472970	1528.46624278018	1570	1571	4443	120	19.2545240693103	19.3051
SRTP_A_M2_210317_ZHMW	ZHMW	33960	52315518	1540.50406360424	1569	1570	4748	113	19.178508147821	19.318
SRTP_A_M2_210317_ZMB	ZMB	52511	78980935	1504.08362057474	1567	1569	4564	136	18.1340435108834	18.0831
SRTP_A_M2_210330_ZHMW	ZHMW	46080	67194549	1458.2150390625	1560	1563	4662	143	18.5026404709201	18.6514
SRTP_A_M2_210330_ZMB	ZMB	40358	61786577	1530.96231230487	1566	1568	6637	92	19.4404594380296	19.60955
SRTP_A_M2_210415_ZHMW	ZHMW	37630	58190257	1546.37940473027	1574	1575	9248	97	18.0413122614935	18.12695
SRTP_A_M2_210415_ZMB	ZMB	120688	186165941	1542.53895167705	1576	1578	6366	104	19.5130424325534	19.6706
SRTP_A_M2_210704_ZHMW	ZHMW	40675	63214642	1554.13993853719	1579	1580	4023	139	18.6588566564229	18.6139
SRTP_A_M2_210704_ZMB	ZMB	100863	156135547	1547.99626225672	1577	1578	6338	109	19.9884880937509	20.221
SRTP_A_M2_210803_ZHMW	ZHMW	55023	84012817	1526.86725551133	1578	1579	4948	112	18.5636053486724	18.578
SRTP_A_M2_210803_ZMB	ZMB	57102	87761205	1536.91998528948	1571	1572	13019	102	19.234187942629	19.2772
SRTP_A_M2_211203_ZHMW	ZHMW	67395	102701722	1523.87746865494	1569	1571	6455	89	18.6764720409526	18.6673
SRTP_A_M2_211203_ZMB	ZMB	50053	75554038	1509.48071044693	1568	1570	3500	125	19.8509127524824	20.0602
SRTP_A_F3_210317_ZHMW	ZHMW	61883	97804870	1580.48042273322	1620	1621	3535	135	19.6720906226266	19.8603
SRTP_A_F3_210317_ZMB	ZMB	94926	150712235	1587.68129911721	1621	1622	7101	101	18.4393354718412	18.5035
SRTP_A_F3_210401_ZHMW	ZHMW	40409	62651385	1550.43146328788	1573	1574	4552	140	18.6470266599025	18.8071
SRTP_A_F3_210401_ZMB	ZMB	42105	64488254	1531.60560503503	1571	1573	4873	104	19.4387051775324	19.6038
SRTP_A_F3_210413_ZHMW	ZHMW	32070	49497164	1543.41016526349	1570	1571	5743	119	18.0630301683817	18.1371
SRTP_A_F3_210413_ZMB	ZMB	66769	100838366	1510.25724512873	1578	1581	5736	123	19.0315926657581	19.0846
SRTP_A_F3_210704_ZHMW	ZHMW	132552	199397945	1504.29978423562	1568	1570	6298	137	18.5503964828897	18.6421
SRTP_A_F3_210704_ZMB	ZMB	116984	179989281	1538.58032722424	1569	1570	4793	103	19.5914413218902	19.75895
SRTP_A_F3_210803_ZHMW	ZHMW	111529	174775567	1567.08629145783	1586	1589	6325	107	19.0124064476504	19.0896
SRTP_A_F3_210803_ZMB	ZMB	63691	97746367	1534.69669184029	1574	1576	3793	123	19.3641840574021	19.4169
SRTP_A_F3_211003_ZHMW	ZHMW	112393	173796769	1546.33090139066	1573	1574	5437	103	19.552359264367	19.7415
SRTP_A_F3_211003_ZMB	ZMB	60656	92965058	1532.66054471116	1565	1567	4785	118	19.7660211833949	19.92825
SRTP_A_F3_211203_ZHMW	ZHMW	136981	211848466	1546.55365342639	1567	1569	5397	125	19.6215482373468	19.8164
SRTP_A_F3_211203_ZMB	ZMB	56908	87735308	1541.70429465102	1576	1577	4728	108	19.8485589143881	20.02485
SRTP_A_M3_210414_ZHMW	ZHMW	156597	240778641	1537.56866989789	1568	1569	6267	114	18.9054056195202	18.9361
SRTP_A_M3_210414_ZMB	ZMB	56238	86954070	1546.17998506348	1577	1578	4856	130	19.7830791102102	19.95735
SRTP_A_M3_210903_ZHMW	ZHMW	24404	36949556	1514.07785608917	1557	1559	3583	147	16.9415815603999	16.81465
SRTP_A_M3_210903_ZMB	ZMB	50090	72636937	1450.12850868437	1566	1570	4557	132	19.7640826891595	19.9592
SRTP_A_M3_211203_ZHMW	ZHMW	112462	174426622	1550.9827497288	1573	1574	6055	122	18.8938502578649	18.9749
SRTP_A_M3_211203_ZMB	ZMB	47206	72467167	1535.12619158582	1573	1574	4668	144	19.8849832203533	20.0915
SRTP_A_F4_210317_ZHMW	ZHMW	32963	50695567	1537.95367533295	1572	1574	3377	117	19.2049850165337	19.3626
SRTP_A_F4_210317_ZMB	ZMB	41814	63041892	1507.674271775	1562	1564	3371	132	18.3232829459033	18.2977
SRTP_A_F4_210330_ZHMW	ZHMW	44552	69146729	1552.04545250494	1575	1576	6241	145	18.6734523747531	18.83345
SRTP_A_F4_210330_ZMB	ZMB	43774	66123800	1510.57248595056	1562	1564	4753	93	19.301183001325	19.45425
SRTP_A_F4_210413_ZHMW	ZHMW	163624	253886194	1551.64397643378	1580	1582	6029	105	18.7374041442576	18.8408
SRTP_A_F4_210413_ZMB	ZMB	63410	97595955	1539.12561110235	1573	1574	3849	100	19.8008889449614	19.9759
SRTP_A_F4_210704_ZHMW	ZHMW	33949	52844061	1556.57194615453	1583	1584	6608	123	18.0255755103243	18.1171
SRTP_A_F4_210704_ZMB	ZMB	121264	188063705	1550.86179740071	1574	1575	5122	101	19.6049103287043	19.7633
SRTP_A_F4_211203_ZHMW	ZHMW	69401	105654487	1522.37701185862	1570	1571	6338	116	18.5721475425426	18.5695
SRTP_A_F4_211203_ZMB	ZMB	51059	78540507	1538.23041971053	1573	1575	3314	139	20.0267234199651	20.2385
