tax_id	abundance	species	genus	family	order	class	phylum	clade	superkingdom	subspecies	species subgroup	species group	estimated counts
856	0.2610993998541504	Fusobacterium varium	Fusobacterium	Fusobacteriaceae	Fusobacteriales	Fusobacteriia	Fusobacteria		Bacteria				5748.6254865888295
861	0.014510793540030646	Fusobacterium ulcerans	Fusobacterium	Fusobacteriaceae	Fusobacteriales	Fusobacteriia	Fusobacteria		Bacteria				319.48414137085473
1834196	0.005893073107079152	Lachnoclostridium sp. YL32	Lachnoclostridium	Lachnospiraceae	Clostridiales	Clostridia	Firmicutes	Terrabacteria group	Bacteria				129.7477905985617
852	0.16566070547053977	Fusobacterium perfoetens	Fusobacterium	Fusobacteriaceae	Fusobacteriales	Fusobacteriia	Fusobacteria		Bacteria				3647.351752344874
147207	0.0006358722805105146	Collinsella intestinalis	Collinsella	Coriobacteriaceae	Coriobacteriales	Coriobacteriia	Actinobacteria	Terrabacteria group	Bacteria				13.999999999999998
234908	0.00486353540500916	Sutterella stercoricanis	Sutterella	Sutterellaceae	Burkholderiales	Betaproteobacteria	Proteobacteria		Bacteria				107.08045901208668
1720294	0.001983075826102772	Eisenbergiella massiliensis	Eisenbergiella	Lachnospiraceae	Clostridiales	Clostridia	Firmicutes	Terrabacteria group	Bacteria				43.66138046330473
208479	0.016024856580940897	Enterocloster bolteae	Enterocloster	Lachnospiraceae	Clostridiales	Clostridia	Firmicutes	Terrabacteria group	Bacteria				352.8192673425757
1322	0.009501533900316739	Blautia hansenii	Blautia	Lachnospiraceae	Clostridiales	Clostridia	Firmicutes	Terrabacteria group	Bacteria				209.19527188327365
2109691	0.0008627954909159612	Lachnospiraceae bacterium GAM79		Lachnospiraceae	Clostridiales	Clostridia	Firmicutes	Terrabacteria group	Bacteria				18.99616832349672
33035	0.01989961495884603	Blautia producta	Blautia	Lachnospiraceae	Clostridiales	Clostridia	Firmicutes	Terrabacteria group	Bacteria				438.129822548913
37482	0.0022733606292916126	Laceyella sacchari	Laceyella	Thermoactinomycetaceae	Bacillales	Bacilli	Firmicutes	Terrabacteria group	Bacteria				50.052580975113436
387090	0.0017515445682315465	Phocaeicola coprophilus	Phocaeicola		Bacteroidales	Bacteroidia	Bacteroidetes	FCB group	Bacteria				38.56375675875396
310297	0.150959212758799	Phocaeicola plebeius	Phocaeicola		Bacteroidales	Bacteroidia	Bacteroidetes	FCB group	Bacteria				3323.668987310478
1841856	0.03707407840299879	Bacteroides mediterraneensis	Bacteroides	Bacteroidaceae	Bacteroidales	Bacteroidia	Bacteroidetes	FCB group	Bacteria				816.2599841988243
33038	0.024803664630317968	[Ruminococcus] gnavus	Mediterraneibacter	Lachnospiraceae	Clostridiales	Clostridia	Firmicutes	Terrabacteria group	Bacteria				546.1022841657107
850	0.028182245797476708	Fusobacterium mortiferum	Fusobacterium	Fusobacteriaceae	Fusobacteriales	Fusobacteriia	Fusobacteria		Bacteria				620.4885057230447
1912855	0.007536075613841908	Faecalimonas umbilicata	Faecalimonas	Lachnospiraceae	Clostridiales	Clostridia	Firmicutes	Terrabacteria group	Bacteria				165.92177678995728
310298	0.004186907390525249	Phocaeicola coprocola	Phocaeicola		Bacteroidales	Bacteroidia	Bacteroidetes	FCB group	Bacteria				92.18314001719442
821	0.0018869272762234717	Phocaeicola vulgatus	Phocaeicola		Bacteroidales	Bacteroidia	Bacteroidetes	FCB group	Bacteria				41.544477840612174
853	0.043420819750678935	Faecalibacterium prausnitzii	Faecalibacterium	Ruminococcaceae	Clostridiales	Clostridia	Firmicutes	Terrabacteria group	Bacteria				955.9961884506981
536633	0.02136736139957419	Blautia glucerasea	Blautia	Lachnospiraceae	Clostridiales	Clostridia	Firmicutes	Terrabacteria group	Bacteria				470.445195934425
154046	0.002779345667007603	Hungatella hathewayi	Hungatella	Clostridiaceae	Clostridiales	Clostridia	Firmicutes	Terrabacteria group	Bacteria				61.1928535505064
89014	0.0005323809067045904	Blautia luti	Blautia	Lachnospiraceae	Clostridiales	Clostridia	Firmicutes	Terrabacteria group	Bacteria				11.721430422914967
89152	0.00613156995224418	Peptacetobacter hiranonis	Peptacetobacter	Peptostreptococcaceae	Clostridiales	Clostridia	Firmicutes	Terrabacteria group	Bacteria				134.99877563856012
626940	0.02407230839235863	Phascolarctobacterium succinatutens	Phascolarctobacterium	Acidaminococcaceae	Acidaminococcales	Negativicutes	Firmicutes	Terrabacteria group	Bacteria				530.00001387456
2479767	0.0006068858602454359	Blautia sp. SC05B48	Blautia	Lachnospiraceae	Clostridiales	Clostridia	Firmicutes	Terrabacteria group	Bacteria				13.361805985023762
174709	0.0008175500749420902	Allobaculum stercoricanis	Allobaculum	Erysipelotrichaceae	Erysipelotrichales	Erysipelotrichia	Firmicutes	Terrabacteria group	Bacteria				18.0
29361	0.010894287949771844	Tyzzerella nexilis	Tyzzerella	Lachnospiraceae	Clostridiales	Clostridia	Firmicutes	Terrabacteria group	Bacteria				239.85953779012667
28111	0.00844841167885761	Bacteroides eggerthii	Bacteroides	Bacteroidaceae	Bacteroidales	Bacteroidia	Bacteroidetes	FCB group	Bacteria				186.008679933408
626929	0.0019139487140195934	Bacteroides clarus	Bacteroides	Bacteroidaceae	Bacteroidales	Bacteroidia	Bacteroidetes	FCB group	Bacteria				42.13940883656939
371601	0.03645169213106512	Bacteroides xylanisolvens	Bacteroides	Bacteroidaceae	Bacteroidales	Bacteroidia	Bacteroidetes	FCB group	Bacteria				802.5569056496607
491921	0.022205146149727892	Megamonas rupellensis	Megamonas	Selenomonadaceae	Selenomonadales	Negativicutes	Firmicutes	Terrabacteria group	Bacteria				488.890702778559
437897	0.0007409578412596297	Megamonas funiformis	Megamonas	Selenomonadaceae	Selenomonadales	Negativicutes	Firmicutes	Terrabacteria group	Bacteria				16.313668791013267
84030	0.005558061498185232	Lacrimispora saccharolytica	Lacrimispora	Lachnospiraceae	Clostridiales	Clostridia	Firmicutes	Terrabacteria group	Bacteria				122.37184000554426
290055	0.0013295124120220334	Faecalicatena fissicatena	Faecalicatena	Lachnospiraceae	Clostridiales	Clostridia	Firmicutes	Terrabacteria group	Bacteria				29.27187477548911
1912897	0.003055748262910172	Blautia sp. N6H1-15	Blautia	Lachnospiraceae	Clostridiales	Clostridia	Firmicutes	Terrabacteria group	Bacteria				67.27840950449325
818	0.0032712594561946336	Bacteroides thetaiotaomicron	Bacteroides	Bacteroidaceae	Bacteroidales	Bacteroidia	Bacteroidetes	FCB group	Bacteria				72.02331944703725
338188	0.0006572743730276576	Bacteroides finegoldii	Bacteroides	Bacteroidaceae	Bacteroidales	Bacteroidia	Bacteroidetes	FCB group	Bacteria				14.471209870949938
501571	0.0024980696734341647	Butyricicoccus pullicaecorum	Butyricicoccus	Clostridiaceae	Clostridiales	Clostridia	Firmicutes	Terrabacteria group	Bacteria				55.0
691816	0.0010320862088575185	Bacteroides rodentium	Bacteroides	Bacteroidaceae	Bacteroidales	Bacteroidia	Bacteroidetes	FCB group	Bacteria				22.723442060415984
820	0.0012225807720402373	Bacteroides uniformis	Bacteroides	Bacteroidaceae	Bacteroidales	Bacteroidia	Bacteroidetes	FCB group	Bacteria				26.917560858009907
1816689	0.007808490756593242	Sutterella massiliensis	Sutterella	Sutterellaceae	Burkholderiales	Betaproteobacteria	Proteobacteria		Bacteria				171.9195409879134
158847	0.00839331554845928	Megamonas hypermegale	Megamonas	Selenomonadaceae	Selenomonadales	Negativicutes	Firmicutes	Terrabacteria group	Bacteria				184.79562843042797
626947	0.0006812917291184085	Parasutterella secunda	Parasutterella	Sutterellaceae	Burkholderiales	Betaproteobacteria	Proteobacteria		Bacteria				15.000000000000002
33039	0.0012263466476092667	[Ruminococcus] torques	Mediterraneibacter	Lachnospiraceae	Clostridiales	Clostridia	Firmicutes	Terrabacteria group	Bacteria				27.000474140413225
342942	0.0011358489541811554	Mediterraneibacter glycyrrhizinilyticus	Mediterraneibacter	Lachnospiraceae	Clostridiales	Clostridia	Firmicutes	Terrabacteria group	Bacteria				25.007986424206496
1544	0.0007223587600073268	Faecalicatena orotica	Faecalicatena	Lachnospiraceae	Clostridiales	Clostridia	Firmicutes	Terrabacteria group	Bacteria				15.904172819081314
102148	0.0006957166000621658	Solobacterium moorei	Solobacterium	Erysipelotrichaceae	Erysipelotrichales	Erysipelotrichia	Firmicutes	Terrabacteria group	Bacteria				15.317592383568705
118967	0.0009848029984299083	Anaerorhabdus furcosa	Anaerorhabdus	Bacteroidaceae	Bacteroidales	Bacteroidia	Bacteroidetes	FCB group	Bacteria				21.68240761643129
1852370	0.0061770450106735705	Prevotellamassilia timonensis	Prevotellamassilia	Prevotellaceae	Bacteroidales	Bacteroidia	Bacteroidetes	FCB group	Bacteria				136.0
1735	0.001998304544133594	Holdemanella biformis	Holdemanella	Erysipelotrichaceae	Erysipelotrichales	Erysipelotrichia	Firmicutes	Terrabacteria group	Bacteria				43.996671148189336
454154	0.001360569906680775	Paraprevotella clara	Paraprevotella	Prevotellaceae	Bacteroidales	Bacteroidia	Bacteroidetes	FCB group	Bacteria				29.955667635390622
1650663	0.0023163918790025887	Fournierella massiliensis	Fournierella	Ruminococcaceae	Clostridiales	Clostridia	Firmicutes	Terrabacteria group	Bacteria				50.99999999999999
1673717	0.0008175500749420902	Anaeromassilibacillus senegalensis	Anaeromassilibacillus	Ruminococcaceae	Clostridiales	Clostridia	Firmicutes	Terrabacteria group	Bacteria				18.0
36835	0.002225552981786801	[Clostridium] colinum	Tyzzerella	Lachnospiraceae	Clostridiales	Clostridia	Firmicutes	Terrabacteria group	Bacteria				49.0
2109692	0.0010446873751182582	Erysipelotrichaceae bacterium GAM147		Erysipelotrichaceae	Erysipelotrichales	Erysipelotrichia	Firmicutes	Terrabacteria group	Bacteria				23.00088193797869
341225	0.0008629294664132856	[Clostridium] saccharogumia	Erysipelatoclostridium	Erysipelotrichaceae	Erysipelotrichales	Erysipelotrichia	Firmicutes	Terrabacteria group	Bacteria				18.99911806202131
179995	0.0015896807012762866	Anaerobiospirillum thomasii	Anaerobiospirillum	Succinivibrionaceae	Aeromonadales	Gammaproteobacteria	Proteobacteria		Bacteria				35.0
28080	0.0008175500749420902	Campylobacter upsaliensis	Campylobacter	Campylobacteraceae	Campylobacterales	Epsilonproteobacteria	Proteobacteria		Bacteria				18.0
160404	0.0005450333832947268	Anaerotignum lactatifermentans	Anaerotignum	Lachnospiraceae	Clostridiales	Clostridia	Firmicutes	Terrabacteria group	Bacteria				12.0
unmapped	0.0												0.0
mapped_unclassified	0.0												118.0
