genus	Toti_Illumina_V1_V2_EMU_EMUdb_I_1	Toti_Illumina_V1_V2_EMU_EMUdb_I_2	Toti_Illumina_V1_V2_EMU_EMUdb_I_3	Toti_Illumina_V1_V2_EMU_EMUdb_I_4	Toti_Illumina_V1_V2_EMU_EMUdb_MN_1	Toti_Illumina_V1_V2_EMU_EMUdb_MN_2	Toti_Illumina_V1_V2_EMU_EMUdb_MN_3	Toti_Illumina_V1_V2_EMU_EMUdb_MN_4	Toti_Illumina_V1_V2_EMU_EMUdb_Z_1	Toti_Illumina_V1_V2_EMU_EMUdb_Z_2	Toti_Illumina_V1_V2_EMU_EMUdb_Z_3	Toti_Illumina_V1_V2_EMU_EMUdb_Z_4	Toti_Illumina_V1_V3_EMU_EMUdb_I_1	Toti_Illumina_V1_V3_EMU_EMUdb_I_2	Toti_Illumina_V1_V3_EMU_EMUdb_I_3	Toti_Illumina_V1_V3_EMU_EMUdb_I_4	Toti_Illumina_V1_V3_EMU_EMUdb_MN_1	Toti_Illumina_V1_V3_EMU_EMUdb_MN_2	Toti_Illumina_V1_V3_EMU_EMUdb_MN_3	Toti_Illumina_V1_V3_EMU_EMUdb_MN_4	Toti_Illumina_V1_V3_EMU_EMUdb_Q_1	Toti_Illumina_V1_V3_EMU_EMUdb_Q_2	Toti_Illumina_V1_V3_EMU_EMUdb_Q_3	Toti_Illumina_V1_V3_EMU_EMUdb_Q_4	Toti_Illumina_V1_V3_EMU_EMUdb_Z_1	Toti_Illumina_V1_V3_EMU_EMUdb_Z_2	Toti_Illumina_V1_V3_EMU_EMUdb_Z_3	Toti_Illumina_V1_V3_EMU_EMUdb_Z_4	Toti_Illumina_V3_V4_EMU_EMUdb_I_1	Toti_Illumina_V3_V4_EMU_EMUdb_I_2	Toti_Illumina_V3_V4_EMU_EMUdb_I_3	Toti_Illumina_V3_V4_EMU_EMUdb_I_4	Toti_Illumina_V3_V4_EMU_EMUdb_MN_1	Toti_Illumina_V3_V4_EMU_EMUdb_MN_2	Toti_Illumina_V3_V4_EMU_EMUdb_MN_3	Toti_Illumina_V3_V4_EMU_EMUdb_MN_4	Toti_Illumina_V3_V4_EMU_EMUdb_Z_1	Toti_Illumina_V3_V4_EMU_EMUdb_Z_2	Toti_Illumina_V3_V4_EMU_EMUdb_Z_3	Toti_Illumina_V3_V4_EMU_EMUdb_Z_4	Toti_ONT_V1_V9_EMU_EMUdb_I_1	Toti_ONT_V1_V9_EMU_EMUdb_I_2	Toti_ONT_V1_V9_EMU_EMUdb_I_3	Toti_ONT_V1_V9_EMU_EMUdb_I_4	Toti_ONT_V1_V9_EMU_EMUdb_MN_1	Toti_ONT_V1_V9_EMU_EMUdb_MN_2	Toti_ONT_V1_V9_EMU_EMUdb_MN_3	Toti_ONT_V1_V9_EMU_EMUdb_MN_4	Toti_ONT_V1_V9_EMU_EMUdb_Q_1	Toti_ONT_V1_V9_EMU_EMUdb_Q_2	Toti_ONT_V1_V9_EMU_EMUdb_Q_3	Toti_ONT_V1_V9_EMU_EMUdb_Q_4	Toti_ONT_V1_V9_EMU_EMUdb_Z_1	Toti_ONT_V1_V9_EMU_EMUdb_Z_2	Toti_ONT_V1_V9_EMU_EMUdb_Z_3	Toti_ONT_V1_V9_EMU_EMUdb_Z_4	Toti_PacBio_V1_V9_EMU_EMUdb_I_1	Toti_PacBio_V1_V9_EMU_EMUdb_I_2	Toti_PacBio_V1_V9_EMU_EMUdb_I_3	Toti_PacBio_V1_V9_EMU_EMUdb_I_4	Toti_PacBio_V1_V9_EMU_EMUdb_MN_1	Toti_PacBio_V1_V9_EMU_EMUdb_MN_2	Toti_PacBio_V1_V9_EMU_EMUdb_MN_3	Toti_PacBio_V1_V9_EMU_EMUdb_MN_4	Toti_PacBio_V1_V9_EMU_EMUdb_Z_1	Toti_PacBio_V1_V9_EMU_EMUdb_Z_2	Toti_PacBio_V1_V9_EMU_EMUdb_Z_3	Toti_PacBio_V1_V9_EMU_EMUdb_Z_4
Absiella	0	0	0	0	0	0	0	0	0	0	0	0	15	0	49	0	116	36	0	82	115	119	179	0	11	0	43	0	0	0	0	0	32	24	0	0	0	0	13	11	0	0	0	0	0	0	0	0	0	0	0	0	0	0	0	0	0	0	0	0	0	0	0	0	0	0	0	0
Abyssivirga	0	0	0	0	0	0	0	0	0	0	0	0	19	0	93	0	123	0	0	15	0	0	0	0	0	0	68	0	0	0	0	0	0	0	0	0	12	0	0	0	0	0	0	0	0	0	0	0	0	0	0	0	0	0	0	0	0	0	0	0	0	0	0	0	0	0	0	0
Acetilactobacillus	0	0	0	0	0	0	0	0	0	0	0	0	0	0	54	0	41	0	0	0	0	0	0	0	0	0	17	0	0	0	0	0	0	0	0	0	0	0	0	0	0	0	0	0	0	0	0	0	0	0	0	0	0	0	0	0	0	0	0	0	0	0	0	0	0	0	0	0
Acetitomaculum	0	0	0	0	0	0	0	0	0	0	0	0	25	0	15	0	13	11	0	85	0	0	0	0	0	0	0	0	0	0	0	0	0	0	0	0	0	0	0	0	0	0	0	0	0	0	0	0	0	0	0	0	0	0	0	0	0	0	0	0	0	0	0	0	0	0	0	0
Acetivibrio	0	0	0	0	0	0	0	0	0	0	0	0	54	0	87	0	169	93	0	1028	16	21	0	0	67	55	89	18	0	0	0	0	0	0	0	0	0	0	0	0	0	49	15	0	0	18	0	0	0	0	0	0	90	76	72	54	0	0	0	0	0	0	0	0	0	0	0	0
Acetoanaerobium	0	0	0	0	0	0	0	0	0	0	0	0	70	0	40	0	92	88	0	48	65	61	0	0	0	0	29	0	0	0	0	0	0	0	0	0	0	0	0	0	0	0	0	0	0	0	0	0	0	0	0	0	0	0	0	0	0	0	0	0	0	0	0	0	0	0	0	0
Acholeplasma	13	16	20	16	0	14	0	21	0	0	0	17	222	0	44	0	165	82	0	100	0	0	0	0	20	0	0	0	0	0	0	0	0	0	0	0	0	0	0	0	0	0	0	0	0	0	0	0	0	0	0	0	0	0	0	0	0	0	0	0	0	0	0	0	0	0	0	0
Acidaminococcus	0	0	0	0	0	0	0	0	0	0	0	0	0	0	0	0	0	0	0	0	0	13	0	0	0	0	0	0	0	0	0	0	0	0	0	0	0	0	0	0	0	0	0	0	0	0	0	0	0	0	0	0	0	0	0	0	0	0	0	0	0	0	0	0	0	0	0	0
Aciditerrimonas	0	0	0	0	0	0	0	0	0	0	0	0	0	0	0	0	0	0	0	0	0	0	0	0	0	0	0	0	0	0	0	0	0	0	0	0	0	0	0	0	0	0	0	0	0	0	0	0	0	0	0	0	0	0	0	12	0	0	0	0	0	0	0	0	0	0	0	0
Actinomyces	0	0	0	0	0	0	0	0	0	0	0	0	0	0	0	0	0	0	0	16	0	0	0	0	0	0	0	0	0	0	0	0	0	0	0	0	0	0	0	0	0	0	0	0	0	0	0	0	0	0	0	0	0	0	0	0	0	0	0	0	0	0	0	0	0	0	0	0
Adlercreutzia	0	0	0	0	0	0	0	0	0	0	0	0	18	0	85	0	86	18	0	42	17	0	22	0	0	0	60	0	0	0	0	0	0	0	0	0	0	0	0	0	0	0	0	0	0	0	0	0	0	0	0	0	0	0	0	0	0	0	0	0	0	0	0	0	0	0	0	0
Algoriphagus	0	0	0	0	0	0	0	0	0	0	0	0	0	0	42	0	24	0	0	0	113	154	286	0	0	0	99	0	0	0	0	0	0	0	0	0	0	0	0	0	0	0	0	0	0	0	0	0	0	0	0	0	0	0	0	0	0	0	0	0	0	0	0	0	0	0	0	0
Alicyclobacillus	0	0	0	0	0	0	0	0	0	0	0	0	0	0	0	0	0	0	0	39	0	0	0	0	0	0	0	0	0	0	0	0	0	0	0	0	0	0	0	0	0	0	0	0	0	0	0	0	0	0	0	0	0	0	0	0	0	0	0	0	0	0	0	0	0	0	0	0
Aliterella	0	0	0	0	0	0	0	0	0	0	0	0	0	0	0	0	0	0	0	0	0	0	0	0	0	0	11	0	0	0	0	0	0	0	0	0	0	0	0	0	0	0	0	0	0	0	0	0	0	0	0	0	0	0	0	0	0	0	0	0	0	0	0	0	0	0	0	0
Alkalibacterium	0	0	0	0	0	0	0	0	0	0	0	0	0	0	0	0	0	0	0	0	0	0	0	0	11	0	0	0	0	0	0	0	0	0	0	0	0	0	0	0	0	0	0	0	0	0	0	0	0	0	0	0	0	0	0	0	0	0	0	0	0	0	0	0	0	0	0	0
Alkaliphilus	16	0	15	16	0	0	23	19	22	49	29	52	265	14	79	1	293	222	0	423	11	30	0	0	0	0	14	0	0	0	0	0	0	0	0	0	0	0	0	0	0	0	0	0	0	0	0	0	0	0	0	0	0	0	0	0	0	0	0	0	0	0	0	0	0	0	0	0
Alkalitalea	0	0	0	0	0	0	0	0	0	0	0	0	14	0	0	0	0	0	0	0	0	0	0	0	0	0	0	0	0	0	0	0	0	0	0	0	0	0	0	0	0	0	0	0	0	0	0	0	0	0	0	0	0	0	0	0	0	0	0	0	0	0	0	0	0	0	0	0
Allobaculum	1194	618	1031	1125	1210	472	954	734	116	91	166	179	2765	74	2247	2	3336	1415	1	4397	29	28	15	0	30	19	229	0	1184	659	653	794	932	638	588	497	85	100	132	159	674	4366	1075	704	0	749	366	485	0	0	0	0	182	283	632	221	318	207	173	533	60	78	145	379	46	21	24	30
Alloprevotella	0	0	0	0	0	0	0	0	0	0	0	0	0	0	0	0	0	0	0	0	0	0	11	0	0	0	0	0	0	0	0	0	0	0	0	0	0	0	0	0	0	0	0	0	0	0	0	0	0	0	0	0	0	0	0	0	0	0	0	0	0	0	0	0	0	0	0	0
Alterileibacterium	0	0	0	0	0	0	0	0	0	0	0	0	0	0	0	0	0	0	0	13	0	0	0	0	0	0	0	0	0	0	0	0	0	0	0	0	0	0	0	0	0	0	0	0	0	0	0	0	0	0	0	0	0	0	0	0	0	0	0	0	0	0	0	0	0	0	0	0
Amaricoccus	0	0	0	0	0	0	0	0	0	0	0	0	0	0	0	0	0	0	0	0	0	0	0	0	0	0	0	0	0	0	0	0	0	0	0	0	0	0	0	0	0	0	0	0	0	0	0	0	0	0	0	0	0	0	0	102	0	0	0	0	0	0	0	0	0	0	0	0
Amedibacillus	51	43	46	38	120	59	92	74	80	48	98	104	71	0	87	0	185	159	0	326	55	125	48	0	14	0	85	0	182	110	119	127	379	317	231	218	208	244	260	297	107	924	274	120	0	430	201	288	0	0	0	0	616	500	1115	462	22	11	21	24	11	23	29	94	68	16	16	23
Aminipila	0	0	0	0	0	0	0	0	0	0	0	0	17	0	0	0	17	12	0	15	0	0	0	0	0	0	0	0	0	0	0	0	0	0	0	0	0	0	0	0	0	0	0	0	0	0	0	0	0	0	0	0	0	0	0	0	0	0	0	0	0	0	0	0	0	0	0	0
Aminomonas	0	0	0	0	0	0	0	0	0	0	0	0	0	0	11	0	0	0	0	0	11	0	0	0	0	0	0	0	0	0	0	0	0	0	0	0	0	0	0	0	0	0	0	0	0	0	0	0	0	0	0	0	0	0	0	0	0	0	0	0	0	0	0	0	0	0	0	0
Amphibacillus	0	0	0	0	0	0	0	0	0	0	0	0	0	0	84	1	20	0	0	53	0	0	0	0	27	33	0	0	0	0	0	0	0	0	0	0	0	0	0	0	0	0	0	0	0	0	0	0	0	0	0	0	0	0	0	0	0	0	0	0	0	0	0	0	0	0	0	0
Amycolatopsis	0	0	0	0	0	0	0	0	0	0	0	0	0	0	0	0	0	0	0	46	0	0	0	0	0	0	0	0	0	0	0	0	0	0	0	0	0	0	0	0	0	0	0	0	0	0	0	0	0	0	0	0	0	0	0	0	0	0	0	0	0	0	0	0	0	0	0	0
Anaerobium	0	0	0	0	0	0	0	0	0	0	0	0	12	0	0	0	13	15	0	15	0	0	0	0	0	0	0	0	0	0	0	0	0	0	0	0	0	0	0	11	0	0	0	0	0	0	0	0	0	0	0	0	0	0	0	0	0	0	0	0	0	0	0	0	0	0	0	0
Anaerobutyricum	0	0	0	0	0	0	0	0	0	0	0	0	440	23	85	0	383	264	0	329	121	87	23	0	0	14	57	0	0	0	0	0	0	0	0	0	0	0	0	0	0	28	0	10	0	0	0	0	0	0	0	0	0	13	0	0	0	0	0	0	0	0	0	0	0	0	0	0
Anaerocolumna	0	0	0	0	0	0	0	0	17	17	0	16	93	0	315	0	330	94	0	2570	0	62	10	0	179	72	1201	66	0	0	0	0	0	0	0	0	0	0	0	0	0	0	0	0	0	0	0	0	0	0	0	0	0	0	0	0	0	0	0	0	0	0	0	0	0	0	0	0
Anaeromassilibacillus	0	0	0	0	0	0	0	0	0	0	0	0	24	0	0	0	0	17	0	21	12	0	0	0	0	0	15	0	0	0	0	0	0	0	0	0	0	0	0	0	11	112	0	0	0	24	12	0	0	0	0	0	110	122	100	81	0	0	0	0	0	0	0	0	0	0	0	0
Anaeromicrobium	0	0	0	0	0	0	0	0	0	0	0	0	0	0	0	0	17	13	0	0	0	0	0	0	0	0	0	0	0	0	0	0	0	0	0	0	0	0	0	0	0	0	0	0	0	0	0	0	0	0	0	0	0	0	0	0	0	0	0	0	0	0	0	0	0	0	0	0
Anaerorhabdus	0	0	0	0	0	0	0	0	0	0	0	0	41	0	549	0	820	36	0	802	115	95	71	0	0	0	247	0	0	0	0	0	0	0	0	0	0	0	0	0	0	0	0	0	0	0	0	0	0	0	0	0	0	0	0	0	0	0	0	0	0	0	0	0	0	0	0	0
Anaerosalibacter	0	0	0	0	0	0	0	0	0	0	0	0	0	0	11	0	0	0	0	0	0	0	0	0	0	0	0	0	0	0	0	0	0	0	0	0	0	0	0	0	0	0	0	0	0	0	0	0	0	0	0	0	0	0	0	0	0	0	0	0	0	0	0	0	0	0	0	0
Anaerosinus	0	0	0	0	0	0	0	0	0	0	0	0	16	0	0	0	0	15	0	0	0	0	0	0	0	0	0	0	0	0	0	0	0	0	0	0	0	0	0	0	0	0	0	0	0	0	0	0	0	0	0	0	0	0	0	0	0	0	0	0	0	0	0	0	0	0	0	0
Anaerosporobacter	0	0	0	0	0	0	0	0	0	0	0	0	0	0	0	0	0	0	0	0	0	0	0	0	0	0	0	0	0	0	0	0	0	0	0	0	0	0	0	0	0	0	0	0	0	0	0	0	0	0	0	0	48	0	0	0	0	0	0	0	0	0	0	0	0	0	0	0
Anaerostipes	0	0	0	0	0	0	0	0	0	0	0	0	353	15	831	2	1143	277	3	3345	61	87	20	0	91	82	1033	56	0	0	0	0	0	13	0	0	0	13	0	26	0	66	62	20	0	33	15	10	0	0	0	0	103	18	29	13	0	0	0	0	0	0	0	0	0	0	0	0
Anaerotaenia	0	0	0	0	0	0	0	0	0	0	0	0	0	0	0	0	11	11	0	115	0	0	0	0	18	12	47	11	0	0	0	0	0	0	0	0	11	26	0	32	0	0	0	0	0	0	0	0	0	0	0	0	0	0	0	0	0	0	0	0	0	0	0	0	0	0	0	0
Anaerotignum	0	0	0	0	0	0	0	0	0	0	0	0	131	0	311	3	289	87	0	370	43	57	51	0	79	38	582	0	0	0	0	0	0	0	0	0	0	0	0	0	0	43	17	0	0	21	0	0	0	0	0	0	28	70	13	27	0	0	0	0	0	0	0	0	0	0	0	0
Anaerotruncus	0	0	0	0	0	0	0	0	0	0	0	0	0	0	0	0	15	0	0	13	0	0	0	0	0	0	19	0	0	0	0	0	0	0	0	0	0	0	0	0	0	0	0	0	0	0	0	0	0	0	0	0	0	0	0	0	0	0	0	0	0	0	0	0	0	0	0	0
Ancylomarina	0	0	0	0	0	0	0	0	0	0	0	0	0	0	0	0	0	0	0	0	10	0	0	0	0	0	0	0	0	0	0	0	0	0	0	0	0	0	0	0	0	0	0	0	0	0	0	0	0	0	0	0	0	0	0	0	0	0	0	0	0	0	0	0	0	0	0	0
Andreesenia	0	0	0	0	0	0	0	0	0	0	0	0	48	0	11	0	34	33	0	63	0	0	0	0	0	0	0	0	0	0	0	0	0	0	0	0	0	0	0	0	0	0	0	0	0	0	0	0	0	0	0	0	0	0	0	0	0	0	0	0	0	0	0	0	0	0	0	0
Anoxybacillus	0	0	0	0	0	0	0	0	0	0	0	0	130	0	0	0	83	55	0	10	102	77	20	0	0	0	23	0	0	0	0	0	0	0	0	0	0	0	0	0	0	0	0	0	0	0	0	0	0	0	0	0	0	0	0	0	0	0	0	0	0	0	0	0	0	0	0	0
Anoxybacter	0	0	0	0	0	0	0	0	0	0	0	0	0	0	10	0	0	0	0	0	10	0	0	0	0	0	15	0	0	0	0	0	0	0	0	0	0	0	0	0	0	0	0	0	0	0	0	0	0	0	0	0	0	0	0	0	0	0	0	0	0	0	0	0	0	0	0	0
Anseongella	0	0	0	0	0	0	0	0	0	0	0	0	0	0	0	0	0	0	0	0	0	0	20	0	0	0	0	0	0	0	0	0	0	0	0	0	0	0	0	0	0	0	0	0	0	0	0	0	0	0	0	0	0	0	0	0	0	0	0	0	0	0	0	0	0	0	0	0
Aquaspirillum	0	0	0	0	0	0	0	0	0	0	0	0	0	0	0	0	0	0	0	0	11	0	0	0	0	0	0	0	0	0	0	0	0	0	0	0	0	0	0	0	0	0	0	0	0	0	0	0	0	0	0	0	0	0	0	0	0	0	0	0	0	0	0	0	0	0	0	0
Arachidicoccus	0	0	0	0	0	0	0	0	0	0	0	0	17	0	0	0	0	13	0	0	0	0	0	0	0	0	0	0	0	0	0	0	0	0	0	0	0	0	0	0	0	0	0	0	0	0	0	0	0	0	0	0	0	0	0	0	0	0	0	0	0	0	0	0	0	0	0	0
Arboricoccus	0	0	0	0	0	0	0	0	0	0	0	0	0	0	0	0	0	0	0	0	0	0	0	0	0	0	0	0	0	0	0	0	0	0	0	0	0	0	0	0	0	0	0	0	0	0	0	0	0	0	0	0	0	0	0	17	0	0	0	0	0	0	0	0	0	0	0	0
Arthrobacter	0	0	0	0	0	0	0	0	0	0	0	0	12	0	0	0	0	0	0	74	0	0	0	0	0	0	0	0	0	0	0	0	0	0	0	0	0	0	0	0	0	25	0	0	0	0	0	0	0	0	0	0	0	0	0	0	0	0	0	0	0	0	0	0	0	0	0	0
Asaccharobacter	0	0	0	0	0	0	0	0	0	0	0	0	0	0	23	0	28	0	0	14	0	0	0	0	0	0	22	0	0	0	0	0	0	0	0	0	0	0	0	0	0	0	0	0	0	0	0	0	0	0	0	0	0	0	0	0	0	0	0	0	0	0	0	0	0	0	0	0
Asaccharospora	0	0	0	0	0	0	0	0	0	0	0	0	354	28	441	64	688	414	1	2469	38	0	0	0	14	11	69	13	51	22	25	27	44	39	36	31	0	0	0	13	0	0	0	0	0	0	0	0	0	0	0	0	0	0	0	0	0	0	0	0	0	0	0	0	0	0	0	0
Athalassotoga	0	0	0	0	0	0	0	0	0	0	0	0	0	0	21	0	16	0	0	0	0	0	0	0	0	0	0	0	0	0	0	0	0	0	0	0	0	0	0	0	0	0	0	0	0	0	0	0	0	0	0	0	0	0	0	0	0	0	0	0	0	0	0	0	0	0	0	0
Atopobium	0	0	0	0	0	0	0	0	0	0	0	0	37	0	0	0	15	24	0	13	34	16	0	0	0	0	0	0	0	0	0	0	0	0	0	0	0	0	0	0	0	0	0	0	0	0	0	0	0	0	0	0	0	0	0	0	0	0	0	0	0	0	0	0	0	0	0	0
Aureibacter	0	0	0	0	0	0	0	0	0	0	0	0	10	0	0	0	0	0	0	0	0	0	0	0	0	0	0	0	0	0	0	0	0	0	0	0	0	0	0	0	0	0	0	0	0	0	0	0	0	0	0	0	0	0	0	0	0	0	0	0	0	0	0	0	0	0	0	0
Azoarcus	0	0	0	0	0	0	0	0	0	0	0	0	0	0	0	0	0	0	0	0	20	0	0	0	0	0	0	0	0	0	0	0	0	0	0	0	0	0	0	0	0	0	0	0	0	0	0	0	0	0	0	0	0	0	0	0	0	0	0	0	0	0	0	0	0	0	0	0
Bacillus	34	24	29	29	31	22	28	15	0	0	18	29	453	13	338	0	555	177	0	441	0	30	29	0	11	14	154	0	0	0	0	0	0	0	0	0	0	0	0	0	12	102	0	0	0	13	0	0	0	0	0	0	0	46	0	0	0	0	0	0	0	0	0	0	0	0	0	0
Bacteroides	399	479	471	380	195	359	611	199	960	500	1222	1094	739	0	875	0	388	1168	0	1285	9712	20173	9513	9	727	69	2513	0	357	521	275	246	123	488	389	141	1166	713	806	847	112	1323	426	291	0	537	293	134	0	2	0	0	9885	2042	4651	3288	11	30	13	44	0	23	18	46	975	178	315	190
Bariatricus	20	13	17	0	16	10	27	0	12	0	14	14	283	19	192	1	352	181	0	316	0	0	21	0	17	30	105	0	0	0	0	0	0	0	0	0	0	0	0	0	73	463	137	72	0	44	17	50	0	0	0	0	40	18	27	0	0	0	0	0	0	0	0	0	0	0	0	0
Barnesiella	0	0	0	0	0	0	0	0	0	0	0	0	40	0	0	0	26	34	0	0	25	33	0	0	0	0	0	0	0	0	0	0	0	0	0	0	0	0	0	0	0	0	0	0	0	0	0	0	0	0	0	0	0	0	0	0	0	0	0	0	0	0	0	0	0	0	0	0
Bartonella	0	0	0	0	0	0	0	0	0	0	0	0	14	0	0	0	12	22	0	0	27	18	0	0	0	0	0	0	0	0	0	0	0	0	0	0	0	0	0	0	0	0	0	0	0	0	0	0	0	0	0	0	0	0	0	0	0	0	0	0	0	0	0	0	0	0	0	0
Beduini	0	0	0	0	0	0	0	0	0	0	0	0	36	0	15	0	73	74	0	192	0	13	0	0	0	0	0	0	37	0	11	10	31	47	30	27	0	39	15	46	0	36	12	0	0	19	0	0	0	0	0	0	0	0	0	0	0	0	0	0	0	0	0	0	0	0	0	0
Bernardetia	0	0	0	0	0	0	0	0	0	0	0	0	0	0	0	0	0	0	0	84	0	0	0	0	0	0	0	0	0	0	0	0	0	0	0	0	0	0	0	0	0	0	0	0	0	0	0	0	0	0	0	0	0	0	0	0	0	0	0	0	0	0	0	0	0	0	0	0
Bifidobacterium	780	490	915	643	2060	889	1650	1490	871	1605	2204	1868	11	0	18	0	41	18	0	157	0	11	0	0	20	0	10	0	815	524	551	460	1857	1077	1104	1327	730	1553	1534	1226	0	0	0	0	0	0	0	0	0	0	0	0	0	0	0	0	266	117	363	406	476	531	694	2196	546	621	764	379
Blattabacterium	0	0	0	0	0	0	0	0	0	0	0	0	29	0	0	0	17	40	0	13	15	29	0	0	0	0	0	0	0	0	0	0	0	0	0	0	0	0	0	0	0	0	0	0	0	0	0	0	0	0	0	0	0	0	0	0	0	0	0	0	0	0	0	0	0	0	0	0
Blautia	5381	3530	4809	5203	6638	4277	7005	5281	3256	3959	5043	9048	45882	4195	42024	369	81300	43906	55	132212	865	809	197	0	4213	6671	18489	1745	7551	5025	4224	5333	7290	7419	6464	5071	2818	4826	3752	8112	122120	856812	211008	138475	1424	211037	116700	103526	0	0	0	3	111569	358546	141720	295106	4600	3979	3155	7650	1840	3301	4753	11836	2158	3734	1281	3930
Bordetella	0	0	0	0	0	0	0	0	0	0	0	0	0	0	0	0	0	0	0	0	64	136	74	0	0	0	11	0	0	0	0	0	0	0	0	0	0	0	0	0	0	0	0	0	0	0	0	0	0	0	0	0	0	0	0	0	0	0	0	0	0	0	0	0	0	0	0	0
Brachybacterium	0	0	0	0	0	0	0	0	0	0	0	0	79	0	74	0	81	58	0	80	28	17	0	0	15	0	23	0	0	0	0	0	0	0	0	0	0	0	0	0	0	0	0	0	0	0	0	0	0	0	0	0	0	0	0	0	0	0	0	0	0	0	0	0	0	0	0	0
Brachyspira	0	0	0	0	0	0	0	0	0	0	0	0	62	0	0	0	0	0	0	0	0	18	0	0	0	0	0	0	0	0	0	0	0	0	0	0	0	0	0	0	0	0	0	0	0	0	0	0	0	0	0	0	0	0	0	0	0	0	0	0	0	0	0	0	0	0	0	0
Bradyrhizobium	0	0	0	0	0	0	0	0	0	0	0	0	0	0	0	0	0	0	0	0	0	0	0	0	0	0	0	0	0	0	0	0	0	0	0	0	0	0	0	0	0	0	0	0	0	0	0	0	0	0	0	0	0	0	0	38	0	0	0	0	0	0	0	0	0	0	0	0
Brassicibacter	0	0	0	0	0	0	0	0	0	0	0	0	50	0	0	0	37	59	0	20	0	0	0	0	0	0	0	0	0	0	0	0	0	0	0	0	0	0	0	0	0	0	0	0	0	0	0	0	0	0	0	0	0	0	0	0	0	0	0	0	0	0	0	0	0	0	0	0
Brevibacillus	0	0	0	0	0	0	0	0	0	0	0	0	0	0	13	0	0	0	0	0	0	0	0	0	0	0	0	0	0	0	0	0	0	0	0	0	0	0	0	0	0	0	0	0	0	0	0	0	0	0	0	0	0	0	0	0	0	0	0	0	0	0	0	0	0	0	0	0
Breznakia	0	0	0	0	0	0	0	0	0	0	0	0	0	0	60	2	111	0	0	11	23	16	12	0	0	0	55	0	0	0	0	0	0	0	0	0	0	0	0	0	0	0	0	0	0	0	0	0	0	0	0	0	0	0	0	0	0	0	0	0	0	0	0	0	0	0	0	0
Brochothrix	0	0	0	0	0	0	0	0	0	0	0	0	0	0	0	0	0	0	0	16	0	0	0	0	0	0	0	0	0	0	0	0	0	0	0	0	0	0	0	0	0	0	0	0	0	0	0	0	0	0	0	0	0	0	0	0	0	0	0	0	0	0	0	0	0	0	0	0
Buchananella	0	0	0	0	0	0	0	0	0	0	0	0	0	0	0	0	10	0	0	17	0	0	0	0	0	0	0	0	0	0	0	0	0	0	0	0	0	0	0	0	0	0	0	0	0	0	0	0	0	0	0	0	0	0	0	0	0	0	0	0	0	0	0	0	0	0	0	0
Butyricicoccus	13	14	13	11	32	31	63	17	38	23	51	47	53	0	76	0	139	117	0	218	20	114	47	0	15	13	86	0	0	0	0	0	0	47	17	0	44	14	12	12	100	1148	310	176	0	541	322	159	0	0	0	0	1846	1259	1626	711	0	0	0	0	0	11	10	12	38	16	18	0
Butyricimonas	0	0	0	0	0	0	0	0	0	0	0	0	10	0	0	0	0	21	0	0	15	32	13	0	0	0	0	0	0	0	0	0	0	0	0	0	0	0	0	0	0	0	0	0	0	0	0	0	0	0	0	0	0	0	0	0	0	0	0	0	0	0	0	0	0	0	0	0
Butyrivibrio	39	0	17	0	62	0	21	16	20	0	31	26	111	0	462	0	558	82	0	72	16	18	29	0	29	22	294	0	0	0	0	0	0	0	0	0	0	0	0	0	0	0	0	0	0	0	0	0	0	0	0	0	0	0	0	17	0	0	0	0	0	0	0	0	0	0	0	0
Caecibacterium	0	0	0	0	0	0	0	0	0	0	0	0	18	0	0	0	48	14	0	159	0	0	0	0	0	0	40	0	0	0	0	0	0	0	0	0	0	0	0	0	0	0	0	0	0	0	0	0	0	0	0	0	0	0	0	0	0	0	0	0	0	0	0	0	0	0	0	0
Caldilinea	0	0	0	0	0	0	0	0	0	0	0	0	11	0	38	0	33	0	0	73	0	0	0	0	0	0	15	0	0	0	0	0	0	0	0	0	0	0	0	0	0	0	0	0	0	0	0	0	0	0	0	0	0	0	0	0	0	0	0	0	0	0	0	0	0	0	0	0
Calditerricola	0	0	0	0	0	0	0	0	0	0	0	0	0	0	0	0	0	0	0	76	0	0	0	0	0	0	0	0	0	0	0	0	0	0	0	0	0	0	0	0	0	0	0	0	0	0	0	0	0	0	0	0	0	0	0	0	0	0	0	0	0	0	0	0	0	0	0	0
Caldovatus	0	0	0	0	0	0	0	0	0	0	0	0	0	0	0	0	0	0	0	0	0	0	0	0	0	0	0	0	0	0	0	0	0	0	0	0	0	0	0	0	0	0	0	0	0	0	0	0	0	0	0	0	0	0	0	10	0	0	0	0	0	0	0	0	0	0	0	0
Campylobacter	70	95	60	65	32	57	45	16	150	74	107	317	78	0	83	0	37	115	0	74	460	698	302	0	55	14	86	0	17	72	12	14	0	58	0	0	116	56	82	175	63	1723	117	117	0	436	130	36	0	0	0	0	5218	1587	3661	4562	0	14	0	0	0	0	0	0	67	11	16	34
Candidatus Azobacteroides	0	0	0	0	0	0	0	0	0	0	0	0	76	0	0	0	47	99	0	59	178	231	23	0	0	0	28	0	0	0	0	0	0	0	0	0	0	0	0	0	0	0	0	0	0	0	0	0	0	0	0	0	0	0	0	0	0	0	0	0	0	0	0	0	0	0	0	0
Candidatus Desulforudis	0	0	0	0	0	0	0	0	0	0	0	0	0	0	13	0	0	0	0	0	0	0	0	0	0	0	0	0	0	0	0	0	0	0	0	0	0	0	0	0	0	0	0	0	0	0	0	0	0	0	0	0	0	0	0	0	0	0	0	0	0	0	0	0	0	0	0	0
Candidatus Nasuia	0	0	0	0	0	0	0	0	0	0	0	0	0	0	0	0	0	0	0	0	13	0	0	0	0	0	0	0	0	0	0	0	0	0	0	0	0	0	0	0	0	0	0	0	0	0	0	0	0	0	0	0	0	0	0	0	0	0	0	0	0	0	0	0	0	0	0	0
Candidatus Phytoplasma	0	0	0	0	0	0	0	0	0	0	0	0	69	0	11	0	57	25	0	42	0	0	0	0	0	0	0	0	0	0	0	0	0	0	0	0	0	0	0	0	0	0	0	0	0	0	0	0	0	0	0	0	0	0	0	0	0	0	0	0	0	0	0	0	0	0	0	0
Candidatus Promineofilum	0	0	0	0	0	0	0	0	0	0	0	0	0	0	49	0	60	0	0	57	15	22	32	0	0	0	36	0	0	0	0	0	0	0	0	0	0	0	0	0	0	0	0	0	0	0	0	0	0	0	0	0	0	0	0	0	0	0	0	0	0	0	0	0	0	0	0	0
Candidatus Saccharimonas	0	0	0	0	0	0	0	0	0	0	0	0	16	0	0	0	0	0	0	0	0	20	0	0	0	0	0	0	0	0	0	0	0	0	0	0	0	0	0	0	0	0	0	0	0	0	0	0	0	0	0	0	0	0	0	0	0	0	0	0	0	0	0	0	0	0	0	0
Candidatus Walczuchella	0	0	0	0	0	0	0	11	0	0	0	0	0	0	0	0	0	0	0	0	0	0	0	0	0	0	13	0	0	0	0	0	0	0	0	0	0	0	0	0	0	0	0	0	0	0	0	0	0	0	0	0	0	0	0	0	0	0	0	0	0	0	0	0	0	0	0	0
Canibacter	0	0	0	0	0	0	0	0	0	0	0	0	0	0	0	0	0	0	0	0	0	0	0	0	0	0	0	0	0	0	0	0	0	0	0	0	0	0	0	0	0	0	0	0	0	0	0	0	0	0	0	0	12	0	0	0	0	0	0	0	0	0	0	0	0	0	0	0
Caproiciproducens	0	0	0	0	0	0	0	0	0	0	0	0	0	0	11	0	13	0	0	11	0	0	0	0	0	0	20	0	0	0	0	0	0	0	0	0	0	0	0	0	0	0	0	0	0	0	0	0	0	0	0	0	0	31	0	0	0	0	0	0	0	0	0	0	0	0	0	0
Carboxydocella	0	0	0	0	0	0	0	0	0	0	0	0	27	0	196	0	171	19	0	66	0	0	0	0	0	0	51	0	0	0	0	0	0	0	0	0	0	0	0	0	0	0	0	0	0	0	0	0	0	0	0	0	0	0	0	0	0	0	0	0	0	0	0	0	0	0	0	0
Casaltella	136	83	62	101	85	70	104	86	70	224	111	282	54	0	35	0	43	39	0	67	27	14	0	0	0	19	27	0	0	0	0	0	0	0	0	0	0	0	0	0	0	0	0	0	0	0	0	0	0	0	0	0	0	31	0	0	0	0	0	0	0	0	0	0	0	0	0	0
Catenibacterium	5243	2973	3011	4448	5258	2393	4775	3442	1116	647	2497	2162	20877	721	9436	69	25780	11708	8	30229	3829	2820	684	3	900	322	2995	46	4135	2263	1437	2539	3563	2571	2494	1889	786	559	1262	1202	6315	41301	5941	6654	56	6940	3499	3931	1	0	0	0	4789	3074	11986	4315	1671	1193	676	3046	416	469	885	2283	650	211	444	370
Catenisphaera	0	0	0	0	12	0	15	0	0	0	0	0	0	0	0	0	0	0	0	0	0	0	0	0	0	0	0	0	0	0	0	0	0	0	0	0	0	0	0	0	0	0	0	0	0	0	0	0	0	0	0	0	0	0	0	0	0	0	0	0	0	0	0	0	0	0	0	0
Cellulophaga	0	0	0	0	0	0	0	0	0	0	0	0	0	0	0	0	0	0	0	0	0	0	17	0	0	0	0	0	0	0	0	0	0	0	0	0	0	0	0	0	0	0	0	0	0	0	0	0	0	0	0	0	0	0	0	0	0	0	0	0	0	0	0	0	0	0	0	0
Cellulosilyticum	43	16	22	19	70	22	48	63	234	143	74	99	244	0	1442	3	1582	304	0	1223	210	281	82	0	153	136	1220	0	0	0	0	0	0	0	0	0	150	131	0	39	287	1583	852	345	0	910	611	602	0	0	0	0	9111	9986	1883	2208	0	0	0	25	11	12	29	83	218	111	19	35
Cetobacterium	0	0	0	0	0	0	0	0	0	0	0	0	87	0	55	0	54	73	0	101	723	696	251	0	0	0	167	0	0	0	0	0	0	0	0	0	0	0	0	11	0	0	0	0	0	0	0	0	0	0	0	0	0	0	0	0	0	0	0	0	0	0	0	0	0	0	0	0
Chitinispirillum	0	0	0	0	0	0	0	0	0	0	0	0	0	0	41	0	40	0	0	0	0	0	0	0	0	0	42	0	0	0	0	0	0	0	0	0	0	0	0	0	0	0	0	0	0	0	0	0	0	0	0	0	0	0	0	0	0	0	0	0	0	0	0	0	0	0	0	0
Chitinivibrio	0	0	0	0	0	0	0	0	0	0	0	0	20	0	16	0	12	16	0	0	0	12	0	0	0	0	0	0	0	0	0	0	0	0	0	0	0	0	0	0	0	0	0	0	0	0	0	0	0	0	0	0	0	0	0	0	0	0	0	0	0	0	0	0	0	0	0	0
Chlamydia	0	0	0	0	0	0	0	0	0	0	0	0	0	0	0	0	0	0	0	0	0	13	19	0	0	0	0	0	0	0	0	0	0	0	0	0	0	0	0	0	0	0	0	0	0	0	0	0	0	0	0	0	0	0	0	0	0	0	0	0	0	0	0	0	0	0	0	0
Christensenella	0	0	0	0	0	0	0	0	0	0	0	0	21	0	27	0	55	15	0	22	116	92	48	0	0	0	65	0	0	0	0	0	0	0	0	0	0	0	0	0	0	0	0	0	0	0	0	0	0	0	0	0	0	0	0	0	0	0	0	0	0	0	0	0	0	0	0	0
Chromobacterium	0	0	0	0	0	0	0	0	0	0	0	0	0	0	0	0	0	0	0	0	45	81	50	0	0	0	11	0	0	0	0	0	0	0	0	0	0	0	0	0	0	0	0	0	0	0	0	0	0	0	0	0	0	0	0	0	0	0	0	0	0	0	0	0	0	0	0	0
Chroococcidiopsis	0	0	0	0	0	0	0	0	0	0	0	0	0	0	0	0	0	0	0	0	0	0	0	0	0	0	15	0	0	0	0	0	0	0	0	0	0	0	0	0	0	0	0	0	0	0	0	0	0	0	0	0	0	0	0	0	0	0	0	0	0	0	0	0	0	0	0	0
Chthoniobacter	0	0	0	0	0	0	0	0	0	0	0	0	0	0	0	0	0	0	0	0	0	0	0	0	0	0	0	0	0	0	0	0	0	0	0	0	0	0	0	0	0	0	0	0	0	0	0	0	0	0	0	0	0	0	0	11	0	0	0	0	0	0	0	0	0	0	0	0
Clostridiisalibacter	0	0	0	0	0	0	0	0	0	0	0	0	0	0	0	0	0	0	0	15	0	0	0	0	0	0	11	0	0	0	0	0	0	0	0	0	0	0	0	0	0	0	0	0	0	0	0	0	0	0	0	0	0	0	0	0	0	0	0	0	0	0	0	0	0	0	0	0
Clostridioides	171	45	131	108	160	109	215	130	149	168	142	281	1252	73	3360	8	3941	1179	4	2835	1836	1128	129	0	169	106	621	14	0	0	0	0	26	20	0	19	0	12	0	15	0	18	0	0	0	0	0	0	0	0	0	0	0	0	0	0	0	0	0	0	0	0	0	0	0	0	0	0
Clostridium	145	68	154	137	332	254	417	298	217	362	227	360	1350	63	1249	3	3079	2525	2	5965	1016	927	182	0	287	579	846	12	113	0	62	26	313	527	248	268	198	436	69	302	1519	10275	3593	1626	21	9170	4148	3537	0	0	0	0	7729	15514	3329	7242	82	48	48	92	36	142	153	480	150	139	21	66
Cohnella	0	0	0	0	0	0	0	0	0	0	0	0	0	0	15	0	19	0	0	19	0	0	0	0	0	0	0	0	0	0	0	0	0	0	0	0	0	0	0	0	0	0	0	0	0	0	0	0	0	0	0	0	0	0	0	0	0	0	0	0	0	0	0	0	0	0	0	0
Colidextribacter	0	0	0	0	0	0	0	0	0	0	0	0	0	0	44	0	55	0	0	42	0	0	0	0	29	0	107	0	0	0	0	0	0	0	0	0	0	0	0	0	0	0	0	0	0	0	0	0	0	0	0	0	0	0	0	0	0	0	0	0	0	0	0	0	0	0	0	0
Collinsella	2307	1450	2417	1747	3631	1403	2887	2306	1994	1838	3063	3036	22252	1440	24555	104	50913	16537	20	59984	2697	11741	5663	8	4020	2511	14310	322	4063	2912	2855	2877	5990	3649	3388	2932	3034	3735	3360	3689	1205	7421	10872	8708	0	1792	1872	4183	0	0	0	0	13817	6939	23315	15334	1447	1020	1588	2486	892	814	1295	5211	4479	1770	2183	1680
Comamonas	0	0	0	0	0	0	0	0	0	0	0	0	0	0	0	0	0	0	0	0	11	12	0	0	0	0	0	0	0	0	0	0	0	0	0	0	0	0	0	0	0	0	0	0	0	0	0	0	0	0	0	0	0	0	0	0	0	0	0	0	0	0	0	0	0	0	0	0
Confluentibacter	0	0	0	0	0	0	0	0	0	0	0	0	37	0	0	0	24	24	0	13	20	27	0	0	0	0	0	0	0	0	0	0	0	0	0	0	0	0	0	0	0	0	0	0	0	0	0	0	0	0	0	0	0	0	0	0	0	0	0	0	0	0	0	0	0	0	0	0
Coprobacillus	0	0	0	0	0	0	0	0	0	0	0	0	0	0	0	0	0	0	0	18	0	0	0	0	0	0	0	0	0	0	0	0	0	0	0	0	0	0	0	0	0	27	0	0	0	0	0	0	0	0	0	0	10	0	0	0	0	0	0	0	0	0	0	0	0	0	0	0
Coprobacter	0	0	0	0	0	0	0	0	0	0	0	0	13	0	0	0	0	0	0	0	0	0	0	0	0	0	0	0	0	0	0	0	0	0	0	0	0	0	0	0	0	0	0	0	0	0	0	0	0	0	0	0	0	0	0	0	0	0	0	0	0	0	0	0	0	0	0	0
Coprococcus	25	0	0	0	25	0	31	0	0	0	11	15	255	19	32	0	249	282	0	75	15	0	0	0	21	17	0	0	16	12	0	0	0	0	0	0	0	0	0	11	73	446	134	68	0	124	55	86	0	0	0	0	28	25	34	19	0	0	0	0	0	0	0	0	0	0	0	0
Coriobacterium	0	0	0	0	0	0	0	0	0	0	0	0	35	0	237	0	257	24	0	40	12	42	96	0	0	0	174	0	0	0	0	0	0	0	0	0	0	0	0	0	0	0	0	0	0	0	0	0	0	0	0	0	0	0	0	0	0	0	0	0	0	0	0	0	0	0	0	0
Corynebacterium	0	0	0	0	0	0	0	0	0	0	0	0	67	0	46	0	48	11	0	22	0	15	0	0	0	0	54	0	0	0	0	0	0	0	0	0	0	0	0	0	0	0	0	0	0	0	0	0	0	0	0	0	0	0	0	0	0	0	0	0	0	0	0	0	0	0	0	0
Crassaminicella	0	0	0	0	0	0	0	0	0	0	0	0	88	0	24	0	85	33	0	65	0	0	0	1	0	0	12	0	0	0	0	0	0	0	0	0	0	0	0	0	0	0	0	0	0	0	0	0	0	0	0	0	0	0	0	0	0	0	0	0	0	0	0	0	0	0	0	0
Croceibacter	0	0	0	0	0	0	0	0	0	0	0	0	119	0	0	0	94	63	0	37	27	64	0	0	0	0	0	0	0	0	0	0	0	0	0	0	0	0	0	0	0	0	0	0	0	0	0	0	0	0	0	0	0	0	0	0	0	0	0	0	0	0	0	0	0	0	0	0
Cryobacterium	0	0	0	0	0	0	0	0	0	0	0	0	0	0	0	0	0	0	0	17	0	0	0	0	0	0	0	0	0	0	0	0	0	0	0	0	0	0	0	0	0	0	0	0	0	0	0	0	0	0	0	0	0	0	0	0	0	0	0	0	0	0	0	0	0	0	0	0
Cryptobacterium	0	0	0	0	0	0	0	0	0	0	0	0	87	0	49	0	122	30	0	159	0	17	0	0	0	0	77	0	0	0	0	0	0	0	0	0	0	0	0	0	0	0	0	0	0	0	0	0	0	0	0	0	0	0	0	0	0	0	0	0	0	0	0	0	0	0	0	0
Cuneatibacter	0	0	0	0	0	0	0	0	0	0	0	0	12	0	16	0	18	0	0	24	0	0	0	0	0	16	14	0	0	0	0	0	0	0	0	0	0	0	0	0	0	0	0	0	0	0	0	0	0	0	0	0	0	0	0	0	0	0	0	0	0	0	0	0	0	0	0	0
Cupriavidus	0	0	0	0	0	0	0	0	0	0	0	0	0	0	0	0	0	0	0	0	0	0	10	0	0	0	0	0	0	0	0	0	0	0	0	0	0	0	0	0	0	0	0	0	0	0	0	0	0	0	0	0	0	0	0	0	0	0	0	0	0	0	0	0	0	0	0	0
Dactylococcopsis	0	0	0	0	0	0	0	0	0	0	0	0	20	0	0	0	15	0	0	0	0	0	0	0	0	0	0	0	0	0	0	0	0	0	0	0	0	0	0	0	0	0	0	0	0	0	0	0	0	0	0	0	0	0	0	0	0	0	0	0	0	0	0	0	0	0	0	0
Dehalobacterium	0	0	0	0	0	0	0	0	0	0	0	0	0	0	0	0	0	0	0	0	0	23	12	0	0	0	0	0	0	0	0	0	0	0	0	0	0	0	0	0	0	0	0	0	0	0	0	0	0	0	0	0	0	0	0	0	0	0	0	0	0	0	0	0	0	0	0	0
Dehalococcoides	0	0	0	0	0	0	0	0	0	0	0	0	44	0	0	0	29	31	0	25	0	0	0	0	0	0	0	0	0	0	0	0	0	0	0	0	0	0	0	0	0	0	0	0	0	0	0	0	0	0	0	0	0	0	0	0	0	0	0	0	0	0	0	0	0	0	0	0
Demequina	0	0	0	0	0	0	0	0	0	0	0	0	11	0	0	0	0	27	0	0	32	0	0	0	0	0	0	0	0	0	0	0	0	0	0	0	0	0	0	0	0	0	0	0	0	0	0	0	0	0	0	0	0	0	0	0	0	0	0	0	0	0	0	0	0	0	0	0
Denitrobacterium	0	0	0	0	0	0	0	0	0	0	0	0	17	0	67	0	59	0	0	53	0	0	0	0	0	0	30	0	0	0	0	0	0	0	0	0	0	0	0	0	0	0	0	0	0	0	0	0	0	0	0	0	0	0	0	0	0	0	0	0	0	0	0	0	0	0	0	0
Desulfallas	0	0	0	0	0	0	0	0	0	0	0	0	0	0	0	0	0	0	0	13	0	13	12	0	0	0	0	0	0	0	0	0	0	0	0	0	0	0	0	0	0	0	0	0	0	0	0	0	0	0	0	0	0	0	0	0	0	0	0	0	0	0	0	0	0	0	0	0
Desulfitibacter	178	105	134	160	123	70	97	92	58	32	59	100	22	0	0	0	0	0	0	0	0	0	0	0	0	0	0	0	0	0	0	0	0	0	0	0	0	0	0	0	0	0	0	0	0	0	0	0	0	0	0	0	0	0	0	0	0	0	0	0	0	0	0	0	0	0	0	0
Desulfitobacterium	0	0	0	0	0	0	0	0	0	0	0	0	19	0	0	0	15	0	0	21	0	0	0	0	0	0	0	0	0	0	0	0	0	0	0	0	0	0	0	0	0	0	0	0	0	0	0	0	0	0	0	0	0	0	0	0	0	0	0	0	0	0	0	0	0	0	0	0
Desulfococcus	0	0	0	0	0	0	0	0	0	0	0	0	0	0	12	0	0	0	0	0	0	0	0	0	0	0	0	0	0	0	0	0	0	0	0	0	0	0	0	0	0	0	0	0	0	0	0	0	0	0	0	0	0	0	0	0	0	0	0	0	0	0	0	0	0	0	0	0
Desulfotomaculum	0	0	0	0	0	0	0	0	0	0	0	0	34	0	0	0	21	15	0	0	0	0	14	0	0	0	0	0	0	0	0	0	0	0	0	0	0	0	0	0	0	0	0	0	0	0	0	0	0	0	0	0	0	0	0	0	0	0	0	0	0	0	0	0	0	0	0	0
Desulfovibrio	0	0	0	0	0	0	0	0	0	0	0	0	54	0	14	0	25	41	0	16	26	12	0	0	0	0	0	0	0	0	0	0	0	0	0	0	0	0	0	0	0	0	0	0	0	0	0	0	0	0	0	0	0	0	0	0	0	0	0	0	0	0	0	0	0	0	0	0
Dielma	0	0	0	0	0	0	0	0	0	0	27	0	26	0	18	0	48	49	0	38	43	68	21	0	0	0	56	0	0	0	0	0	0	0	0	0	0	0	0	0	0	0	0	0	0	0	0	0	0	0	0	0	24	0	43	0	0	0	0	0	0	0	0	0	0	0	0	0
Dorea	0	0	0	0	0	0	0	0	0	0	0	0	63	0	65	0	85	56	0	55	0	12	0	0	0	11	50	0	0	0	0	0	0	0	0	0	0	0	0	0	0	0	0	0	0	0	0	0	0	0	0	0	0	0	0	0	0	0	0	0	0	0	0	0	0	0	0	0
Drancourtella	35	22	36	27	59	25	49	38	16	0	0	0	78	0	248	0	197	71	0	668	11	10	17	0	0	12	178	0	19	15	0	16	11	17	17	0	0	31	0	60	0	17	0	0	0	0	0	0	0	0	0	0	0	0	0	0	0	0	0	0	0	0	0	0	0	0	0	0
Duncaniella	0	0	0	0	0	0	0	0	0	0	0	0	0	0	0	0	0	0	0	0	0	16	0	0	0	0	0	0	0	0	0	0	0	0	0	0	0	0	0	0	0	0	0	0	0	0	0	0	0	0	0	0	0	0	0	0	0	0	0	0	0	0	0	0	0	0	0	0
Eggerthella	0	0	0	0	0	0	0	0	0	0	0	0	147	0	1637	2	1529	67	0	217	130	174	160	0	0	0	790	0	0	0	0	0	0	0	0	0	0	0	0	0	0	0	0	0	0	0	0	0	0	0	0	0	0	0	0	0	0	0	0	0	0	0	0	0	0	0	0	0
Eikenella	0	0	0	0	0	0	0	0	0	0	0	0	0	0	0	0	0	0	0	0	17	22	23	0	0	0	0	0	0	0	0	0	0	0	0	0	0	0	0	0	0	0	0	0	0	0	0	0	0	0	0	0	0	0	0	0	0	0	0	0	0	0	0	0	0	0	0	0
Eisenbergiella	0	0	0	0	0	0	0	0	0	0	0	0	689	53	143	0	1225	1254	1	442	185	261	0	0	270	155	48	0	0	0	0	0	0	28	0	0	25	32	10	27	478	6185	1044	664	0	1337	604	434	0	0	0	0	8658	7631	6672	4740	0	0	0	0	0	0	0	0	0	0	0	0
Emergencia	0	0	0	0	0	0	0	0	0	0	0	0	22	0	14	0	16	22	0	15	0	0	0	0	0	0	0	0	0	0	0	0	0	0	0	0	0	0	0	0	0	0	0	0	0	0	0	0	0	0	0	0	0	0	0	0	0	0	0	0	0	0	0	0	0	0	0	0
Enorma	0	0	0	0	0	0	0	0	0	0	0	0	60	0	10	0	50	36	0	109	0	0	0	0	0	0	10	0	0	0	0	0	0	0	0	0	0	0	0	0	0	0	0	0	0	0	0	0	0	0	0	0	0	0	0	0	0	0	0	0	0	0	0	0	0	0	0	0
Enterocloster	166	187	173	207	245	245	325	208	705	555	879	943	607	29	317	0	965	793	2	639	161	162	0	0	460	284	191	0	12	0	0	0	0	0	0	0	0	0	0	0	6348	68278	11634	8470	83	16634	8036	5944	0	0	0	0	160354	127709	117330	81084	250	349	183	479	124	301	378	747	3649	1314	1186	1166
Enterococcus	0	0	0	0	0	0	0	0	0	12	0	25	0	0	0	0	0	0	0	21	0	0	0	0	0	11	16	0	0	0	0	0	0	0	0	0	0	0	0	12	0	80	35	11	0	47	31	30	0	0	0	0	33	677	55	380	0	0	0	0	0	0	0	0	0	0	0	0
Enterorhabdus	0	0	0	0	0	0	0	0	0	0	0	0	0	0	0	0	0	0	0	11	0	0	0	0	0	0	0	0	0	0	0	0	0	0	0	0	0	0	0	0	0	0	0	0	0	0	0	0	0	0	0	0	0	0	0	0	0	0	0	0	0	0	0	0	0	0	0	0
Enterovirga	0	0	0	0	0	0	0	0	0	0	0	0	0	0	0	0	0	0	0	0	0	0	0	0	0	0	0	0	0	0	0	0	0	0	0	0	0	0	0	0	0	0	0	0	0	0	0	0	0	0	0	0	0	0	0	12	0	0	0	0	0	0	0	0	0	0	0	0
Ercella	0	0	0	0	0	0	0	0	0	0	0	0	0	0	49	0	36	0	0	0	0	0	0	0	0	0	19	0	0	0	0	0	0	0	0	0	0	0	0	0	0	0	0	0	0	0	0	0	0	0	0	0	0	0	0	0	0	0	0	0	0	0	0	0	0	0	0	0
Erysipelatoclostridium	1058	533	983	913	880	531	684	709	621	273	525	1208	3262	85	3688	11	3710	2060	0	6479	99	210	97	0	508	129	1090	26	869	393	531	446	703	617	442	424	524	265	309	817	1121	6971	2299	1002	0	1806	618	878	0	0	0	0	3253	1777	2980	3680	239	172	153	374	69	88	114	405	380	112	63	237
Erysipelothrix	0	0	0	0	0	0	0	0	0	0	0	0	205	0	270	0	409	76	0	86	57	30	24	0	0	0	140	0	0	0	0	0	0	0	0	0	0	0	14	0	0	0	0	0	0	0	0	0	0	0	0	0	0	0	0	0	0	0	0	0	0	0	0	0	0	0	0	0
Escherichia	14	0	20	11	0	13	18	0	49	59	55	84	27	0	0	0	18	21	0	0	0	0	0	0	0	0	0	0	0	0	0	0	0	0	0	0	0	28	27	0	35	745	134	77	0	82	39	17	0	0	0	0	1137	1436	1032	1093	0	0	0	0	0	0	0	0	16	0	0	0
Eubacterium	156	68	132	112	148	59	187	65	66	57	112	167	1050	71	962	5	1195	586	0	2563	149	102	58	0	165	173	822	31	0	0	0	0	0	0	0	0	0	0	0	0	0	29	0	0	0	0	0	0	0	0	0	0	0	0	0	0	0	0	0	0	0	0	0	0	0	0	0	0
Euhalothece	0	0	0	0	0	0	0	0	0	0	0	0	58	0	0	0	41	30	0	14	12	0	0	0	0	0	0	0	0	0	0	0	0	0	0	0	0	0	0	0	0	0	0	0	0	0	0	0	0	0	0	0	0	0	0	0	0	0	0	0	0	0	0	0	0	0	0	0
Facklamia	19	19	28	0	39	17	29	26	0	24	12	45	0	0	0	0	0	0	0	0	0	0	0	0	0	0	0	0	0	0	0	0	0	0	0	0	0	0	0	0	0	0	0	0	0	0	0	0	0	0	0	0	0	0	0	0	0	0	0	0	0	0	0	0	0	0	0	0
Faecalibacterium	978	746	733	897	1183	1539	1829	1138	1817	2200	4096	3801	4077	385	2600	19	5739	8702	10	13238	29994	20694	4938	9	2678	2925	13104	328	1738	1186	806	1308	1598	2833	1925	1310	2751	3397	4299	4078	5704	56161	8404	8503	34	20874	9223	5139	0	1	0	4	93460	110177	142435	115452	290	263	153	509	40	364	265	718	2358	1204	1786	1231
Faecalibaculum	0	0	0	0	0	0	0	0	0	0	0	0	76	0	156	0	194	34	0	136	51	23	41	0	0	0	52	0	0	0	0	0	0	0	0	0	0	0	0	0	0	0	0	0	0	0	0	0	0	0	0	0	0	0	16	0	0	0	0	0	0	0	0	0	17	0	0	0
Faecalicatena	81	52	93	91	125	68	102	75	95	103	110	111	3452	310	5056	58	10148	3709	4	9429	345	336	140	0	261	262	3410	202	164	66	77	84	160	118	135	134	21	17	13	62	211	1244	515	282	0	648	391	398	0	0	0	0	1060	572	739	650	163	99	117	270	112	192	226	909	255	91	54	174
Faecalicoccus	0	0	0	0	0	0	0	0	0	0	0	0	0	0	151	0	110	0	0	70	63	58	144	0	0	0	74	0	0	0	0	0	0	0	0	0	0	0	0	0	0	0	0	0	0	0	0	0	0	0	0	0	0	0	0	0	0	0	0	0	0	0	0	0	0	0	0	0
Faecalimonas	1286	796	1031	1074	1563	998	1750	1063	262	265	281	485	9906	1098	8734	123	19300	9588	9	29657	346	330	99	0	386	408	1812	106	2108	1396	1149	1588	2474	2200	1890	1512	342	357	352	468	40011	264663	69790	48122	523	67986	38592	39413	1	0	1	0	32443	33014	31961	24284	1478	1115	939	2513	578	941	1529	3717	582	304	259	284
Faecalitalea	0	0	0	0	0	0	0	0	0	0	0	0	12	0	64	0	76	17	0	164	53	57	126	0	0	0	48	0	0	0	0	0	0	0	0	0	0	0	0	0	0	0	0	0	0	0	0	0	0	0	0	0	0	0	0	0	0	0	0	0	0	0	0	0	0	0	0	0
Falcatimonas	0	0	0	0	0	0	13	0	0	0	0	0	35	0	76	0	130	40	0	197	13	11	0	0	19	33	70	0	0	0	0	0	0	0	0	0	0	0	0	0	23	171	51	22	0	52	32	37	0	0	0	0	67	80	41	62	0	0	0	0	0	0	0	0	0	0	0	0
Ferruginibacter	0	0	0	0	0	0	0	0	0	0	0	0	0	0	0	0	0	0	0	0	0	0	0	0	0	0	0	0	0	0	0	0	0	0	0	0	0	0	0	0	0	0	0	0	0	0	0	0	0	0	0	0	0	0	0	16	0	0	0	0	0	0	0	0	0	0	0	0
Filifactor	0	0	0	0	0	0	0	0	0	0	0	0	11	0	15	0	28	0	0	11	0	0	0	0	0	0	0	0	0	0	0	0	0	0	0	0	0	0	0	0	0	0	0	0	0	0	0	0	0	0	0	0	0	0	0	0	0	0	0	0	0	0	0	0	0	0	0	0
Finegoldia	0	0	0	0	0	0	0	0	0	0	0	0	0	0	0	0	0	10	0	15	19	0	0	0	0	0	0	0	0	0	0	0	0	0	0	0	0	0	0	0	0	0	0	0	0	0	0	0	0	0	0	0	0	0	0	0	0	0	0	0	0	0	0	0	0	0	0	0
Flaviflexus	0	0	0	0	0	0	0	0	0	0	0	0	42	0	0	0	26	67	0	61	0	0	0	0	0	0	0	0	0	0	0	0	0	0	0	0	0	0	0	0	0	0	0	0	0	0	0	0	0	0	0	0	0	0	0	0	0	0	0	0	0	0	0	0	0	0	0	0
Flavitalea	0	0	0	0	0	0	0	0	0	0	0	13	0	0	0	0	0	0	0	0	0	0	0	0	0	0	0	0	0	0	0	0	0	0	0	0	0	0	0	0	0	0	0	0	0	0	0	0	0	0	0	0	0	0	0	42	0	0	0	0	0	0	0	0	0	0	0	0
Flavobacterium	0	0	0	0	0	0	0	0	0	0	0	0	0	0	0	0	0	0	0	0	14	12	0	0	0	0	0	0	0	0	0	0	0	0	0	0	0	0	0	0	0	0	0	0	0	0	0	0	0	0	0	0	0	0	0	0	0	0	0	0	0	0	0	0	0	0	0	0
Flavonifractor	0	0	0	0	0	0	0	0	0	0	0	0	32	0	27	0	20	30	0	12	14	14	0	0	25	0	11	0	0	0	0	0	0	0	0	0	0	0	0	0	0	0	0	0	0	0	0	0	0	0	0	0	611	49	168	22	0	0	0	0	0	0	0	0	0	0	0	0
Fournierella	29	14	0	16	68	70	79	37	11	30	44	56	90	0	63	0	412	290	0	553	216	143	15	0	26	38	68	0	11	0	0	0	80	77	89	49	0	17	0	24	191	1171	194	216	0	906	536	330	0	0	0	0	619	1583	850	1130	10	0	0	20	0	17	24	48	23	18	0	16
Frateuria	0	0	0	0	0	0	0	0	0	0	0	0	0	0	0	0	0	0	0	0	0	15	11	0	0	0	0	0	0	0	0	0	0	0	0	0	0	0	0	0	0	0	0	0	0	0	0	0	0	0	0	0	0	0	0	0	0	0	0	0	0	0	0	0	0	0	0	0
Frisingicoccus	128	53	96	112	143	82	126	102	13	13	16	30	179	19	43	1	152	101	0	80	0	0	0	0	0	0	0	0	0	0	0	0	0	0	0	0	0	0	0	0	0	0	0	0	0	0	0	0	0	0	0	0	0	0	0	0	0	0	0	0	0	0	0	0	0	0	0	0
Fusicatenibacter	0	0	0	0	0	0	0	0	0	0	0	0	153	20	68	0	395	276	0	107	0	0	0	0	23	11	23	0	270	320	166	216	317	534	386	224	1252	1003	997	951	0	64	14	0	0	0	0	0	0	0	0	0	94	85	69	48	0	0	0	0	0	0	0	0	0	0	0	0
Fusobacterium	2700	3092	3316	3056	2516	3069	5064	2106	5515	5108	8455	7449	5590	588	8267	9	7425	9354	2	15879	143203	122893	23548	7	6151	4869	22317	186	3238	3654	2892	2706	2678	5028	4062	2040	6029	6853	6579	6459	1323	20765	12968	7988	0	6488	4342	3623	0	2	2	3	85881	50732	115445	72251	113	317	207	470	41	193	250	482	3201	1358	1911	915
Gabonia	0	0	0	0	0	0	0	0	0	0	0	0	12	0	0	0	0	0	0	0	0	0	0	0	0	0	0	0	0	0	0	0	0	0	0	0	0	0	0	0	0	0	0	0	0	0	0	0	0	0	0	0	0	0	0	0	0	0	0	0	0	0	0	0	0	0	0	0
Gabonibacter	0	0	0	0	0	0	0	0	0	0	0	0	0	0	0	0	0	0	0	0	0	0	13	0	0	0	0	0	0	0	0	0	0	0	0	0	0	0	0	0	0	0	0	0	0	0	0	0	0	0	0	0	0	0	0	0	0	0	0	0	0	0	0	0	0	0	0	0
Gaiella	0	0	0	0	0	0	0	0	0	0	0	0	0	0	28	0	40	0	0	125	0	0	14	0	0	0	45	0	0	0	0	0	0	0	0	0	0	0	0	0	0	0	0	0	0	0	0	0	0	0	0	0	0	0	0	25	0	0	0	0	0	0	0	0	0	0	0	0
Gallionella	0	0	0	0	0	0	0	0	0	0	0	0	0	0	0	0	0	0	0	0	45	74	35	0	0	0	15	0	0	0	0	0	0	0	0	0	0	0	0	0	0	0	0	0	0	0	0	0	0	0	0	0	0	0	0	0	0	0	0	0	0	0	0	0	0	0	0	0
Geitlerinema	0	0	0	0	0	0	0	0	0	0	0	0	12	0	0	0	0	11	0	18	0	0	0	0	0	0	0	0	0	0	0	0	0	0	0	0	0	0	0	0	0	0	0	0	0	0	0	0	0	0	0	0	0	0	0	0	0	0	0	0	0	0	0	0	0	0	0	0
Gemmiger	0	0	0	0	0	0	0	0	0	0	0	0	0	0	0	0	0	12	0	0	19	11	0	0	0	0	0	0	0	0	0	0	0	0	0	0	0	0	0	0	0	0	0	0	0	0	0	0	0	0	0	0	0	0	0	0	0	0	0	0	0	0	0	0	0	0	0	0
Geobacillus	14	0	15	10	18	0	0	0	0	0	0	0	0	0	0	0	0	0	0	0	0	0	0	0	0	0	0	0	0	0	0	0	0	0	0	0	0	0	0	0	0	0	0	0	0	0	0	0	0	0	0	0	0	0	0	0	0	0	0	0	0	0	0	0	0	0	0	0
Geobacter	0	0	0	0	0	0	0	0	0	0	0	0	14	0	0	1	0	25	0	0	0	0	0	0	0	0	0	0	0	0	0	0	0	0	0	0	0	0	0	0	0	0	0	0	0	0	0	0	0	0	0	0	0	0	0	0	0	0	0	0	0	0	0	0	0	0	0	0
Geosporobacter	0	0	0	21	0	0	0	0	0	35	0	52	127	0	68	0	107	82	1	308	0	0	0	0	0	22	0	0	0	0	0	0	0	0	0	0	0	0	0	0	0	0	0	0	0	0	0	0	0	0	0	0	0	0	0	0	0	0	0	0	0	0	0	0	0	0	0	0
Globicatella	0	0	0	0	0	0	0	0	0	0	0	0	0	0	0	0	0	0	0	0	0	0	0	0	0	0	0	0	0	0	0	0	0	0	0	0	0	0	0	0	0	0	0	0	0	0	0	0	0	0	0	0	0	0	17	0	0	0	0	0	0	0	0	0	0	0	0	0
Gloeothece	0	0	0	0	0	0	0	0	0	0	0	0	34	0	0	0	28	26	0	27	0	0	0	0	0	0	0	0	0	0	0	0	0	0	0	0	0	0	0	0	0	0	0	0	0	0	0	0	0	0	0	0	0	0	0	0	0	0	0	0	0	0	0	0	0	0	0	0
Glutamicibacter	0	0	0	0	0	0	0	0	0	0	0	0	87	0	0	0	42	61	0	105	38	17	0	0	0	0	0	0	0	0	0	0	0	0	0	0	0	0	0	0	0	0	0	0	0	0	0	0	0	0	0	0	0	0	0	0	0	0	0	0	0	0	0	0	0	0	0	0
Gordonibacter	0	0	0	0	0	0	0	0	0	0	0	0	49	0	140	0	188	42	0	162	0	0	0	0	0	0	61	0	0	0	0	0	0	0	0	0	0	0	0	0	0	0	0	0	0	0	0	0	0	0	0	0	0	0	0	0	0	0	0	0	0	0	0	0	0	0	0	0
Gorillibacterium	0	0	0	0	0	0	0	0	0	0	0	0	0	0	248	0	189	0	0	107	0	0	0	0	0	0	114	0	0	0	0	0	0	0	0	0	0	0	0	0	0	0	0	0	0	0	0	0	0	0	0	0	0	0	0	0	0	0	0	0	0	0	0	0	0	0	0	0
Gottschalkia	0	0	0	0	0	0	0	0	0	0	0	0	99	0	60	1	144	107	0	209	0	0	0	0	0	0	20	0	0	0	0	0	0	0	0	0	0	0	0	0	0	0	0	0	0	0	0	0	0	0	0	0	0	0	0	0	0	0	0	0	0	0	0	0	0	0	0	0
Gryllotalpicola	0	0	0	0	0	0	0	0	0	0	0	0	71	0	0	0	50	84	0	46	47	53	10	0	0	0	0	0	0	0	0	0	0	0	0	0	0	0	0	0	0	0	0	0	0	0	0	0	0	0	0	0	0	0	0	0	0	0	0	0	0	0	0	0	0	0	0	0
Guggenheimella	0	0	0	0	0	0	0	0	0	0	0	0	29	0	0	0	0	0	0	0	0	0	0	0	0	0	0	0	0	0	0	0	0	0	0	0	0	0	0	0	0	0	0	0	0	0	0	0	0	0	0	0	0	0	0	0	0	0	0	0	0	0	0	0	0	0	0	0
Halobacillus	0	0	0	0	0	0	0	0	0	0	0	0	14	0	0	0	0	0	0	0	0	0	0	0	0	0	0	0	0	0	0	0	0	0	0	0	0	0	0	0	0	0	0	0	0	0	0	0	0	0	0	0	0	0	0	0	0	0	0	0	0	0	0	0	0	0	0	0
Halomicronema	0	0	0	0	0	0	0	0	0	0	0	0	13	0	0	0	0	0	0	0	0	0	0	0	0	0	0	0	0	0	0	0	0	0	0	0	0	0	0	0	0	0	0	0	0	0	0	0	0	0	0	0	0	0	0	0	0	0	0	0	0	0	0	0	0	0	0	0
Halothece	0	0	0	0	0	0	0	0	0	0	0	0	10	0	0	0	11	0	0	0	0	0	0	0	0	0	0	0	0	0	0	0	0	0	0	0	0	0	0	0	0	0	0	0	0	0	0	0	0	0	0	0	0	0	0	0	0	0	0	0	0	0	0	0	0	0	0	0
Haoranjiania	0	0	0	0	0	0	0	0	0	0	0	0	12	0	0	0	0	17	0	0	0	0	0	0	0	0	0	0	0	0	0	0	0	0	0	0	0	0	0	0	0	0	0	0	0	0	0	0	0	0	0	0	0	0	0	0	0	0	0	0	0	0	0	0	0	0	0	0
Helicobacter	0	0	0	0	0	21	0	0	22	0	24	147	0	0	0	0	0	38	0	0	0	0	0	0	0	0	47	0	46	50	0	0	0	117	0	0	172	61	143	597	26	1077	86	83	0	554	92	29	0	1	0	0	7175	2069	6186	10985	0	0	0	0	0	0	0	0	92	15	21	75
Heliobacterium	0	0	0	0	0	0	0	0	0	0	0	0	27	0	14	0	40	0	0	22	0	0	0	0	0	0	0	0	0	0	0	0	0	0	0	0	0	0	0	0	0	0	0	0	0	0	0	0	0	0	0	0	0	0	0	0	0	0	0	0	0	0	0	0	0	0	0	0
Herbinix	13	0	11	0	20	0	14	0	0	11	0	17	34	0	44	0	81	21	0	212	0	0	0	0	0	0	16	0	0	0	0	0	0	0	0	0	0	0	0	0	0	0	0	0	0	0	0	0	0	0	0	0	0	0	0	0	0	0	0	0	0	0	0	0	0	0	0	0
Hespellia	0	0	0	0	0	0	0	0	0	0	0	0	145	18	95	3	275	240	0	320	0	0	0	0	44	34	0	0	40	31	22	32	47	33	29	51	12	0	10	12	0	0	0	0	0	0	0	0	0	0	0	0	0	0	0	0	0	0	0	0	0	0	0	0	0	0	0	0
Holdemanella	0	0	0	0	0	0	0	0	0	0	0	0	0	0	10	0	0	0	0	18	0	0	0	0	0	0	0	0	0	0	0	0	0	0	0	0	0	0	0	0	0	0	0	0	0	0	0	0	0	0	0	0	0	0	0	0	0	0	0	0	0	0	0	0	0	0	0	0
Holdemania	0	0	0	0	0	0	0	0	0	0	0	0	45	0	101	0	187	58	1	112	0	0	0	0	0	0	29	0	0	0	0	0	0	0	0	0	0	0	0	0	0	0	0	0	0	0	0	0	0	0	0	0	0	0	0	0	0	0	0	0	0	0	0	0	0	0	0	0
Howardella	0	0	0	0	0	0	0	0	0	0	0	0	46	0	20	0	53	22	0	49	33	20	0	0	0	15	45	0	0	0	0	0	0	0	0	0	0	0	0	0	0	0	0	0	0	0	0	0	0	0	0	0	0	0	0	0	0	0	0	0	0	0	0	0	0	0	0	0
Hungatella	0	0	0	32	14	17	26	0	51	37	52	36	245	20	194	2	352	194	0	298	66	61	15	0	209	130	277	0	0	0	0	0	0	0	0	0	0	26	0	0	292	4201	749	415	0	1388	687	446	0	0	0	0	5887	8363	6822	3449	0	0	0	0	0	0	0	15	40	0	10	12
Hydrogenispora	0	0	0	0	0	0	0	0	0	0	0	0	19	0	0	0	0	12	0	11	0	0	0	0	0	0	0	0	0	0	0	0	0	0	0	0	0	0	0	0	0	0	0	0	0	0	0	0	0	0	0	0	0	0	0	0	0	0	0	0	0	0	0	0	0	0	0	0
Hydrogenoanaerobacterium	0	0	0	0	0	0	0	0	0	0	20	14	0	0	0	0	0	13	0	17	0	0	0	0	11	0	0	0	0	0	0	0	0	0	0	0	0	0	0	0	0	0	0	0	0	0	0	0	0	0	0	0	16	0	14	0	0	0	0	0	0	0	0	0	0	0	0	0
Hydrogenophaga	0	0	0	0	0	0	0	0	0	0	0	0	0	0	0	0	0	0	0	0	10	27	38	0	0	0	0	0	0	0	0	0	0	0	0	0	0	0	0	0	0	0	0	0	0	0	0	0	0	0	0	0	0	0	0	0	0	0	0	0	0	0	0	0	0	0	0	0
Hypnocyclicus	0	0	0	0	0	0	0	0	0	0	0	0	0	0	0	0	0	0	0	0	18	15	0	0	0	0	0	0	0	0	0	0	0	0	0	0	0	0	0	0	0	0	0	0	0	0	0	0	0	0	0	0	0	0	0	0	0	0	0	0	0	0	0	0	0	0	0	0
Iamia	0	0	0	0	0	0	0	0	0	0	0	0	0	0	0	0	0	0	0	0	0	0	0	0	0	0	0	0	0	0	0	0	0	0	0	0	0	0	0	0	0	0	0	0	0	0	0	0	0	0	0	0	0	0	0	14	0	0	0	0	0	0	0	0	0	0	0	0
Ichthyobacterium	0	0	0	0	0	0	0	0	0	0	0	0	0	0	0	0	0	0	0	0	0	14	31	0	0	0	15	0	0	0	0	0	0	0	0	0	0	0	0	0	0	0	0	0	0	0	0	0	0	0	0	0	0	0	0	0	0	0	0	0	0	0	0	0	0	0	0	0
Ihubacter	0	0	0	0	0	0	0	0	0	0	0	0	20	0	0	0	0	0	0	0	0	0	0	0	0	0	0	0	0	0	0	0	0	0	0	0	0	0	0	0	0	0	0	0	0	0	0	0	0	0	0	0	0	0	0	0	0	0	0	0	0	0	0	0	0	0	0	0
Ileibacterium	0	0	0	0	0	0	0	0	0	0	0	0	0	0	0	0	0	0	0	13	0	0	0	0	0	0	0	0	0	0	0	0	0	0	0	0	0	0	0	0	0	0	0	0	0	0	0	0	0	0	0	0	0	0	0	0	0	0	0	0	0	0	0	0	0	0	0	0
Ilumatobacter	0	0	0	0	0	0	0	0	0	0	0	0	0	0	0	0	0	0	0	0	0	0	0	0	0	0	0	0	0	0	0	0	0	0	0	0	0	0	0	0	0	0	0	0	0	0	0	0	0	0	0	0	0	0	0	21	0	0	0	0	0	0	0	0	0	0	0	0
Ilyobacter	0	0	0	0	0	0	0	0	0	0	0	0	70	0	26	0	52	57	0	118	506	486	174	0	0	0	128	0	0	0	0	0	0	0	0	0	0	0	0	0	0	0	0	0	0	0	0	0	0	0	0	0	0	0	0	0	0	0	0	0	0	0	0	0	0	0	0	0
Intestinibacter	25	0	15	0	24	30	39	20	28	17	0	38	105	0	28	3	253	287	0	66	68	142	0	0	26	17	0	0	108	36	41	39	71	66	71	75	13	0	0	17	0	0	0	0	0	0	0	0	0	0	0	0	0	14	0	0	0	0	0	0	0	0	0	0	0	0	0	0
Intestinibaculum	0	0	0	0	0	0	0	0	0	0	0	0	39	0	0	0	65	37	0	40	0	0	0	0	0	0	0	0	31	18	17	0	23	17	24	0	0	0	0	0	0	0	0	0	0	0	0	0	0	0	0	0	0	0	0	0	0	0	0	0	0	0	0	0	0	0	0	0
Iphinoe	0	0	0	0	0	0	0	0	0	0	0	0	0	0	48	1	0	0	1	35	0	0	0	0	35	41	0	0	0	0	0	0	0	0	0	0	0	0	0	0	0	0	0	0	0	0	0	0	0	0	0	0	0	0	0	0	0	0	0	0	0	0	0	0	0	0	0	0
Kallipyga	0	0	0	0	0	0	0	0	0	0	0	0	0	0	0	0	12	0	0	0	0	0	0	0	0	0	0	0	0	0	0	0	0	0	0	0	0	0	0	0	0	0	0	0	0	0	0	0	0	0	0	0	0	0	0	0	0	0	0	0	0	0	0	0	0	0	0	0
Kandleria	0	0	0	0	0	0	0	0	0	0	0	0	0	0	0	0	0	0	0	0	0	0	0	0	0	0	0	0	333	150	122	179	270	177	195	139	54	29	90	101	0	0	0	0	0	0	0	0	0	0	0	0	0	0	0	0	0	0	0	0	0	0	0	0	0	0	0	0
Kineothrix	0	0	0	0	0	0	0	0	0	0	0	0	132	0	48	1	258	252	0	118	25	19	0	0	67	58	0	0	135	109	63	95	168	311	166	118	316	469	285	367	0	0	0	0	0	0	0	0	0	0	0	0	0	0	0	0	0	0	0	0	0	0	0	0	0	0	0	0
Komvophoron	0	0	0	0	0	0	0	0	0	0	0	0	0	0	0	0	0	0	0	11	0	0	0	0	0	0	0	0	0	0	0	0	0	0	0	0	0	0	0	0	0	0	0	0	0	0	0	0	0	0	0	0	0	0	0	0	0	0	0	0	0	0	0	0	0	0	0	0
Kosmotoga	0	0	0	0	0	0	0	0	0	0	0	0	14	0	0	0	0	0	0	0	0	0	0	0	0	0	0	0	0	0	0	0	0	0	0	0	0	0	0	0	0	0	0	0	0	0	0	0	0	0	0	0	0	0	0	0	0	0	0	0	0	0	0	0	0	0	0	0
Laceyella	0	0	0	0	0	0	0	0	0	0	0	0	12	0	70	1	53	0	0	154	11	0	24	0	0	0	15	0	0	0	0	0	0	0	0	0	0	0	0	0	1488	9655	2479	1792	0	2359	1316	1168	0	0	0	0	3629	5338	3819	4206	0	0	0	0	0	0	0	0	0	0	0	0
Lachnoanaerobaculum	0	0	0	0	0	0	0	0	0	0	0	0	166	0	468	0	690	226	0	421	54	77	56	0	62	14	747	0	0	0	0	0	0	0	0	0	0	0	0	0	0	0	0	0	0	0	0	0	0	0	0	0	0	0	0	0	0	0	0	0	0	0	0	0	0	0	0	0
Lachnobacterium	0	0	0	0	0	0	0	0	0	0	0	0	15	0	37	0	56	0	0	43	0	0	0	0	0	0	38	0	0	0	0	0	0	0	0	0	0	0	0	0	0	15	0	0	0	0	0	0	0	0	0	0	0	0	0	0	0	0	0	0	0	0	0	0	0	0	0	0
Lachnoclostridium	18	31	22	29	57	38	57	23	173	122	183	195	887	70	2234	2	3158	1059	0	6019	401	303	153	0	252	268	2117	64	18	0	0	0	0	0	18	12	0	0	0	0	585	7847	1088	716	0	1775	930	496	0	0	0	0	10213	9982	8405	5588	0	0	0	0	0	0	0	0	31	0	0	0
Lachnospira	30	16	0	0	44	0	18	0	30	33	32	72	363	36	193	0	400	295	0	757	702	778	168	0	66	135	264	17	0	0	0	0	0	13	0	0	12	36	0	31	762	5214	1059	855	0	1022	495	584	0	0	0	0	4395	8354	3899	5041	46	32	21	48	13	20	18	74	113	90	48	76
Lachnotalea	0	0	0	0	0	0	0	0	0	0	0	0	56	0	34	0	43	48	0	120	0	0	0	0	0	0	0	0	0	0	0	0	0	0	0	0	0	0	0	0	0	0	0	0	0	0	0	0	0	0	0	0	0	0	0	0	0	0	0	0	0	0	0	0	0	0	0	0
Lacrimispora	148	118	137	151	207	138	186	161	80	109	96	175	732	81	3415	9	3615	569	0	2538	382	335	167	0	268	328	2661	95	0	0	0	0	0	0	0	0	0	0	0	0	671	6504	1393	826	0	2566	1266	1096	0	0	0	0	9469	12931	7277	6020	31	50	27	82	31	58	79	148	288	203	101	125
Lactiplantibacillus	0	0	0	0	0	0	0	0	0	0	0	0	0	0	27	0	35	0	0	11	16	0	0	0	0	0	16	0	0	0	0	0	0	0	0	0	0	0	0	0	0	0	0	0	0	0	0	0	0	0	0	0	0	0	0	0	0	0	0	0	0	0	0	0	0	0	0	0
Lactobacillus	18	0	27	0	35	0	17	0	0	0	26	20	886	0	456	1	878	348	1	981	476	392	111	0	43	22	263	0	47	11	0	27	23	18	12	25	27	111	29	99	14	89	25	0	0	10	0	0	0	0	0	0	39	123	57	61	0	0	0	0	0	0	0	0	0	0	0	0
Lactococcus	0	0	0	0	0	0	0	0	0	0	0	0	0	0	0	0	0	0	0	0	0	0	0	0	0	0	0	0	0	0	0	0	0	0	0	0	0	0	0	0	0	0	0	0	0	0	0	0	0	0	0	0	0	0	25	0	0	0	0	0	0	0	0	0	0	0	0	0
Lactonifactor	21	0	0	0	29	0	24	26	0	0	0	11	81	0	101	2	106	78	0	206	0	0	0	0	33	25	0	0	72	53	51	63	97	93	76	77	24	15	20	16	146	641	274	136	0	357	207	225	0	0	0	0	206	183	76	241	0	0	0	0	0	0	0	0	0	0	0	0
Lancefieldella	0	0	0	0	0	0	0	0	0	0	0	0	96	0	44	0	92	62	0	189	0	13	0	0	0	0	29	0	0	0	0	0	0	0	0	0	0	0	0	0	0	0	0	0	0	0	0	0	0	0	0	0	0	0	0	0	0	0	0	0	0	0	0	0	0	0	0	0
Lautropia	0	0	0	0	0	0	0	0	0	0	0	0	0	0	0	0	0	0	0	0	0	0	0	0	0	0	0	0	0	0	0	0	0	0	0	0	0	0	0	0	0	0	0	0	0	0	0	0	0	0	0	0	0	0	0	38	0	0	0	0	0	0	0	0	0	0	0	0
Legionella	0	0	0	0	0	0	0	0	0	0	0	0	0	0	0	0	0	0	0	0	19	0	0	0	0	0	0	0	0	0	0	0	0	0	0	0	0	0	0	0	0	0	0	0	0	0	0	0	0	0	0	0	0	0	0	0	0	0	0	0	0	0	0	0	0	0	0	0
Leptolinea	0	0	0	0	0	0	0	0	0	0	0	0	0	0	0	0	0	0	0	21	0	0	0	0	0	0	0	0	0	0	0	0	0	0	0	0	0	0	0	0	0	0	0	0	0	0	0	0	0	0	0	0	0	0	0	0	0	0	0	0	0	0	0	0	0	0	0	0
Leptotrichia	0	0	0	0	0	0	0	0	0	0	0	0	297	0	0	0	150	168	0	241	419	246	40	0	0	0	0	0	0	0	0	0	0	0	0	0	0	0	0	0	0	0	0	0	0	0	0	0	0	0	0	0	0	0	0	0	0	0	0	0	0	0	0	0	0	0	0	0
Leuconostoc	0	0	0	0	0	0	0	0	0	0	0	0	33	0	31	0	0	0	0	34	214	112	0	0	0	0	0	0	0	0	0	0	0	0	0	0	0	0	0	0	0	0	0	0	0	0	0	0	0	0	0	0	0	0	0	0	0	0	0	0	0	0	0	0	0	0	0	0
Libanicoccus	0	0	0	0	0	0	0	0	0	0	0	0	33	0	0	0	26	31	0	32	27	13	0	0	0	0	27	0	0	0	0	0	0	0	0	0	0	0	0	0	0	0	0	0	0	0	0	0	0	0	0	0	0	0	0	0	0	0	0	0	0	0	0	0	0	0	0	0
Limosilactobacillus	0	0	0	0	0	0	0	0	0	0	0	0	48	0	264	0	253	37	0	50	124	97	45	0	0	0	124	0	0	0	0	0	0	0	0	0	0	0	0	0	0	0	0	0	0	0	0	0	0	0	0	0	0	0	0	0	0	0	0	0	0	0	0	0	0	0	0	0
Listeria	0	0	0	0	0	0	0	0	0	0	0	0	0	0	10	0	0	0	0	0	0	0	0	0	0	0	0	0	0	0	0	0	0	0	0	0	0	0	0	0	0	0	0	0	0	0	0	0	0	0	0	0	0	0	0	0	0	0	0	0	0	0	0	0	0	0	0	0
Longibaculum	185	133	196	183	173	85	132	124	85	43	77	126	1428	44	471	0	1499	809	0	2083	42	45	0	0	69	51	193	16	545	317	337	359	335	276	199	198	204	128	160	291	738	5253	1359	808	0	687	296	352	0	0	0	0	1113	645	1469	1083	173	117	107	284	29	30	64	164	134	41	28	76
Longicatena	63	72	83	91	149	168	200	214	46	104	165	177	0	0	0	0	0	0	0	0	0	0	0	0	0	0	0	0	0	0	0	0	0	0	0	0	0	0	0	0	0	0	0	0	0	0	0	0	0	0	0	0	0	0	0	0	0	0	0	0	0	0	0	0	0	0	0	0
Loriellopsis	0	0	0	0	0	0	0	0	0	0	0	0	0	0	13	0	0	0	0	0	0	0	0	0	0	0	0	0	0	0	0	0	0	0	0	0	0	0	0	0	0	0	0	0	0	0	0	0	0	0	0	0	0	0	0	0	0	0	0	0	0	0	0	0	0	0	0	0
Luteibacter	0	0	0	0	0	0	0	0	0	0	0	0	0	0	0	0	0	0	0	0	11	0	0	0	0	0	0	0	0	0	0	0	0	0	0	0	0	0	0	0	0	0	0	0	0	0	0	0	0	0	0	0	0	0	0	0	0	0	0	0	0	0	0	0	0	0	0	0
Luteitalea	0	0	0	0	0	0	0	0	0	0	0	0	0	0	0	0	0	0	0	0	0	0	0	0	0	0	0	0	0	0	0	0	0	0	0	0	0	0	0	0	0	0	0	0	0	0	0	0	0	0	0	0	0	0	0	26	0	0	0	0	0	0	0	0	0	0	0	0
Lysinibacillus	0	0	0	0	0	0	0	0	0	0	0	0	15	0	0	0	0	0	0	12	0	0	0	0	0	0	0	0	0	0	0	0	0	0	0	0	0	0	0	0	0	0	0	0	0	0	0	0	0	0	0	0	0	0	0	0	0	0	0	0	0	0	0	0	0	0	0	0
Mageeibacillus	0	0	0	0	0	0	0	0	0	0	14	0	0	0	0	0	16	13	0	0	0	0	0	0	0	0	0	0	0	0	0	0	0	0	0	0	0	0	0	0	0	0	0	0	0	0	0	0	0	0	0	0	0	0	0	0	0	0	0	0	0	0	0	0	0	0	0	0
Mahella	0	0	0	0	0	0	0	0	0	0	0	0	0	0	25	0	19	0	0	0	0	0	0	0	0	0	0	0	0	0	0	0	0	0	0	0	0	0	0	0	0	0	0	0	0	0	0	0	0	0	0	0	0	0	0	0	0	0	0	0	0	0	0	0	0	0	0	0
Maledivibacter	0	0	0	0	0	0	0	0	0	0	0	0	0	0	19	0	20	12	1	73	0	0	0	0	0	0	0	0	0	0	0	0	0	0	0	0	0	0	0	0	0	0	0	0	0	0	0	0	0	0	0	0	0	0	0	0	0	0	0	0	0	0	0	0	0	0	0	0
Maribellus	0	0	0	0	0	0	0	0	0	0	0	0	197	17	0	0	118	162	0	50	160	138	0	0	0	0	11	0	0	0	0	0	0	0	0	0	0	0	0	0	0	0	0	0	0	0	0	0	0	0	0	0	0	0	0	0	0	0	0	0	0	0	0	0	0	0	0	0
Marinilactibacillus	0	0	0	0	0	0	0	0	0	0	0	0	0	0	21	0	14	0	0	0	11	10	17	0	0	0	0	0	0	0	0	0	0	0	0	0	0	0	0	0	0	0	0	0	0	0	0	0	0	0	0	0	0	0	0	0	0	0	0	0	0	0	0	0	0	0	0	0
Marseilla	0	0	0	0	0	0	0	0	0	0	0	0	0	0	0	0	0	0	0	0	11	18	35	0	0	0	0	0	0	0	0	0	0	0	0	0	0	0	0	0	0	0	0	0	0	0	0	0	0	0	0	0	0	0	0	0	0	0	0	0	0	0	0	0	0	0	0	0
Marvinbryantia	0	0	0	0	0	0	0	0	0	0	0	0	38	0	0	0	45	28	0	0	0	0	0	0	0	0	11	0	0	0	0	0	0	0	0	0	0	0	0	0	0	0	0	0	0	0	0	0	0	0	0	0	0	0	0	0	0	0	0	0	0	0	0	0	0	0	0	0
Massilia	0	0	0	0	0	0	0	0	0	0	0	0	0	0	0	0	0	0	0	0	83	134	65	0	0	0	0	0	0	0	0	0	0	0	0	0	0	0	0	0	0	0	0	0	0	0	0	0	0	0	0	0	0	0	0	0	0	0	0	0	0	0	0	0	0	0	0	0
Massilimicrobiota	140	67	157	123	117	48	103	58	58	30	59	109	393	0	395	2	329	97	0	636	0	16	12	0	43	43	166	0	76	48	47	46	61	29	12	23	0	12	0	48	0	17	0	0	0	0	0	0	0	0	0	0	0	0	0	0	0	0	0	0	0	0	0	0	0	0	0	0
Massilistercora	0	0	0	0	0	0	0	0	0	0	0	17	387	33	273	0	582	349	0	1016	20	26	15	0	61	61	324	22	178	115	107	143	207	170	139	138	106	128	103	116	0	0	0	0	0	0	0	0	0	0	0	0	0	0	0	0	0	0	0	0	0	0	0	0	0	0	0	0
Mechercharimyces	17	0	0	14	0	0	0	0	0	0	0	14	0	0	0	0	0	0	0	0	0	0	0	0	0	0	0	0	0	0	0	0	0	0	0	0	0	0	0	0	0	0	0	0	0	0	0	0	0	0	0	0	0	0	0	0	0	0	0	0	0	0	0	0	0	0	0	0
Mediterranea	0	0	0	0	0	0	0	0	0	0	0	0	0	0	0	0	0	0	0	12	64	58	87	0	0	0	21	0	0	0	0	0	0	0	0	0	0	0	0	0	0	0	0	0	0	0	0	0	0	0	0	0	0	0	0	0	0	0	0	0	0	0	0	0	0	0	0	0
Mediterraneibacter	2208	1423	2007	1920	2578	1438	2442	1910	2107	2708	3298	4857	16835	2082	10183	202	26783	13164	24	43627	1179	1106	157	1	3891	5663	9760	1302	3908	2733	2151	2697	4081	3197	2737	2355	3332	5588	4124	6659	55292	415419	99186	60865	685	80177	45100	47267	1	0	0	5	131253	393077	179650	227993	2080	1924	1496	3482	964	1264	1866	5614	2608	4215	1857	2991
Megamonas	107	310	221	90	204	433	514	255	220	505	246	269	181	50	572	0	575	1169	0	2264	7823	9164	2491	2	193	377	476	0	89	303	127	83	193	646	396	221	301	760	200	265	281	15776	1741	598	0	5469	2275	1383	0	2	0	0	11840	18826	9970	3446	14	77	25	32	10	70	93	168	235	214	79	51
Megasphaera	12	0	0	0	0	0	0	0	0	0	0	0	0	0	0	0	0	0	0	0	0	0	0	0	0	0	0	0	0	0	0	0	0	0	0	0	0	0	0	0	0	0	0	0	0	0	0	0	0	0	0	0	0	0	0	0	0	0	0	0	0	0	0	0	0	0	0	0
Merdimonas	0	0	0	0	0	0	0	0	0	0	0	0	19	0	0	0	22	19	0	0	0	0	0	0	0	0	0	0	0	0	0	0	0	13	10	0	0	52	0	32	0	0	0	0	0	0	0	0	0	0	0	0	0	0	0	0	0	0	0	0	0	0	0	0	0	0	0	0
Mesotoga	0	0	0	0	0	0	0	0	0	0	0	0	12	0	0	0	0	0	0	0	0	0	0	0	0	0	0	0	0	0	0	0	0	0	0	0	0	0	0	0	0	0	0	0	0	0	0	0	0	0	0	0	0	0	0	0	0	0	0	0	0	0	0	0	0	0	0	0
Metaprevotella	0	0	0	0	0	0	0	0	0	0	0	0	0	0	0	0	0	0	0	0	0	0	12	0	0	0	0	0	0	0	0	0	0	0	0	0	0	0	0	0	0	0	0	0	0	0	0	0	0	0	0	0	0	0	0	0	0	0	0	0	0	0	0	0	0	0	0	0
Methylobacillus	0	0	0	0	0	0	0	0	0	0	0	0	0	0	0	0	0	0	0	0	0	16	18	0	0	0	0	0	0	0	0	0	0	0	0	0	0	0	0	0	0	0	0	0	0	0	0	0	0	0	0	0	0	0	0	0	0	0	0	0	0	0	0	0	0	0	0	0
Methyloceanibacter	0	0	0	0	0	0	0	0	0	0	0	0	0	0	0	0	0	0	0	0	0	0	0	0	0	0	0	0	0	0	0	0	0	0	0	0	0	0	0	0	0	0	0	0	0	0	0	0	0	0	0	0	0	0	0	11	0	0	0	0	0	0	0	0	0	0	0	0
Microbacter	0	0	0	0	0	0	0	0	0	0	0	0	0	0	0	0	0	0	0	0	11	13	32	0	0	0	15	0	0	0	0	0	0	0	0	0	0	0	0	0	0	0	0	0	0	0	0	0	0	0	0	0	0	0	0	0	0	0	0	0	0	0	0	0	0	0	0	0
Microbacterium	0	0	0	0	0	0	0	0	0	0	0	0	13	0	13	0	0	22	0	79	0	0	0	0	0	0	0	0	0	0	0	0	0	0	0	0	0	0	0	0	0	0	0	0	0	0	0	0	0	0	0	0	0	0	0	0	0	0	0	0	0	0	0	0	0	0	0	0
Micrococcus	0	0	0	0	0	0	0	0	0	0	0	0	0	0	0	0	0	10	0	25	0	0	0	0	0	0	0	0	0	0	0	0	0	0	0	0	0	0	0	0	0	0	0	0	0	0	0	0	0	0	0	0	0	0	0	0	0	0	0	0	0	0	0	0	0	0	0	0
Microcoleus	0	0	0	0	0	0	0	0	0	0	0	0	0	0	0	0	0	0	0	0	0	0	0	0	0	0	10	0	0	0	0	0	0	0	0	0	0	0	0	0	0	0	0	0	0	0	0	0	0	0	0	0	0	0	0	0	0	0	0	0	0	0	0	0	0	0	0	0
Microcystis	0	0	0	0	0	0	0	0	0	0	0	0	40	0	0	0	17	17	0	0	0	0	0	0	0	0	0	0	0	0	0	0	0	0	0	0	0	0	0	0	0	0	0	0	0	0	0	0	0	0	0	0	0	0	0	0	0	0	0	0	0	0	0	0	0	0	0	0
Micropruina	0	0	0	0	0	0	0	0	0	0	0	16	0	0	0	0	0	0	0	0	10	0	0	0	0	0	0	0	0	0	0	0	0	0	0	0	0	0	0	10	0	0	0	0	0	0	0	0	0	0	0	0	0	0	0	48	0	0	0	0	0	0	0	0	0	0	0	0
Microvirga	0	0	0	0	0	0	0	0	0	0	0	0	0	0	0	0	0	0	0	0	0	0	0	0	0	0	0	0	0	0	0	0	0	0	0	0	0	0	0	0	0	0	0	0	0	0	0	0	0	0	0	0	0	0	0	144	0	0	0	0	0	0	0	0	0	0	0	0
missing	208	83	128	137	280	118	226	158	153	91	119	215	1752	78	2166	18	4394	1832	0	5888	1671	3023	935	0	342	284	1871	49	184	98	137	132	339	299	251	256	175	111	78	238	194	2246	467	298	1	632	262	250	0	0	0	0	3184	2338	2602	1807	27	50	21	79	36	23	48	143	119	53	15	47
Mobilisporobacter	0	0	0	0	0	0	0	0	0	0	0	0	69	0	58	1	98	48	0	430	0	0	0	0	0	0	36	0	0	0	0	0	0	0	0	0	0	0	0	0	0	0	0	0	0	0	0	0	0	0	0	0	0	0	0	0	0	0	0	0	0	0	0	0	0	0	0	0
Mobilitalea	0	0	0	0	0	0	0	0	0	0	0	0	0	0	0	0	17	11	0	47	0	0	0	0	0	11	0	0	0	0	0	0	0	0	0	0	0	0	0	0	0	0	0	0	0	0	0	0	0	0	0	0	0	0	0	0	0	0	0	0	0	0	0	0	0	0	0	0
Mogibacterium	0	0	0	0	0	0	0	0	0	0	0	0	0	0	24	0	0	0	0	0	0	0	0	0	0	0	0	0	0	0	0	0	0	0	0	0	0	0	0	0	0	0	0	0	0	0	0	0	0	0	0	0	0	0	0	0	0	0	0	0	0	0	0	0	0	0	0	0
Mordavella	0	0	0	0	0	0	0	0	0	0	0	0	152	0	139	2	243	137	0	501	0	0	0	0	0	0	18	0	0	0	0	0	0	0	0	0	0	0	0	0	0	0	0	0	0	0	0	0	0	0	0	0	0	0	0	0	0	0	0	0	0	0	0	0	0	0	0	0
Muribaculum	0	0	0	0	0	0	0	0	0	0	0	0	22	0	0	0	0	19	0	0	0	10	0	0	0	0	0	0	0	0	0	0	0	0	0	0	0	0	0	0	0	0	0	0	0	0	0	0	0	0	0	0	0	0	0	0	0	0	0	0	0	0	0	0	0	0	0	0
Muricomes	22	0	0	0	18	0	17	0	0	0	17	18	153	13	307	1	362	134	1	291	0	0	0	0	16	23	94	0	58	25	28	35	75	63	54	56	0	14	0	28	0	34	21	0	0	0	0	0	0	0	0	0	0	0	0	0	0	0	0	0	0	0	0	0	0	0	0	0
Murimonas	0	0	0	0	0	0	0	0	0	0	0	0	56	0	32	0	96	72	0	190	0	0	0	0	17	0	0	0	375	250	178	225	377	368	293	250	249	345	225	592	0	0	0	0	0	0	0	0	0	0	0	0	0	0	0	0	0	0	0	0	0	0	0	0	0	0	0	0
Mycoplasma	11	0	12	17	35	0	50	12	0	16	26	0	34	0	12	0	44	15	0	11	0	0	29	0	0	0	17	0	0	0	0	0	0	0	0	0	0	0	0	0	0	0	0	0	0	0	0	0	0	0	0	0	0	0	0	0	0	0	0	0	0	0	0	0	0	0	0	0
Natranaerobius	0	0	0	0	0	0	0	0	0	0	0	0	0	0	21	0	17	0	0	0	0	0	0	0	0	0	0	0	0	0	0	0	0	0	0	0	0	0	0	0	0	0	0	0	0	0	0	0	0	0	0	0	0	0	0	0	0	0	0	0	0	0	0	0	0	0	0	0
Natranaerovirga	0	0	0	0	0	0	0	0	0	0	0	0	136	0	15	1	76	93	0	87	11	0	0	0	0	0	0	0	0	0	0	0	0	0	0	0	0	0	0	0	0	0	0	0	0	0	0	0	0	0	0	0	0	0	0	0	0	0	0	0	0	0	0	0	0	0	0	0
Natronincola	0	0	0	0	0	0	0	0	0	0	0	0	0	0	0	0	0	0	0	16	0	0	0	0	0	0	0	0	0	0	0	0	0	0	0	0	0	0	0	0	0	0	0	0	0	0	0	0	0	0	0	0	0	0	0	0	0	0	0	0	0	0	0	0	0	0	0	0
Negativibacillus	0	0	0	0	0	0	0	0	0	0	0	0	0	0	0	0	0	11	0	29	15	0	0	0	0	0	15	0	0	0	0	0	0	0	0	0	0	0	0	0	0	0	0	0	0	0	0	0	0	0	0	0	0	0	0	0	0	0	0	0	0	0	0	0	0	0	0	0
Neisseria	0	0	0	0	0	0	0	0	0	0	0	0	0	0	0	0	0	0	0	0	53	87	46	0	0	0	0	0	0	0	0	0	0	0	0	0	0	0	0	0	0	0	0	0	0	0	0	0	0	0	0	0	0	0	0	0	0	0	0	0	0	0	0	0	0	0	0	0
Nesterenkonia	0	0	0	0	0	0	0	0	0	0	0	0	0	0	104	1	0	0	0	107	0	0	0	0	62	56	0	0	0	0	0	0	0	0	0	0	0	0	0	0	0	0	0	0	0	0	0	0	0	0	0	0	0	0	0	0	0	0	0	0	0	0	0	0	0	0	0	0
Niabella	0	0	0	0	0	0	0	0	0	0	0	0	12	0	0	0	0	0	0	0	0	0	0	0	0	0	0	0	0	0	0	0	0	0	0	0	0	0	0	0	0	0	0	0	0	0	0	0	0	0	0	0	0	0	0	0	0	0	0	0	0	0	0	0	0	0	0	0
Niastella	0	0	0	0	0	0	0	0	0	0	0	0	14	0	0	0	0	12	0	0	0	0	0	0	0	0	0	0	0	0	0	0	0	0	0	0	0	0	0	0	0	0	0	0	0	0	0	0	0	0	0	0	0	0	0	0	0	0	0	0	0	0	0	0	0	0	0	0
Nitrosospira	0	0	0	0	0	0	0	0	0	0	0	0	0	0	0	0	0	0	0	0	10	29	0	0	0	0	0	0	0	0	0	0	0	0	0	0	0	0	0	0	0	0	0	0	0	0	0	0	0	0	0	0	0	0	0	0	0	0	0	0	0	0	0	0	0	0	0	0
Nocardia	0	0	0	0	0	0	0	0	0	0	0	0	43	0	0	0	0	22	0	0	0	0	0	0	0	0	0	0	0	0	0	0	0	0	0	0	0	0	0	0	0	0	0	0	0	0	0	0	0	0	0	0	0	0	0	0	0	0	0	0	0	0	0	0	0	0	0	0
Nocardiopsis	0	0	0	0	0	0	0	0	0	0	0	0	0	0	0	0	0	0	0	25	0	0	0	0	0	0	0	0	0	0	0	0	0	0	0	0	0	0	0	0	0	0	0	0	0	0	0	0	0	0	0	0	0	0	0	0	0	0	0	0	0	0	0	0	0	0	0	0
Novibacillus	0	0	0	0	0	0	0	0	0	0	0	0	11	0	0	0	0	0	0	0	0	0	0	0	0	0	0	0	0	0	0	0	0	0	0	0	0	0	0	0	0	0	0	0	0	0	0	0	0	0	0	0	0	0	0	0	0	0	0	0	0	0	0	0	0	0	0	0
Odoribacter	0	0	0	0	0	0	0	0	0	0	0	0	20	0	0	0	0	25	0	16	67	88	73	0	0	0	32	0	0	0	0	0	0	0	0	0	0	0	0	0	0	0	0	0	0	0	0	0	0	0	0	0	0	0	0	0	0	0	0	0	0	0	0	0	0	0	0	0
Olegusella	0	0	0	0	0	0	0	0	0	0	0	0	0	0	0	0	0	0	0	13	0	0	0	0	0	0	0	0	0	0	0	0	0	0	0	0	0	0	0	0	0	0	0	0	0	0	0	0	0	0	0	0	0	0	0	0	0	0	0	0	0	0	0	0	0	0	0	0
Olleya	0	0	0	0	0	0	0	0	0	0	0	0	0	0	0	0	0	0	0	0	0	0	11	0	0	0	0	0	0	0	0	0	0	0	0	0	0	0	0	0	0	0	0	0	0	0	0	0	0	0	0	0	0	0	0	0	0	0	0	0	0	0	0	0	0	0	0	0
Olsenella	0	0	0	0	0	0	0	0	0	0	0	0	31	0	64	0	79	0	0	14	0	0	0	0	0	0	34	0	0	0	0	0	0	0	0	0	0	0	0	0	0	0	0	0	0	0	0	0	0	0	0	0	0	0	0	0	0	0	0	0	0	0	0	0	0	0	0	0
Oribacterium	0	0	0	0	0	0	0	0	0	0	0	0	0	0	0	0	0	0	0	0	0	0	0	0	13	11	0	0	0	0	0	0	0	0	0	0	0	0	0	0	0	0	0	0	0	0	0	0	0	0	0	0	0	0	0	0	0	0	0	0	0	0	0	0	0	0	0	0
Ornithobacterium	0	0	0	0	0	0	0	0	0	0	0	0	0	0	0	0	0	0	0	0	18	34	12	0	0	0	0	0	0	0	0	0	0	0	0	0	0	0	0	0	0	0	0	0	0	0	0	0	0	0	0	0	0	0	0	0	0	0	0	0	0	0	0	0	0	0	0	0
Oryzomicrobium	0	0	0	0	0	0	0	0	0	0	0	0	0	0	0	0	0	0	0	0	17	0	0	0	0	0	0	0	0	0	0	0	0	0	0	0	0	0	0	0	0	0	0	0	0	0	0	0	0	0	0	0	0	0	0	0	0	0	0	0	0	0	0	0	0	0	0	0
Paenibacillus	0	0	0	0	0	0	0	0	0	0	0	0	23	0	114	0	102	0	0	53	0	0	0	0	0	0	44	0	0	0	0	0	0	0	0	0	0	0	0	0	0	0	0	0	0	0	0	0	0	0	0	0	0	0	0	0	0	0	0	0	0	0	0	0	0	0	0	0
Paeniclostridium	77	40	58	53	84	76	120	64	111	84	91	108	1510	76	13263	76	12400	1609	3	14748	648	1021	197	0	158	105	2258	34	208	76	95	129	206	228	204	162	106	148	44	105	237	1218	561	247	0	857	459	417	0	0	0	0	1988	2815	636	986	0	0	0	11	0	0	0	28	40	19	0	0
Paludibacter	0	0	0	0	0	0	0	0	0	0	0	0	14	0	0	0	14	13	0	0	21	25	0	0	0	0	0	0	0	0	0	0	0	0	0	0	0	0	0	0	0	0	0	0	0	0	0	0	0	0	0	0	0	0	0	0	0	0	0	0	0	0	0	0	0	0	0	0
Paludicola	0	0	0	0	0	0	0	0	0	0	0	0	35	0	22	0	23	47	0	74	87	69	33	0	0	0	117	0	0	0	0	0	0	0	0	0	0	0	0	0	0	0	0	0	0	0	0	0	0	0	0	0	0	0	0	0	0	0	0	0	0	0	0	0	0	0	0	0
Pantoea	0	0	0	0	0	0	0	0	0	0	0	23	0	0	0	0	0	0	0	0	0	0	0	0	0	0	0	0	0	0	0	0	0	0	0	0	0	0	0	0	0	0	0	0	0	0	0	0	0	0	0	0	0	0	0	0	0	0	0	0	0	0	0	0	0	0	0	0
Parabacteroides	0	0	0	0	0	0	0	0	0	0	0	0	45	0	0	0	25	60	0	37	118	126	153	0	0	0	28	0	0	0	0	0	0	0	0	0	0	0	0	0	0	0	0	0	0	0	0	0	0	0	0	0	0	0	0	0	0	0	0	0	0	0	0	0	0	0	0	0
Paraburkholderia	0	0	0	0	0	0	0	0	0	0	0	0	0	0	0	0	0	0	0	0	33	37	18	0	0	0	24	0	0	0	0	0	0	0	0	0	0	0	0	0	0	0	0	0	0	0	0	0	0	0	0	0	0	0	0	0	0	0	0	0	0	0	0	0	0	0	0	0
Paraclostridium	0	0	0	0	0	0	0	0	0	0	0	0	107	0	838	0	729	93	0	659	11	0	0	0	0	0	131	0	0	0	0	0	0	0	0	0	0	0	0	0	0	0	0	0	0	0	0	0	0	0	0	0	0	0	0	0	0	0	0	0	0	0	0	0	0	0	0	0
Paracoccus	0	0	0	0	0	0	0	0	0	0	0	0	0	0	0	0	0	0	0	0	0	0	0	0	0	0	0	0	0	0	0	0	0	0	0	0	0	0	0	0	0	0	0	0	0	0	0	0	0	0	0	0	0	0	0	48	0	0	0	0	0	0	0	0	0	0	0	0
Paraprevotella	0	0	0	0	0	0	0	0	0	0	0	0	0	0	0	0	0	11	0	12	58	68	109	0	0	0	27	0	0	0	0	0	0	0	0	0	0	0	0	0	0	0	0	0	0	0	0	0	0	0	0	0	0	0	0	0	0	0	0	0	0	0	0	0	0	0	0	0
Parasporobacterium	0	0	0	0	0	0	0	0	0	0	0	0	43	0	51	1	34	34	0	56	0	0	0	0	22	23	0	0	0	0	0	0	0	0	0	0	0	0	0	0	0	0	0	0	0	0	0	0	0	0	0	0	0	0	0	0	0	0	0	0	0	0	0	0	0	0	0	0
Parasutterella	73	148	144	100	42	78	129	24	551	269	489	446	81	0	47	0	37	180	0	30	2506	2538	42	0	368	88	35	0	46	117	11	45	0	68	56	0	445	242	300	267	31	702	111	66	0	190	80	27	0	0	0	0	3976	1448	2144	1337	0	16	0	24	0	10	12	16	499	107	132	86
Parolsenella	0	0	0	0	0	0	0	0	0	0	0	0	81	0	102	0	116	44	0	96	88	119	59	0	0	0	103	0	0	0	0	0	0	0	0	0	0	0	0	0	0	0	0	0	0	0	0	0	0	0	0	0	0	0	0	0	0	0	0	0	0	0	0	0	0	0	0	0
Parvimonas	0	0	0	0	0	0	0	0	0	0	0	0	54	0	0	0	30	35	0	16	27	13	0	0	0	0	0	0	0	0	0	0	0	0	0	0	0	0	0	0	0	27	0	0	0	0	0	0	0	0	0	0	0	0	0	0	0	0	0	0	0	0	0	0	0	0	0	0
Patulibacter	0	0	0	0	0	0	0	0	0	0	0	0	0	0	0	0	0	0	0	14	0	0	0	0	0	0	0	0	0	0	0	0	0	0	0	0	0	0	0	0	0	0	0	0	0	0	0	0	0	0	0	0	0	0	0	0	0	0	0	0	0	0	0	0	0	0	0	0
Pediococcus	0	0	0	0	0	0	0	0	0	0	0	0	0	0	347	7	68	0	2	238	48	0	0	0	159	177	48	0	0	0	0	0	0	0	0	0	0	0	0	0	0	0	0	0	0	0	0	0	0	0	0	0	0	0	0	0	0	0	0	0	0	0	0	0	0	0	0	0
Pedobacter	0	0	0	0	0	0	0	0	0	0	0	0	61	0	0	0	0	0	0	0	0	0	0	0	0	0	0	0	0	0	0	0	0	0	0	0	0	0	0	0	0	0	0	0	0	0	0	0	0	0	0	0	0	0	0	0	0	0	0	0	0	0	0	0	0	0	0	0
Pelolinea	0	0	0	0	0	0	0	0	0	0	0	0	73	13	221	1	163	54	0	137	13	0	0	0	56	53	71	0	0	0	0	0	0	0	0	0	0	0	0	0	0	0	0	0	0	0	0	0	0	0	0	0	0	0	0	0	0	0	0	0	0	0	0	0	0	0	0	0
Peptacetobacter	10794	6104	8861	9487	11035	7533	12718	7971	2348	1680	2883	4044	95025	7088	66495	949	117990	79716	95	189109	1509	1023	165	0	3648	1957	7322	270	13634	7997	7010	9012	11581	12360	10268	7673	2564	2101	2397	3603	217861	1251945	329483	244542	1544	290142	168830	129636	0	0	4	3	173733	120799	141611	116634	10118	7001	5772	16805	2128	4589	6986	17438	3813	1434	1459	1831
Peptoclostridium	0	0	0	0	0	0	0	0	0	0	0	0	48	0	235	0	267	34	0	506	0	0	0	0	0	0	50	0	0	0	0	0	0	0	0	0	0	0	0	0	0	0	0	0	0	0	0	0	0	0	0	0	0	0	0	0	0	0	0	0	0	0	0	0	0	0	0	0
Peptoniphilus	0	0	0	0	0	0	0	0	0	0	0	0	40	0	48	0	106	55	0	334	0	11	0	0	0	0	148	0	0	0	0	0	0	0	0	0	0	0	0	0	0	0	0	0	0	0	0	0	0	0	0	0	0	0	0	0	0	0	0	0	0	0	0	0	0	0	0	0
Peptostreptococcus	0	0	0	0	16	0	21	0	0	0	18	0	15	0	39	1	0	20	0	74	28	0	0	0	11	14	19	0	0	0	0	0	0	0	0	0	0	0	0	0	0	0	0	0	0	0	0	0	0	0	0	0	0	0	0	0	0	0	0	0	0	0	0	0	0	0	0	0
Petrocella	0	0	0	0	0	0	0	0	0	0	0	0	110	0	114	0	217	84	0	81	0	0	0	0	17	16	35	0	0	0	0	0	0	0	0	0	0	0	0	0	0	34	0	0	0	0	0	0	0	0	0	0	0	19	0	20	0	0	0	0	0	0	0	0	0	0	0	0
Phaeocystidibacter	0	0	0	0	0	0	0	0	0	0	0	0	29	0	0	0	35	30	0	12	22	20	0	0	0	0	0	0	0	0	0	0	0	0	0	0	0	0	0	0	0	0	0	0	0	0	0	0	0	0	0	0	0	0	0	0	0	0	0	0	0	0	0	0	0	0	0	0
Phocaeicola	3651	3113	3638	3082	2707	4797	5901	3105	6602	4465	7924	7915	7181	439	9440	12	6548	21864	8	20474	88062	129522	45906	23	10412	2530	24506	197	5036	4922	3812	3920	3146	9695	6015	3489	9654	7751	8115	8330	997	9414	4460	3445	0	8030	3610	2283	0	3	2	0	76644	19866	37169	25664	186	381	205	542	66	427	512	1016	9196	2059	2780	1881
Phocea	0	0	0	0	0	0	0	0	0	0	0	0	20	0	0	0	14	11	0	14	31	32	0	0	0	0	39	0	0	0	0	0	0	0	0	0	0	0	0	0	0	0	0	0	0	0	0	0	0	0	0	0	0	0	0	0	0	0	0	0	0	0	0	0	0	0	0	0
Phoenicibacter	0	0	0	0	0	0	0	0	0	0	0	0	35	0	11	0	25	25	0	57	46	13	10	0	0	0	18	0	0	0	0	0	0	0	0	0	0	0	0	0	0	0	0	0	0	0	0	0	0	0	0	0	0	0	0	0	0	0	0	0	0	0	0	0	0	0	0	0
Planctomyces	0	0	0	0	0	0	0	0	0	0	0	0	0	0	0	0	0	0	0	0	0	0	0	0	0	0	0	0	0	0	0	0	0	0	0	0	0	0	0	0	0	0	0	0	0	0	0	0	0	0	0	0	0	0	0	14	0	0	0	0	0	0	0	0	0	0	0	0
Pleurocapsa	0	0	0	0	0	0	0	0	0	0	0	0	18	0	0	0	15	18	0	12	0	0	0	0	0	0	0	0	0	0	0	0	0	0	0	0	0	0	0	0	0	0	0	0	0	0	0	0	0	0	0	0	0	0	0	0	0	0	0	0	0	0	0	0	0	0	0	0
Porphyromonas	0	0	0	0	0	0	0	0	0	0	0	0	0	0	29	0	0	0	0	0	168	212	388	0	0	0	174	0	0	0	0	0	0	0	0	0	0	0	0	0	0	0	0	0	0	0	0	0	0	0	0	0	0	0	0	0	0	0	0	0	0	0	0	0	0	0	0	0
Povalibacter	0	0	0	0	0	0	0	0	0	0	0	0	0	0	0	0	0	0	0	0	0	0	0	0	0	0	0	0	0	0	0	0	0	0	0	0	0	0	0	0	0	0	0	0	0	0	0	0	0	0	0	0	0	0	0	12	0	0	0	0	0	0	0	0	0	0	0	0
Pradoshia	0	0	0	0	0	0	0	0	0	0	0	0	0	0	0	0	0	0	0	14	0	0	0	0	0	0	0	0	0	0	0	0	0	0	0	0	0	0	0	0	0	12	13	0	0	10	0	0	0	0	0	0	12	154	20	17	0	0	0	0	0	0	0	0	0	0	0	0
Prevotella	0	0	0	0	0	0	0	0	0	0	0	0	189	0	78	0	138	198	0	61	526	857	1015	2	0	0	292	0	0	0	0	0	0	0	0	0	0	0	0	0	0	0	0	0	0	0	0	0	0	0	0	0	0	0	0	0	0	0	0	0	0	0	0	0	0	0	0	0
Prevotellamassilia	0	0	0	0	0	0	0	0	0	0	0	0	0	0	0	0	0	0	0	0	20	0	30	0	0	0	19	0	0	0	0	0	0	0	0	0	0	0	0	0	0	0	0	0	0	0	0	0	0	0	0	0	0	0	0	0	0	0	0	0	0	0	0	0	0	0	0	0
Prochlorococcus	0	0	0	0	0	0	0	0	0	0	0	0	32	0	0	0	23	17	1	13	0	0	0	0	0	0	0	0	0	0	0	0	0	0	0	0	0	0	0	0	0	0	0	0	0	0	0	0	0	0	0	0	0	0	0	0	0	0	0	0	0	0	0	0	0	0	0	0
Propionicimonas	0	0	0	0	0	0	0	0	0	0	0	19	0	0	0	0	0	0	0	0	0	0	0	0	0	0	0	0	0	0	0	0	0	0	0	0	0	0	0	0	0	0	0	0	0	0	0	0	0	0	0	0	0	0	0	0	0	0	0	0	0	0	0	0	0	0	0	0
Propionigenium	0	0	0	0	0	0	0	0	0	0	0	0	0	0	0	0	0	0	0	0	24	32	0	0	0	0	0	0	0	0	0	0	0	0	0	0	0	0	0	0	0	0	0	0	0	0	0	0	0	0	0	0	0	0	0	0	0	0	0	0	0	0	0	0	0	0	0	0
Proteiniborus	0	0	0	0	0	0	0	0	0	0	0	0	11	0	17	0	45	14	0	145	0	0	0	0	0	0	0	0	0	0	0	0	0	0	0	0	0	0	0	0	0	0	0	0	0	0	0	0	0	0	0	0	0	0	0	0	0	0	0	0	0	0	0	0	0	0	0	0
Pseudactinotalea	0	0	0	0	0	0	0	0	0	0	0	0	0	0	13	0	18	0	0	0	0	0	0	0	0	0	19	0	0	0	0	0	0	0	0	0	0	0	0	0	0	0	0	0	0	0	0	0	0	0	0	0	0	0	0	0	0	0	0	0	0	0	0	0	0	0	0	0
Pseudanabaena	0	0	0	0	0	0	0	0	0	0	0	0	113	0	0	0	49	64	0	23	67	42	0	0	0	0	0	0	0	0	0	0	0	0	0	0	0	0	0	0	0	0	0	0	0	0	0	0	0	0	0	0	0	0	0	0	0	0	0	0	0	0	0	0	0	0	0	0
Pseudarthrobacter	0	0	0	0	0	0	0	0	0	0	0	0	0	0	0	0	0	0	1	57	0	0	0	0	0	0	0	0	0	0	0	0	0	0	0	0	0	0	0	0	0	0	0	0	0	0	0	0	0	0	0	0	0	0	0	0	0	0	0	0	0	0	0	0	0	0	0	0
Pseudobutyrivibrio	0	0	0	0	14	0	0	0	13	21	18	13	80	0	33	2	66	38	0	54	16	18	13	0	0	0	36	0	0	0	0	0	0	0	0	0	0	0	0	0	0	0	0	0	0	0	0	0	0	0	0	0	0	0	0	0	0	0	0	0	0	0	0	0	0	0	0	0
Pseudoleptotrichia	0	0	0	0	0	0	0	0	0	0	0	0	0	0	0	0	0	0	0	0	97	133	86	0	0	0	35	0	0	0	0	0	0	0	0	0	0	0	0	0	0	0	0	0	0	0	0	0	0	0	0	0	0	0	0	0	0	0	0	0	0	0	0	0	0	0	0	0
Pseudooceanicola	29	0	0	14	14	14	21	15	20	33	22	47	0	0	0	0	0	0	0	0	0	0	0	0	0	0	0	0	0	0	0	0	0	0	0	0	0	0	0	0	0	0	0	0	0	0	0	0	0	0	0	0	0	0	0	0	0	0	0	0	0	0	0	0	0	0	0	0
Pseudopropionibacterium	0	0	0	0	0	0	0	0	0	0	0	0	0	0	102	0	80	0	0	25	45	39	34	0	21	16	98	0	0	0	0	0	0	0	0	0	0	0	0	0	0	0	0	0	0	0	0	0	0	0	0	0	0	0	0	0	0	0	0	0	0	0	0	0	0	0	0	0
Psychrilyobacter	0	0	0	0	0	0	0	0	0	0	0	0	19	0	0	1	0	14	0	11	125	81	20	0	0	0	21	0	0	0	0	0	0	0	0	0	0	0	0	0	0	0	0	0	0	0	0	0	0	0	0	0	0	0	0	0	0	0	0	0	0	0	0	0	0	0	0	0
Psychroflexus	0	0	0	0	0	0	0	0	0	0	0	0	0	0	47	0	14	0	0	0	113	199	434	0	0	0	125	0	0	0	0	0	0	0	0	0	0	0	0	0	0	0	0	0	0	0	0	0	0	0	0	0	0	0	0	0	0	0	0	0	0	0	0	0	0	0	0	0
Psychroserpens	0	0	0	0	0	0	0	0	0	0	0	0	180	0	0	0	103	129	0	39	89	111	0	0	0	0	0	0	0	0	0	0	0	0	0	0	0	0	0	0	0	0	0	0	0	0	0	0	0	0	0	0	0	0	0	0	0	0	0	0	0	0	0	0	0	0	0	0
Ralstonia	0	0	0	0	0	0	0	0	0	0	0	0	0	0	0	0	0	0	0	0	0	20	0	0	0	0	0	0	0	0	0	0	0	0	0	0	0	0	0	0	0	0	0	0	0	0	0	0	0	0	0	0	0	0	0	0	0	0	0	0	0	0	0	0	0	0	0	0
Raoultibacter	0	0	0	0	0	0	0	0	0	0	0	0	14	0	28	0	17	0	0	51	0	0	0	0	0	0	50	0	0	0	0	0	0	0	0	0	0	0	0	0	0	0	0	0	0	0	0	0	0	0	0	0	0	0	0	0	0	0	0	0	0	0	0	0	0	0	0	0
Renibacterium	0	0	0	0	0	0	0	0	21	0	0	0	0	0	20	0	13	0	0	23	0	0	0	0	17	0	11	0	0	0	0	0	0	0	0	0	0	0	0	0	0	0	0	0	0	0	0	0	0	0	0	0	0	0	0	0	0	0	0	0	0	0	0	0	0	0	0	0
Rhabdanaerobium	0	0	0	0	0	0	0	0	0	0	0	0	21	0	11	0	0	0	0	0	0	0	0	0	0	0	0	0	0	0	0	0	0	0	0	0	0	0	0	0	0	0	0	0	0	0	0	0	0	0	0	0	0	0	0	0	0	0	0	0	0	0	0	0	0	0	0	0
Rickettsia	0	0	0	0	0	0	0	0	0	0	0	0	67	0	19	0	70	84	0	0	196	94	14	0	0	0	20	0	0	0	0	0	0	0	0	0	0	0	0	0	0	0	0	0	0	0	0	0	0	0	0	0	0	0	0	0	0	0	0	0	0	0	0	0	0	0	0	0
Rivularia	0	0	0	0	0	0	0	0	0	0	0	0	13	0	0	0	14	0	0	11	0	0	0	0	0	0	0	0	0	0	0	0	0	0	0	0	0	0	0	0	0	0	0	0	0	0	0	0	0	0	0	0	0	0	0	0	0	0	0	0	0	0	0	0	0	0	0	0
Robinsoniella	0	0	0	0	0	0	0	0	11	0	0	11	324	39	824	0	1256	427	0	3048	26	13	16	0	37	39	198	0	14	0	18	13	27	0	18	19	0	0	0	0	673	3454	1276	674	16	2035	1055	1223	0	0	0	0	1298	970	452	1501	0	0	0	0	0	0	0	0	0	0	0	0
Romboutsia	20	0	12	46	102	141	123	134	115	136	86	199	857	38	1315	2	2576	1552	1	3958	467	669	270	0	205	204	372	13	27	0	11	11	131	241	107	133	184	199	87	246	747	3582	1268	809	25	6949	2651	2739	0	0	0	0	5329	8579	2670	5020	28	15	19	58	32	115	138	362	110	107	23	70
Roseburia	196	146	213	176	268	229	337	237	363	433	392	563	643	77	760	8	1282	703	3	5262	225	233	70	0	262	294	337	34	0	0	0	0	0	0	0	0	0	0	0	0	135	835	259	144	0	489	202	218	0	0	0	0	458	271	319	335	0	0	0	0	0	0	0	0	0	0	0	0
Rubrobacter	0	0	0	0	19	0	19	0	0	0	19	17	0	0	16	0	24	0	0	15	0	0	0	0	0	0	18	0	0	0	0	0	0	0	0	0	0	0	0	0	0	0	0	0	0	0	0	0	0	0	0	0	0	0	0	0	0	0	0	0	0	0	0	0	0	0	0	0
Ruminococcus	0	0	0	0	0	0	0	0	0	0	0	0	108	0	165	1	235	106	0	635	27	24	12	0	0	11	52	0	28	15	20	12	46	33	24	14	13	0	0	15	30	193	62	46	0	76	60	67	0	0	0	0	61	35	34	72	0	0	0	0	0	0	0	0	0	0	0	0
Ruthenibacterium	0	0	0	0	0	0	0	0	0	0	0	0	0	0	0	0	14	0	0	0	0	0	0	0	0	0	11	0	0	0	0	0	0	0	0	0	0	0	0	0	0	0	0	0	0	0	0	0	0	0	0	0	0	0	0	0	0	0	0	0	0	0	0	0	0	0	0	0
Salinicoccus	0	0	0	0	0	0	0	0	0	0	0	0	0	0	10	0	0	0	0	107	0	0	0	0	0	0	0	0	0	0	0	0	0	0	0	0	0	0	0	0	0	0	0	0	0	0	0	0	0	0	0	0	0	0	0	0	0	0	0	0	0	0	0	0	0	0	0	0
Salmonella	0	0	0	0	0	0	0	0	0	0	0	0	12	0	0	0	0	0	0	0	0	0	0	0	0	0	0	0	0	0	0	0	0	0	0	0	0	0	0	0	0	0	0	0	0	0	0	0	0	0	0	0	0	0	0	0	0	0	0	0	0	0	0	0	0	0	0	0
Sandaracinus	0	0	0	0	0	0	0	0	0	0	0	0	0	0	0	0	0	0	0	0	11	0	0	0	0	0	0	0	0	0	0	0	0	0	0	0	0	0	0	0	0	0	0	0	0	0	0	0	0	0	0	0	0	0	0	0	0	0	0	0	0	0	0	0	0	0	0	0
Scardovia	0	27	22	17	25	36	34	30	16	49	27	23	0	0	0	0	0	0	0	0	0	0	0	0	0	0	0	0	0	0	0	0	0	0	0	0	0	0	0	0	0	0	0	0	0	0	0	0	0	0	0	0	0	0	0	0	0	0	0	0	0	0	0	0	0	0	0	0
Schaalia	0	0	0	0	0	0	0	0	0	0	0	0	0	0	0	0	0	0	0	63	16	0	0	0	0	0	0	0	0	0	0	0	0	0	0	0	0	0	0	0	0	0	0	0	0	0	0	0	0	0	0	0	0	0	0	0	0	0	0	0	0	0	0	0	0	0	0	0
Schaedlerella	0	0	0	0	0	0	0	0	0	0	0	0	16	0	0	0	15	14	0	10	0	0	0	0	0	0	0	0	0	0	0	0	0	0	0	0	0	0	0	0	0	0	0	0	0	0	0	0	0	0	0	0	0	0	0	0	0	0	0	0	0	0	0	0	0	0	0	0
Sebaldella	0	0	0	0	0	0	0	0	0	0	0	0	0	0	0	0	0	0	0	0	29	0	0	0	0	0	0	0	0	0	0	0	0	0	0	0	0	0	0	0	0	0	0	0	0	0	0	0	0	0	0	0	0	0	0	0	0	0	0	0	0	0	0	0	0	0	0	0
Sediminispirochaeta	16	0	11	0	13	0	0	0	0	0	0	20	0	0	0	0	0	0	0	0	0	0	0	0	0	0	0	0	0	0	0	0	0	0	0	0	0	0	0	0	0	0	0	0	0	0	0	0	0	0	0	0	0	0	0	0	0	0	0	0	0	0	0	0	0	0	0	0
Selenomonas	0	0	0	0	0	0	0	0	0	0	0	0	0	0	0	0	0	0	0	0	16	15	0	0	0	0	0	0	0	0	0	0	0	0	0	0	0	0	0	0	0	0	0	0	0	0	0	0	0	0	0	0	0	0	0	0	0	0	0	0	0	0	0	0	0	0	0	0
Sellimonas	0	0	0	0	10	0	12	0	0	0	0	0	22	0	0	0	12	12	0	26	0	0	0	0	0	0	0	0	0	0	0	0	0	0	0	0	0	0	0	0	0	0	0	0	0	0	0	0	0	0	0	0	0	0	0	0	0	0	0	0	0	0	0	0	0	0	0	0
Senegalimassilia	0	0	0	0	0	0	0	0	0	0	0	0	11	0	0	0	0	0	0	0	0	0	0	0	0	0	0	0	0	0	0	0	0	0	0	0	0	0	0	0	0	0	0	0	0	0	0	0	0	0	0	0	0	0	0	0	0	0	0	0	0	0	0	0	0	0	0	0
Serpentinicella	0	0	0	0	0	0	0	0	0	0	0	0	0	0	0	0	0	13	0	0	0	0	0	0	0	0	0	0	0	0	0	0	0	0	0	0	0	0	0	0	0	0	0	0	0	0	0	0	0	0	0	0	0	0	0	0	0	0	0	0	0	0	0	0	0	0	0	0
Sharpea	0	0	0	0	0	0	0	0	0	0	0	0	0	0	0	0	0	0	0	0	0	0	0	0	0	0	0	0	223	116	67	130	165	142	106	80	22	17	48	46	0	0	0	0	0	0	0	0	0	0	0	0	0	0	0	0	0	0	0	0	0	0	0	0	0	0	0	0
Shewanella	0	0	0	0	0	0	0	0	0	0	0	0	42	0	0	0	0	0	0	0	0	0	0	0	0	0	0	0	0	0	0	0	0	0	0	0	0	0	0	0	0	0	0	0	0	0	0	0	0	0	0	0	0	0	0	0	0	0	0	0	0	0	0	0	0	0	0	0
Sinomonas	0	0	0	0	0	0	0	0	0	0	0	0	12	0	0	0	0	0	0	96	0	0	0	0	0	0	0	0	0	0	0	0	0	0	0	0	0	0	0	0	0	0	0	0	0	0	0	0	0	0	0	0	0	0	0	0	0	0	0	0	0	0	0	0	0	0	0	0
Slackia	0	0	0	0	0	0	0	0	0	0	0	0	178	0	196	1	326	74	0	335	21	32	43	0	0	0	164	0	0	0	0	0	0	0	0	0	0	0	0	0	0	0	0	0	0	0	0	0	0	0	0	0	0	0	0	0	0	0	0	0	0	0	0	0	0	0	0	0
Sneathia	0	0	0	0	0	0	0	0	0	0	0	0	17	0	0	0	0	0	0	0	24	36	10	0	0	0	0	0	0	0	0	0	0	0	0	0	0	0	0	0	0	0	0	0	0	0	0	0	0	0	0	0	0	0	0	0	0	0	0	0	0	0	0	0	0	0	0	0
Snodgrassella	0	0	0	0	0	0	0	0	0	0	0	0	0	0	0	0	0	0	0	0	36	71	83	0	0	0	27	0	0	0	0	0	0	0	0	0	0	0	0	0	0	0	0	0	0	0	0	0	0	0	0	0	0	0	0	0	0	0	0	0	0	0	0	0	0	0	0	0
Soehngenia	0	0	0	0	0	0	0	0	0	0	0	0	0	0	0	0	0	14	0	0	0	0	0	0	0	0	0	0	0	0	0	0	0	0	0	0	0	0	0	0	0	0	0	0	0	0	0	0	0	0	0	0	0	0	0	0	0	0	0	0	0	0	0	0	0	0	0	0
Solirubrobacter	0	0	0	0	0	0	0	0	0	0	0	10	0	0	0	0	0	0	0	0	0	0	0	0	0	0	0	0	0	0	0	0	0	0	0	0	0	0	0	0	0	0	0	0	0	0	0	0	0	0	0	0	0	0	0	38	0	0	0	0	0	0	0	0	0	0	0	0
Solobacterium	0	0	0	0	0	0	0	0	0	0	0	0	0	0	42	0	46	0	0	0	10	0	0	0	0	0	22	0	0	0	0	0	0	0	0	0	0	0	0	0	0	0	0	0	0	0	0	0	0	0	0	0	0	0	0	0	0	0	0	0	0	0	0	0	0	0	0	0
Sphaerotilus	0	0	0	0	0	0	0	0	0	0	0	0	0	0	0	0	0	0	0	0	0	12	0	0	0	0	0	0	0	0	0	0	0	0	0	0	0	0	0	0	0	0	0	0	0	0	0	0	0	0	0	0	0	0	0	0	0	0	0	0	0	0	0	0	0	0	0	0
Spiroplasma	0	0	0	0	0	0	0	0	0	0	0	0	48	0	13	0	34	31	0	25	16	13	11	0	0	0	0	0	0	0	0	0	0	0	0	0	0	0	0	0	0	0	0	0	0	0	0	0	0	0	0	0	0	0	0	0	0	0	0	0	0	0	0	0	0	0	0	0
Sporacetigenium	0	0	0	0	0	0	0	0	0	0	0	0	15	0	0	0	18	22	1	16	0	0	0	0	0	0	0	0	0	0	0	0	0	0	0	0	0	0	0	0	0	0	0	0	0	0	0	0	0	0	0	0	0	0	0	0	0	0	0	0	0	0	0	0	0	0	0	0
Sporanaerobacter	0	0	0	0	0	0	0	0	0	0	0	0	17	0	0	0	0	0	0	0	0	0	0	0	0	0	0	0	0	0	0	0	0	0	0	0	0	0	0	0	0	0	0	0	0	0	0	0	0	0	0	0	0	0	0	0	0	0	0	0	0	0	0	0	0	0	0	0
Sporobacterium	0	0	0	0	0	0	0	0	0	0	0	0	23	0	0	0	18	24	0	108	0	0	0	0	0	0	0	0	0	0	0	0	0	0	0	0	0	0	0	0	0	0	0	0	0	0	0	0	0	0	0	0	0	0	0	0	0	0	0	0	0	0	0	0	0	0	0	0
Staphylococcus	0	0	0	0	0	0	0	0	0	0	0	0	179	0	687	1	564	108	0	425	27	20	39	0	24	51	290	0	0	0	0	0	0	0	0	0	0	0	0	0	26	100	110	36	0	129	20	63	0	0	0	0	49	46	36	12	0	0	0	0	0	0	0	0	0	0	0	0
Stenotrophobacter	0	0	0	0	0	0	0	0	0	0	0	0	0	0	0	0	0	0	0	0	0	0	0	0	0	0	0	0	0	0	0	0	0	0	0	0	0	0	0	0	0	0	0	0	0	0	0	0	0	0	0	0	0	0	0	24	0	0	0	0	0	0	0	0	0	0	0	0
Steroidobacter	0	0	0	0	0	0	0	0	0	0	0	0	0	0	0	0	0	0	0	0	0	0	0	0	0	0	0	0	0	0	0	0	0	0	0	0	0	0	0	0	0	0	0	0	0	0	0	0	0	0	0	0	0	0	0	14	0	0	0	0	0	0	0	0	0	0	0	0
Stomatobaculum	0	0	0	0	0	0	0	0	0	0	0	0	41	0	0	0	50	36	0	51	0	0	0	0	0	0	0	0	0	0	0	0	0	0	0	0	0	0	0	0	0	0	0	0	0	0	0	0	0	0	0	0	0	0	0	0	0	0	0	0	0	0	0	0	0	0	0	0
Streptobacillus	0	0	0	0	0	0	0	0	0	0	0	0	30	0	0	0	0	10	0	0	134	62	0	0	0	0	0	0	0	0	0	0	0	0	0	0	0	0	0	0	0	0	0	0	0	0	0	0	0	0	0	0	0	0	0	0	0	0	0	0	0	0	0	0	0	0	0	0
Streptococcus	0	0	0	12	0	0	0	0	0	0	0	0	0	0	0	0	28	12	0	84	0	11	0	0	0	0	0	0	0	0	0	0	0	0	0	0	0	0	0	0	26	252	62	42	0	130	81	84	0	0	0	0	85	152	351	74	0	0	0	0	0	0	0	0	0	0	0	0
Streptomyces	0	0	0	0	0	0	0	0	0	0	0	0	13	0	12	0	22	39	0	60	155	88	28	0	0	0	59	0	0	0	0	0	0	0	0	0	0	0	0	0	0	0	0	0	0	0	0	0	0	0	0	0	0	0	0	0	0	0	0	0	0	0	0	0	0	0	0	0
Subdoligranulum	0	0	0	0	0	0	0	0	0	0	0	0	0	0	0	0	0	0	0	0	25	0	0	0	0	0	0	0	0	0	0	0	0	0	0	0	0	0	0	0	0	0	0	0	0	0	0	0	0	0	0	0	0	0	0	0	0	0	0	0	0	0	0	0	0	0	0	0
Sulfurivermis	0	0	0	0	0	0	0	0	0	0	0	0	0	0	0	0	0	0	0	0	17	16	0	0	0	0	0	0	0	0	0	0	0	0	0	0	0	0	0	0	0	0	0	0	0	0	0	0	0	0	0	0	0	0	0	0	0	0	0	0	0	0	0	0	0	0	0	0
Sutterella	124	303	251	182	110	179	255	69	659	329	632	484	263	45	703	0	264	588	0	773	15619	13662	3336	2	615	221	1635	0	80	203	89	55	43	195	102	27	578	341	414	288	31	809	232	88	0	284	123	38	0	0	0	0	3527	1327	1948	1263	0	30	0	15	0	0	13	21	414	95	132	69
Symbiobacterium	0	0	0	0	0	0	0	0	0	0	0	0	0	0	35	0	24	0	0	0	0	0	0	0	0	0	10	0	0	0	0	0	0	0	0	0	0	0	0	0	0	0	0	0	0	0	0	0	0	0	0	0	0	0	0	0	0	0	0	0	0	0	0	0	0	0	0	0
Synechococcus	0	0	0	0	0	0	0	0	0	0	0	0	55	0	13	1	31	13	0	12	0	0	0	0	0	0	11	0	0	0	0	0	0	0	0	0	0	0	0	0	0	0	0	0	0	0	0	0	0	0	0	0	0	0	0	0	0	0	0	0	0	0	0	0	0	0	0	0
Syntrophobotulus	0	0	0	0	0	0	0	0	0	0	0	0	0	0	0	0	0	0	0	14	0	0	0	0	0	0	0	0	0	0	0	0	0	0	0	0	0	0	0	0	0	0	0	0	0	0	0	0	0	0	0	0	0	0	0	0	0	0	0	0	0	0	0	0	0	0	0	0
Syntrophococcus	0	0	0	0	0	0	36	0	0	22	29	23	137	0	890	1	871	69	0	267	53	36	53	0	41	60	1450	0	0	0	0	0	0	0	0	0	0	0	0	0	0	15	0	0	0	0	0	0	0	0	0	0	0	0	0	0	0	0	0	0	0	0	0	0	0	0	0	0
Syntrophomonas	0	0	0	0	0	0	0	0	0	0	0	0	15	0	0	0	0	0	0	0	0	0	0	0	0	0	0	0	0	0	0	0	0	0	0	0	0	0	0	0	0	0	0	0	0	0	0	0	0	0	0	0	0	0	0	0	0	0	0	0	0	0	0	0	0	0	0	0
Tannerella	0	0	0	0	0	0	0	0	0	0	0	0	0	0	0	0	0	0	0	0	14	13	38	0	0	0	12	0	0	0	0	0	0	0	0	0	0	0	0	0	0	0	0	0	0	0	0	0	0	0	0	0	0	0	0	0	0	0	0	0	0	0	0	0	0	0	0	0
Tenacibaculum	0	0	0	0	0	0	0	0	0	0	0	0	0	0	0	0	0	0	0	0	13	0	47	0	0	0	13	0	0	0	0	0	0	0	0	0	0	0	0	0	0	0	0	0	0	0	0	0	0	0	0	0	0	0	0	0	0	0	0	0	0	0	0	0	0	0	0	0
Tepidanaerobacter	0	0	0	0	0	0	0	0	0	0	0	0	0	0	0	0	0	0	0	14	0	0	0	0	0	0	0	0	0	0	0	0	0	0	0	0	0	0	0	0	0	0	0	0	0	0	0	0	0	0	0	0	0	0	0	0	0	0	0	0	0	0	0	0	0	0	0	0
Tepidibacter	0	0	0	0	0	0	0	0	0	0	0	0	19	0	0	0	0	14	0	0	0	0	0	0	0	0	0	0	0	0	0	0	0	0	0	0	0	0	0	0	0	0	0	0	0	0	0	0	0	0	0	0	0	0	0	0	0	0	0	0	0	0	0	0	0	0	0	0
Tepidimicrobium	0	0	0	0	0	0	0	0	0	0	0	0	0	0	161	0	128	0	0	100	0	0	0	0	0	0	25	0	0	0	0	0	0	0	0	0	0	0	0	0	0	0	0	0	0	0	0	0	0	0	0	0	0	0	0	0	0	0	0	0	0	0	0	0	0	0	0	0
Tepidisphaera	0	0	0	0	0	0	0	0	0	0	0	0	0	0	0	0	0	0	0	0	0	0	0	0	0	0	0	0	0	0	0	0	0	0	0	0	0	0	0	0	0	0	0	0	0	0	0	0	0	0	0	0	0	0	0	53	0	0	0	0	0	0	0	0	0	0	0	0
Terrimonas	0	0	0	0	0	0	0	0	0	0	0	0	0	0	0	0	0	12	0	0	0	0	0	0	0	0	0	0	0	0	0	0	0	0	0	0	0	0	0	0	0	0	0	0	0	0	0	0	0	0	0	0	0	0	0	0	0	0	0	0	0	0	0	0	0	0	0	0
Terrisporobacter	40	18	42	29	146	91	134	126	257	173	94	307	260	0	338	1	980	503	0	1452	63	111	15	0	140	106	154	0	0	0	0	0	57	71	16	27	152	127	12	112	324	1473	629	331	0	2430	876	1037	0	0	0	0	4833	5335	1091	3051	12	0	0	24	20	52	49	160	119	51	15	39
Tetrasphaera	0	0	0	0	0	0	0	0	0	0	0	0	0	0	0	0	0	0	0	0	0	0	0	0	0	0	0	0	0	0	0	0	0	0	0	0	0	0	0	0	0	0	0	0	0	0	0	0	0	0	0	0	0	0	0	13	0	0	0	0	0	0	0	0	0	0	0	0
Thermaerobacter	0	0	0	0	0	0	0	0	0	0	0	0	0	0	15	0	19	0	0	0	0	0	0	0	0	0	0	0	0	0	0	0	0	0	0	0	0	0	0	0	0	0	0	0	0	0	0	0	0	0	0	0	0	0	0	0	0	0	0	0	0	0	0	0	0	0	0	0
Thermoactinomyces	0	0	0	0	0	0	0	0	0	0	0	0	0	0	15	0	0	0	0	0	0	0	0	0	0	0	0	0	0	0	0	0	0	0	0	0	0	0	0	0	0	0	0	0	0	0	0	0	0	0	0	0	0	0	0	0	0	0	0	0	0	0	0	0	0	0	0	0
Thermodesulfatator	0	0	0	0	0	0	0	0	0	0	0	0	0	0	0	0	0	0	0	0	0	0	0	0	0	0	15	0	0	0	0	0	0	0	0	0	0	0	0	0	0	0	0	0	0	0	0	0	0	0	0	0	0	0	0	0	0	0	0	0	0	0	0	0	0	0	0	0
Thermolithobacter	0	0	0	0	0	0	0	0	0	0	0	0	0	0	0	0	0	0	0	18	0	0	0	0	0	0	0	0	0	0	0	0	0	0	0	0	0	0	0	0	0	0	0	0	0	0	0	0	0	0	0	0	0	0	0	0	0	0	0	0	0	0	0	0	0	0	0	0
Thermosporothrix	0	0	0	0	0	0	0	0	0	0	0	0	17	0	0	0	0	0	0	0	0	0	0	0	0	0	0	0	0	0	0	0	0	0	0	0	0	0	0	0	0	0	0	0	0	0	0	0	0	0	0	0	0	0	0	0	0	0	0	0	0	0	0	0	0	0	0	0
Tianweitania	0	0	0	0	0	0	0	0	0	0	0	0	16	0	0	0	21	14	0	0	0	0	0	0	0	0	0	0	0	0	0	0	0	0	0	0	0	0	0	0	0	0	0	0	0	0	0	0	0	0	0	0	0	0	0	0	0	0	0	0	0	0	0	0	0	0	0	0
Tindallia	0	0	0	0	0	0	0	0	0	0	0	0	0	0	0	0	0	0	0	14	0	0	0	0	0	0	0	0	0	0	0	0	0	0	0	0	0	0	0	0	0	0	0	0	0	0	0	0	0	0	0	0	0	0	0	0	0	0	0	0	0	0	0	0	0	0	0	0
Tissierella	0	0	0	0	0	0	0	0	0	0	0	0	0	0	0	0	0	0	0	11	0	0	0	0	0	0	0	0	0	0	0	0	0	0	0	0	0	0	0	0	0	0	0	0	0	0	0	0	0	0	0	0	0	0	0	0	0	0	0	0	0	0	0	0	0	0	0	0
Traorella	0	0	0	0	0	0	0	0	15	0	22	19	0	0	0	0	0	0	0	0	0	0	0	0	0	0	0	0	0	0	0	0	0	0	0	0	0	0	0	0	0	0	0	0	0	0	0	0	0	0	0	0	12	22	25	0	0	0	0	0	0	0	0	0	0	0	0	0
Trichormus	0	0	0	0	0	0	0	0	0	0	0	0	0	0	25	0	21	0	0	0	0	0	0	0	0	0	12	0	0	0	0	0	0	0	0	0	0	0	0	0	0	0	0	0	0	0	0	0	0	0	0	0	0	0	0	0	0	0	0	0	0	0	0	0	0	0	0	0
Truepera	0	0	0	0	0	0	0	0	0	0	0	0	0	0	0	0	11	0	0	0	0	0	0	0	0	0	0	0	0	0	0	0	0	0	0	0	0	0	0	0	0	0	0	0	0	0	0	0	0	0	0	0	0	0	0	0	0	0	0	0	0	0	0	0	0	0	0	0
Turicibacter	64	24	73	50	135	145	175	143	358	497	267	627	301	16	247	0	578	642	0	1255	407	784	292	0	263	344	381	12	42	0	12	0	81	161	69	63	258	456	123	410	46	274	65	38	0	292	85	61	0	0	0	0	500	1119	237	515	16	11	0	23	0	36	19	74	103	104	13	43
Tyzzerella	0	0	0	0	18	0	13	0	19	0	15	12	888	0	250	1	680	956	0	1614	83	163	43	0	31	64	175	0	596	278	213	411	303	503	319	322	212	907	262	1002	4841	22042	4451	5189	0	6066	2421	2570	0	0	0	0	4297	23680	4640	9300	190	145	50	309	18	75	87	295	74	255	43	118
Vallitalea	0	0	0	0	0	0	0	0	0	0	0	0	0	0	167	0	168	0	0	0	0	0	0	0	0	0	116	0	0	0	0	0	0	0	0	0	0	0	0	0	0	0	0	0	0	0	0	0	0	0	0	0	0	0	0	0	0	0	0	0	0	0	0	0	0	0	0	0
Vampirovibrio	0	0	0	0	0	0	0	0	0	0	0	0	0	0	126	0	91	0	0	32	0	16	15	0	0	0	38	0	0	0	0	0	0	0	0	0	0	0	0	0	0	0	0	0	0	0	0	0	0	0	0	0	0	0	0	0	0	0	0	0	0	0	0	0	0	0	0	0
Vicinamibacter	0	0	0	0	0	0	0	0	0	0	0	0	0	0	0	0	0	0	0	0	0	0	0	0	0	0	0	0	0	0	0	0	0	0	0	0	0	0	0	0	0	0	0	0	0	0	0	0	0	0	0	0	0	0	0	53	0	0	0	0	0	0	0	0	0	0	0	0
Weissella	0	0	0	0	0	0	0	0	0	0	0	0	182	0	12	0	67	67	0	56	78	49	0	0	0	0	0	0	0	0	0	0	0	0	0	0	0	0	0	0	0	0	0	0	0	0	0	0	0	0	0	0	0	0	0	0	0	0	0	0	0	0	0	0	0	0	0	0
Zoogloea	0	0	0	0	0	0	0	0	0	0	0	0	0	0	0	0	0	0	0	0	15	0	0	0	0	0	0	0	0	0	0	0	0	0	0	0	0	0	0	0	0	0	0	0	0	0	0	0	0	0	0	0	0	0	0	0	0	0	0	0	0	0	0	0	0	0	0	0
