run_accession	study_accession	sample_accession	secondary_sample_accession	experiment_accession	tax_id	scientific_name	instrument_platform	read_count	experiment_title	fastq_ftp	submitted_ftp	sra_ftp	sample_alias	sample_title	bam_ftp
ERR13926664	PRJEB82097	SAMEA116348885	ERS21409562	ERX13328539	9615	Canis lupus familiaris	OXFORD_NANOPORE	370709	MinION sequencing: Raw reads: Canfam_SRTP_A_F1_210201_ZMB	ftp.sra.ebi.ac.uk/vol1/fastq/ERR139/064/ERR13926664/ERR13926664.fastq.gz	ftp.sra.ebi.ac.uk/vol1/run/ERR139/ERR13926664/SRTP_A_F1_210201_ZMB.fastq.gz		Canfam_SRTP_A_F1_210201_ZMB	SRTP_A_F1_210201_ZMB	ftp.sra.ebi.ac.uk/vol1/err/ERR139/064/ERR13926664/ERR13926664.bam
ERR13926665	PRJEB82097	SAMEA116348886	ERS21409563	ERX13328540	9615	Canis lupus familiaris	OXFORD_NANOPORE	354775	MinION sequencing: Raw reads: Canfam_SRTP_A_F1_210214_ZMB	ftp.sra.ebi.ac.uk/vol1/fastq/ERR139/065/ERR13926665/ERR13926665.fastq.gz	ftp.sra.ebi.ac.uk/vol1/run/ERR139/ERR13926665/SRTP_A_F1_210214_ZMB.fastq.gz		Canfam_SRTP_A_F1_210214_ZMB	SRTP_A_F1_210214_ZMB	ftp.sra.ebi.ac.uk/vol1/err/ERR139/065/ERR13926665/ERR13926665.bam
ERR13926667	PRJEB82097	SAMEA116348887	ERS21409564	ERX13328542	9615	Canis lupus familiaris	OXFORD_NANOPORE	407029	MinION sequencing: Raw reads: Canfam_SRTP_A_F1_210221_ZMB	ftp.sra.ebi.ac.uk/vol1/fastq/ERR139/067/ERR13926667/ERR13926667.fastq.gz	ftp.sra.ebi.ac.uk/vol1/run/ERR139/ERR13926667/SRTP_A_F1_210221_ZMB.fastq.gz		Canfam_SRTP_A_F1_210221_ZMB	SRTP_A_F1_210221_ZMB	ftp.sra.ebi.ac.uk/vol1/err/ERR139/067/ERR13926667/ERR13926667.bam
ERR13926669	PRJEB82097	SAMEA116348888	ERS21409565	ERX13328544	9615	Canis lupus familiaris	OXFORD_NANOPORE	67692	MinION sequencing: Raw reads: Canfam_SRTP_A_F1_210317_ZHMW	ftp.sra.ebi.ac.uk/vol1/fastq/ERR139/069/ERR13926669/ERR13926669.fastq.gz	ftp.sra.ebi.ac.uk/vol1/run/ERR139/ERR13926669/SRTP_A_F1_210317_ZHMW.fastq.gz		Canfam_SRTP_A_F1_210317_ZHMW	SRTP_A_F1_210317_ZHMW	ftp.sra.ebi.ac.uk/vol1/err/ERR139/069/ERR13926669/ERR13926669.bam
ERR13926672	PRJEB82097	SAMEA116348889	ERS21409566	ERX13328547	9615	Canis lupus familiaris	OXFORD_NANOPORE	97297	MinION sequencing: Raw reads: Canfam_SRTP_A_F1_210317_ZMB	ftp.sra.ebi.ac.uk/vol1/fastq/ERR139/072/ERR13926672/ERR13926672.fastq.gz	ftp.sra.ebi.ac.uk/vol1/run/ERR139/ERR13926672/SRTP_A_F1_210317_ZMB.fastq.gz		Canfam_SRTP_A_F1_210317_ZMB	SRTP_A_F1_210317_ZMB	ftp.sra.ebi.ac.uk/vol1/err/ERR139/072/ERR13926672/ERR13926672.bam
ERR13926674	PRJEB82097	SAMEA116348891	ERS21409568	ERX13328549	9615	Canis lupus familiaris	OXFORD_NANOPORE	53261	MinION sequencing: Raw reads: Canfam_SRTP_A_F1_210330_ZMB	ftp.sra.ebi.ac.uk/vol1/fastq/ERR139/074/ERR13926674/ERR13926674.fastq.gz	ftp.sra.ebi.ac.uk/vol1/run/ERR139/ERR13926674/SRTP_A_F1_210330_ZMB.fastq.gz		Canfam_SRTP_A_F1_210330_ZMB	SRTP_A_F1_210330_ZMB	ftp.sra.ebi.ac.uk/vol1/err/ERR139/074/ERR13926674/ERR13926674.bam
ERR13926687	PRJEB82097	SAMEA116348898	ERS21409575	ERX13328562	9615	Canis lupus familiaris	OXFORD_NANOPORE	303672	MinION sequencing: Raw reads: Canfam_SRTP_A_F1_210830_ZMB	ftp.sra.ebi.ac.uk/vol1/fastq/ERR139/087/ERR13926687/ERR13926687.fastq.gz	ftp.sra.ebi.ac.uk/vol1/run/ERR139/ERR13926687/SRTP_A_F1_210830_ZMB.fastq.gz		Canfam_SRTP_A_F1_210830_ZMB	SRTP_A_F1_210830_ZMB	ftp.sra.ebi.ac.uk/vol1/err/ERR139/087/ERR13926687/ERR13926687.bam
ERR13926705	PRJEB82097	SAMEA116348904	ERS21409581	ERX13328580	9615	Canis lupus familiaris	OXFORD_NANOPORE	31756	MinION sequencing: Raw reads: Canfam_SRTP_A_F1_211203_ZHMW	ftp.sra.ebi.ac.uk/vol1/fastq/ERR139/005/ERR13926705/ERR13926705.fastq.gz	ftp.sra.ebi.ac.uk/vol1/run/ERR139/ERR13926705/SRTP_A_F1_211203_ZHMW.fastq.gz		Canfam_SRTP_A_F1_211203_ZHMW	SRTP_A_F1_211203_ZHMW	ftp.sra.ebi.ac.uk/vol1/err/ERR139/005/ERR13926705/ERR13926705.bam
ERR13926678	PRJEB82097	SAMEA116348893	ERS21409570	ERX13328553	9615	Canis lupus familiaris	OXFORD_NANOPORE	66759	MinION sequencing: Raw reads: Canfam_SRTP_A_F1_210415_ZMB	ftp.sra.ebi.ac.uk/vol1/fastq/ERR139/078/ERR13926678/ERR13926678.fastq.gz	ftp.sra.ebi.ac.uk/vol1/run/ERR139/ERR13926678/SRTP_A_F1_210415_ZMB.fastq.gz		Canfam_SRTP_A_F1_210415_ZMB	SRTP_A_F1_210415_ZMB	ftp.sra.ebi.ac.uk/vol1/err/ERR139/078/ERR13926678/ERR13926678.bam
ERR13927195	PRJEB82097	SAMEA116348909	ERS21409586	ERX13329070	9615	Canis lupus familiaris	OXFORD_NANOPORE	37067	MinION sequencing: Raw reads: Canfam_SRTP_A_F2_210401_ZHMW	ftp.sra.ebi.ac.uk/vol1/fastq/ERR139/095/ERR13927195/ERR13927195.fastq.gz	ftp.sra.ebi.ac.uk/vol1/run/ERR139/ERR13927195/SRTP_A_F2_210401_ZHMW.fastq.gz		Canfam_SRTP_A_F2_210401_ZHMW	SRTP_A_F2_210401_ZHMW	ftp.sra.ebi.ac.uk/vol1/err/ERR139/095/ERR13927195/ERR13927195.bam
ERR13926680	PRJEB82097	SAMEA116348894	ERS21409571	ERX13328555	9615	Canis lupus familiaris	OXFORD_NANOPORE	326678	MinION sequencing: Raw reads: Canfam_SRTP_A_F1_210603_ZMB	ftp.sra.ebi.ac.uk/vol1/fastq/ERR139/080/ERR13926680/ERR13926680.fastq.gz	ftp.sra.ebi.ac.uk/vol1/run/ERR139/ERR13926680/SRTP_A_F1_210603_ZMB.fastq.gz		Canfam_SRTP_A_F1_210603_ZMB	SRTP_A_F1_210603_ZMB	ftp.sra.ebi.ac.uk/vol1/err/ERR139/080/ERR13926680/ERR13926680.bam
ERR13926683	PRJEB82097	SAMEA116348897	ERS21409574	ERX13328558	9615	Canis lupus familiaris	OXFORD_NANOPORE	319416	MinION sequencing: Raw reads: Canfam_SRTP_A_F1_210728_ZMB	ftp.sra.ebi.ac.uk/vol1/fastq/ERR139/083/ERR13926683/ERR13926683.fastq.gz	ftp.sra.ebi.ac.uk/vol1/run/ERR139/ERR13926683/SRTP_A_F1_210728_ZMB.fastq.gz		Canfam_SRTP_A_F1_210728_ZMB	SRTP_A_F1_210728_ZMB	ftp.sra.ebi.ac.uk/vol1/err/ERR139/083/ERR13926683/ERR13926683.bam
ERR13927207	PRJEB82097	SAMEA116348914	ERS21409591	ERX13329082	9615	Canis lupus familiaris	OXFORD_NANOPORE	362366	MinION sequencing: Raw reads: Canfam_SRTP_A_F2_210603_ZMB	ftp.sra.ebi.ac.uk/vol1/fastq/ERR139/007/ERR13927207/ERR13927207.fastq.gz	ftp.sra.ebi.ac.uk/vol1/run/ERR139/ERR13927207/SRTP_A_F2_210603_ZMB.fastq.gz		Canfam_SRTP_A_F2_210603_ZMB	SRTP_A_F2_210603_ZMB	ftp.sra.ebi.ac.uk/vol1/err/ERR139/007/ERR13927207/ERR13927207.bam
ERR13927211	PRJEB82097	SAMEA116348916	ERS21409593	ERX13329086	9615	Canis lupus familiaris	OXFORD_NANOPORE	95265	MinION sequencing: Raw reads: Canfam_SRTP_A_F2_210705_ZMB	ftp.sra.ebi.ac.uk/vol1/fastq/ERR139/011/ERR13927211/ERR13927211.fastq.gz	ftp.sra.ebi.ac.uk/vol1/run/ERR139/ERR13927211/SRTP_A_F2_210705_ZMB.fastq.gz		Canfam_SRTP_A_F2_210705_ZMB	SRTP_A_F2_210705_ZMB	ftp.sra.ebi.ac.uk/vol1/err/ERR139/011/ERR13927211/ERR13927211.bam
ERR13926688	PRJEB82097	SAMEA116348899	ERS21409576	ERX13328563	9615	Canis lupus familiaris	OXFORD_NANOPORE	70212	MinION sequencing: Raw reads: Canfam_SRTP_A_F1_210903_ZHMW	ftp.sra.ebi.ac.uk/vol1/fastq/ERR139/088/ERR13926688/ERR13926688.fastq.gz	ftp.sra.ebi.ac.uk/vol1/run/ERR139/ERR13926688/SRTP_A_F1_210903_ZHMW.fastq.gz		Canfam_SRTP_A_F1_210903_ZHMW	SRTP_A_F1_210903_ZHMW	ftp.sra.ebi.ac.uk/vol1/err/ERR139/088/ERR13926688/ERR13926688.bam
ERR13927217	PRJEB82097	SAMEA116348917	ERS21409594	ERX13329092	9615	Canis lupus familiaris	OXFORD_NANOPORE	254702	MinION sequencing: Raw reads: Canfam_SRTP_A_F2_210728_ZMB	ftp.sra.ebi.ac.uk/vol1/fastq/ERR139/017/ERR13927217/ERR13927217.fastq.gz	ftp.sra.ebi.ac.uk/vol1/run/ERR139/ERR13927217/SRTP_A_F2_210728_ZMB.fastq.gz		Canfam_SRTP_A_F2_210728_ZMB	SRTP_A_F2_210728_ZMB	ftp.sra.ebi.ac.uk/vol1/err/ERR139/017/ERR13927217/ERR13927217.bam
ERR13926694	PRJEB82097	SAMEA116348901	ERS21409578	ERX13328569	9615	Canis lupus familiaris	OXFORD_NANOPORE	411046	MinION sequencing: Raw reads: Canfam_SRTP_A_F1_210915_ZMB	ftp.sra.ebi.ac.uk/vol1/fastq/ERR139/094/ERR13926694/ERR13926694.fastq.gz	ftp.sra.ebi.ac.uk/vol1/run/ERR139/ERR13926694/SRTP_A_F1_210915_ZMB.fastq.gz		Canfam_SRTP_A_F1_210915_ZMB	SRTP_A_F1_210915_ZMB	ftp.sra.ebi.ac.uk/vol1/err/ERR139/094/ERR13926694/ERR13926694.bam
ERR13927255	PRJEB82097	SAMEA116348919	ERS21409596	ERX13329130	9615	Canis lupus familiaris	OXFORD_NANOPORE	353227	MinION sequencing: Raw reads: Canfam_SRTP_A_F2_210831_ZMB	ftp.sra.ebi.ac.uk/vol1/fastq/ERR139/055/ERR13927255/ERR13927255.fastq.gz	ftp.sra.ebi.ac.uk/vol1/run/ERR139/ERR13927255/SRTP_A_F2_210831_ZMB.fastq.gz		Canfam_SRTP_A_F2_210831_ZMB	SRTP_A_F2_210831_ZMB	ftp.sra.ebi.ac.uk/vol1/err/ERR139/055/ERR13927255/ERR13927255.bam
ERR13927268	PRJEB82097	SAMEA116348921	ERS21409598	ERX13329143	9615	Canis lupus familiaris	OXFORD_NANOPORE	335581	MinION sequencing: Raw reads: Canfam_SRTP_A_F2_210927_ZMB	ftp.sra.ebi.ac.uk/vol1/fastq/ERR139/068/ERR13927268/ERR13927268.fastq.gz	ftp.sra.ebi.ac.uk/vol1/run/ERR139/ERR13927268/SRTP_A_F2_210927_ZMB.fastq.gz		Canfam_SRTP_A_F2_210927_ZMB	SRTP_A_F2_210927_ZMB	ftp.sra.ebi.ac.uk/vol1/err/ERR139/068/ERR13927268/ERR13927268.bam
ERR13926699	PRJEB82097	SAMEA116348902	ERS21409579	ERX13328574	9615	Canis lupus familiaris	OXFORD_NANOPORE	396298	MinION sequencing: Raw reads: Canfam_SRTP_A_F1_210927_ZMB	ftp.sra.ebi.ac.uk/vol1/fastq/ERR139/099/ERR13926699/ERR13926699.fastq.gz	ftp.sra.ebi.ac.uk/vol1/run/ERR139/ERR13926699/SRTP_A_F1_210927_ZMB.fastq.gz		Canfam_SRTP_A_F1_210927_ZMB	SRTP_A_F1_210927_ZMB	ftp.sra.ebi.ac.uk/vol1/err/ERR139/099/ERR13926699/ERR13926699.bam
ERR13927299	PRJEB82097	SAMEA116348965	ERS21409642	ERX13329174	9615	Canis lupus familiaris	OXFORD_NANOPORE	94926	MinION sequencing: Raw reads: Canfam_SRTP_A_F3_210317_ZMB	ftp.sra.ebi.ac.uk/vol1/fastq/ERR139/099/ERR13927299/ERR13927299.fastq.gz	ftp.sra.ebi.ac.uk/vol1/run/ERR139/ERR13927299/SRTP_A_F3_210317_ZMB.fastq.gz		Canfam_SRTP_A_F3_210317_ZMB	SRTP_A_F3_210317_ZMB	ftp.sra.ebi.ac.uk/vol1/err/ERR139/099/ERR13927299/ERR13927299.bam
ERR13926704	PRJEB82097	SAMEA116348903	ERS21409580	ERX13328579	9615	Canis lupus familiaris	OXFORD_NANOPORE	281164	MinION sequencing: Raw reads: Canfam_SRTP_A_F1_211012_ZMB	ftp.sra.ebi.ac.uk/vol1/fastq/ERR139/004/ERR13926704/ERR13926704.fastq.gz	ftp.sra.ebi.ac.uk/vol1/run/ERR139/ERR13926704/SRTP_A_F1_211012_ZMB.fastq.gz		Canfam_SRTP_A_F1_211012_ZMB	SRTP_A_F1_211012_ZMB	ftp.sra.ebi.ac.uk/vol1/err/ERR139/004/ERR13926704/ERR13926704.bam
ERR13927334	PRJEB82097	SAMEA116348967	ERS21409644	ERX13329209	9615	Canis lupus familiaris	OXFORD_NANOPORE	317568	MinION sequencing: Raw reads: Canfam_SRTP_A_F3_210329_ZMB	ftp.sra.ebi.ac.uk/vol1/fastq/ERR139/034/ERR13927334/ERR13927334.fastq.gz	ftp.sra.ebi.ac.uk/vol1/run/ERR139/ERR13927334/SRTP_A_F3_210329_ZMB.fastq.gz		Canfam_SRTP_A_F3_210329_ZMB	SRTP_A_F3_210329_ZMB	ftp.sra.ebi.ac.uk/vol1/err/ERR139/034/ERR13927334/ERR13927334.bam
ERR13927209	PRJEB82097	SAMEA116348915	ERS21409592	ERX13329084	9615	Canis lupus familiaris	OXFORD_NANOPORE	42808	MinION sequencing: Raw reads: Canfam_SRTP_A_F2_210705_ZHMW	ftp.sra.ebi.ac.uk/vol1/fastq/ERR139/009/ERR13927209/ERR13927209.fastq.gz	ftp.sra.ebi.ac.uk/vol1/run/ERR139/ERR13927209/SRTP_A_F2_210705_ZHMW.fastq.gz		Canfam_SRTP_A_F2_210705_ZHMW	SRTP_A_F2_210705_ZHMW	ftp.sra.ebi.ac.uk/vol1/err/ERR139/009/ERR13927209/ERR13927209.bam
ERR13927370	PRJEB82097	SAMEA116348982	ERS21409659	ERX13329245	9615	Canis lupus familiaris	OXFORD_NANOPORE	136981	MinION sequencing: Raw reads: Canfam_SRTP_A_F3_211203_ZHMW	ftp.sra.ebi.ac.uk/vol1/fastq/ERR139/070/ERR13927370/ERR13927370.fastq.gz	ftp.sra.ebi.ac.uk/vol1/run/ERR139/ERR13927370/SRTP_A_F3_211203_ZHMW.fastq.gz		Canfam_SRTP_A_F3_211203_ZHMW	SRTP_A_F3_211203_ZHMW	ftp.sra.ebi.ac.uk/vol1/err/ERR139/070/ERR13927370/ERR13927370.bam
ERR13927371	PRJEB82097	SAMEA116348983	ERS21409660	ERX13329246	9615	Canis lupus familiaris	OXFORD_NANOPORE	56908	MinION sequencing: Raw reads: Canfam_SRTP_A_F3_211203_ZMB	ftp.sra.ebi.ac.uk/vol1/fastq/ERR139/071/ERR13927371/ERR13927371.fastq.gz	ftp.sra.ebi.ac.uk/vol1/run/ERR139/ERR13927371/SRTP_A_F3_211203_ZMB.fastq.gz		Canfam_SRTP_A_F3_211203_ZMB	SRTP_A_F3_211203_ZMB	ftp.sra.ebi.ac.uk/vol1/err/ERR139/071/ERR13927371/ERR13927371.bam
ERR13927386	PRJEB82097	SAMEA116349000	ERS21409677	ERX13329261	9615	Canis lupus familiaris	OXFORD_NANOPORE	43774	MinION sequencing: Raw reads: Canfam_SRTP_A_F4_210330_ZMB	ftp.sra.ebi.ac.uk/vol1/fastq/ERR139/086/ERR13927386/ERR13927386.fastq.gz	ftp.sra.ebi.ac.uk/vol1/run/ERR139/ERR13927386/SRTP_A_F4_210330_ZMB.fastq.gz		Canfam_SRTP_A_F4_210330_ZMB	SRTP_A_F4_210330_ZMB	ftp.sra.ebi.ac.uk/vol1/err/ERR139/086/ERR13927386/ERR13927386.bam
ERR13927281	PRJEB82097	SAMEA116348923	ERS21409600	ERX13329156	9615	Canis lupus familiaris	OXFORD_NANOPORE	402430	MinION sequencing: Raw reads: Canfam_SRTP_A_F2_211027_ZMB	ftp.sra.ebi.ac.uk/vol1/fastq/ERR139/081/ERR13927281/ERR13927281.fastq.gz	ftp.sra.ebi.ac.uk/vol1/run/ERR139/ERR13927281/SRTP_A_F2_211027_ZMB.fastq.gz		Canfam_SRTP_A_F2_211027_ZMB	SRTP_A_F2_211027_ZMB	ftp.sra.ebi.ac.uk/vol1/err/ERR139/081/ERR13927281/ERR13927281.bam
ERR13927389	PRJEB82097	SAMEA116349002	ERS21409679	ERX13329264	9615	Canis lupus familiaris	OXFORD_NANOPORE	63410	MinION sequencing: Raw reads: Canfam_SRTP_A_F4_210413_ZMB	ftp.sra.ebi.ac.uk/vol1/fastq/ERR139/089/ERR13927389/ERR13927389.fastq.gz	ftp.sra.ebi.ac.uk/vol1/run/ERR139/ERR13927389/SRTP_A_F4_210413_ZMB.fastq.gz		Canfam_SRTP_A_F4_210413_ZMB	SRTP_A_F4_210413_ZMB	ftp.sra.ebi.ac.uk/vol1/err/ERR139/089/ERR13927389/ERR13927389.bam
ERR13927285	PRJEB82097	SAMEA116348960	ERS21409637	ERX13329160	9615	Canis lupus familiaris	OXFORD_NANOPORE	424649	MinION sequencing: Raw reads: Canfam_SRTP_A_F3_210214_ZMB	ftp.sra.ebi.ac.uk/vol1/fastq/ERR139/085/ERR13927285/ERR13927285.fastq.gz	ftp.sra.ebi.ac.uk/vol1/run/ERR139/ERR13927285/SRTP_A_F3_210214_ZMB.fastq.gz		Canfam_SRTP_A_F3_210214_ZMB	SRTP_A_F3_210214_ZMB	ftp.sra.ebi.ac.uk/vol1/err/ERR139/085/ERR13927285/ERR13927285.bam
ERR13927403	PRJEB82097	SAMEA116349007	ERS21409684	ERX13329278	9615	Canis lupus familiaris	OXFORD_NANOPORE	318088	MinION sequencing: Raw reads: Canfam_SRTP_A_F4_210929_ZMB	ftp.sra.ebi.ac.uk/vol1/fastq/ERR139/003/ERR13927403/ERR13927403.fastq.gz	ftp.sra.ebi.ac.uk/vol1/run/ERR139/ERR13927403/SRTP_A_F4_210929_ZMB.fastq.gz		Canfam_SRTP_A_F4_210929_ZMB	SRTP_A_F4_210929_ZMB	ftp.sra.ebi.ac.uk/vol1/err/ERR139/003/ERR13927403/ERR13927403.bam
ERR13927286	PRJEB82097	SAMEA116348961	ERS21409638	ERX13329161	9615	Canis lupus familiaris	OXFORD_NANOPORE	351323	MinION sequencing: Raw reads: Canfam_SRTP_A_F3_210220_ZMB	ftp.sra.ebi.ac.uk/vol1/fastq/ERR139/086/ERR13927286/ERR13927286.fastq.gz	ftp.sra.ebi.ac.uk/vol1/run/ERR139/ERR13927286/SRTP_A_F3_210220_ZMB.fastq.gz		Canfam_SRTP_A_F3_210220_ZMB	SRTP_A_F3_210220_ZMB	ftp.sra.ebi.ac.uk/vol1/err/ERR139/086/ERR13927286/ERR13927286.bam
ERR13927412	PRJEB82097	SAMEA116348871	ERS21409548	ERX13329287	9615	Canis lupus familiaris	OXFORD_NANOPORE	359775	MinION sequencing: Raw reads: Canfam_SRTP_A_M1_210303_ZMB	ftp.sra.ebi.ac.uk/vol1/fastq/ERR139/012/ERR13927412/ERR13927412.fastq.gz	ftp.sra.ebi.ac.uk/vol1/run/ERR139/ERR13927412/SRTP_A_M1_210303_ZMB.fastq.gz		Canfam_SRTP_A_M1_210303_ZMB	SRTP_A_M1_210303_ZMB	ftp.sra.ebi.ac.uk/vol1/err/ERR139/012/ERR13927412/ERR13927412.bam
ERR13927419	PRJEB82097	SAMEA116348877	ERS21409554	ERX13329294	9615	Canis lupus familiaris	OXFORD_NANOPORE	62302	MinION sequencing: Raw reads: Canfam_SRTP_A_M1_210415_ZMB	ftp.sra.ebi.ac.uk/vol1/fastq/ERR139/019/ERR13927419/ERR13927419.fastq.gz	ftp.sra.ebi.ac.uk/vol1/run/ERR139/ERR13927419/SRTP_A_M1_210415_ZMB.fastq.gz		Canfam_SRTP_A_M1_210415_ZMB	SRTP_A_M1_210415_ZMB	ftp.sra.ebi.ac.uk/vol1/err/ERR139/019/ERR13927419/ERR13927419.bam
ERR13927290	PRJEB82097	SAMEA116348962	ERS21409639	ERX13329165	9615	Canis lupus familiaris	OXFORD_NANOPORE	331402	MinION sequencing: Raw reads: Canfam_SRTP_A_F3_210225_ZMB	ftp.sra.ebi.ac.uk/vol1/fastq/ERR139/090/ERR13927290/ERR13927290.fastq.gz	ftp.sra.ebi.ac.uk/vol1/run/ERR139/ERR13927290/SRTP_A_F3_210225_ZMB.fastq.gz		Canfam_SRTP_A_F3_210225_ZMB	SRTP_A_F3_210225_ZMB	ftp.sra.ebi.ac.uk/vol1/err/ERR139/090/ERR13927290/ERR13927290.bam
ERR13927421	PRJEB82097	SAMEA116348879	ERS21409556	ERX13329296	9615	Canis lupus familiaris	OXFORD_NANOPORE	136628	MinION sequencing: Raw reads: Canfam_SRTP_A_M1_210705_ZMB	ftp.sra.ebi.ac.uk/vol1/fastq/ERR139/021/ERR13927421/ERR13927421.fastq.gz	ftp.sra.ebi.ac.uk/vol1/run/ERR139/ERR13927421/SRTP_A_M1_210705_ZMB.fastq.gz		Canfam_SRTP_A_M1_210705_ZMB	SRTP_A_M1_210705_ZMB	ftp.sra.ebi.ac.uk/vol1/err/ERR139/021/ERR13927421/ERR13927421.bam
ERR13927424	PRJEB82097	SAMEA116348882	ERS21409559	ERX13329299	9615	Canis lupus familiaris	OXFORD_NANOPORE	62622	MinION sequencing: Raw reads: Canfam_SRTP_A_M1_210903_ZMB	ftp.sra.ebi.ac.uk/vol1/fastq/ERR139/024/ERR13927424/ERR13927424.fastq.gz	ftp.sra.ebi.ac.uk/vol1/run/ERR139/ERR13927424/SRTP_A_M1_210903_ZMB.fastq.gz		Canfam_SRTP_A_M1_210903_ZMB	SRTP_A_M1_210903_ZMB	ftp.sra.ebi.ac.uk/vol1/err/ERR139/024/ERR13927424/ERR13927424.bam
ERR13927296	PRJEB82097	SAMEA116348963	ERS21409640	ERX13329171	9615	Canis lupus familiaris	OXFORD_NANOPORE	347737	MinION sequencing: Raw reads: Canfam_SRTP_A_F3_210304_ZMB	ftp.sra.ebi.ac.uk/vol1/fastq/ERR139/096/ERR13927296/ERR13927296.fastq.gz	ftp.sra.ebi.ac.uk/vol1/run/ERR139/ERR13927296/SRTP_A_F3_210304_ZMB.fastq.gz		Canfam_SRTP_A_F3_210304_ZMB	SRTP_A_F3_210304_ZMB	ftp.sra.ebi.ac.uk/vol1/err/ERR139/096/ERR13927296/ERR13927296.bam
ERR13927426	PRJEB82097	SAMEA116348883	ERS21409560	ERX13329301	9615	Canis lupus familiaris	OXFORD_NANOPORE	475147	MinION sequencing: Raw reads: Canfam_SRTP_A_M1_210928_ZMB	ftp.sra.ebi.ac.uk/vol1/fastq/ERR139/026/ERR13927426/ERR13927426.fastq.gz	ftp.sra.ebi.ac.uk/vol1/run/ERR139/ERR13927426/SRTP_A_M1_210928_ZMB.fastq.gz		Canfam_SRTP_A_M1_210928_ZMB	SRTP_A_M1_210928_ZMB	ftp.sra.ebi.ac.uk/vol1/err/ERR139/026/ERR13927426/ERR13927426.bam
ERR13927433	PRJEB82097	SAMEA116348940	ERS21409617	ERX13329308	9615	Canis lupus familiaris	OXFORD_NANOPORE	470599	MinION sequencing: Raw reads: Canfam_SRTP_A_M2_210227_ZMB	ftp.sra.ebi.ac.uk/vol1/fastq/ERR139/033/ERR13927433/ERR13927433.fastq.gz	ftp.sra.ebi.ac.uk/vol1/run/ERR139/ERR13927433/SRTP_A_M2_210227_ZMB.fastq.gz		Canfam_SRTP_A_M2_210227_ZMB	SRTP_A_M2_210227_ZMB	ftp.sra.ebi.ac.uk/vol1/err/ERR139/033/ERR13927433/ERR13927433.bam
ERR13927298	PRJEB82097	SAMEA116348964	ERS21409641	ERX13329173	9615	Canis lupus familiaris	OXFORD_NANOPORE	61883	MinION sequencing: Raw reads: Canfam_SRTP_A_F3_210317_ZHMW	ftp.sra.ebi.ac.uk/vol1/fastq/ERR139/098/ERR13927298/ERR13927298.fastq.gz	ftp.sra.ebi.ac.uk/vol1/run/ERR139/ERR13927298/SRTP_A_F3_210317_ZHMW.fastq.gz		Canfam_SRTP_A_F3_210317_ZHMW	SRTP_A_F3_210317_ZHMW	ftp.sra.ebi.ac.uk/vol1/err/ERR139/098/ERR13927298/ERR13927298.bam
ERR13927435	PRJEB82097	SAMEA116348941	ERS21409618	ERX13329310	9615	Canis lupus familiaris	OXFORD_NANOPORE	363613	MinION sequencing: Raw reads: Canfam_SRTP_A_M2_210305_ZMB	ftp.sra.ebi.ac.uk/vol1/fastq/ERR139/035/ERR13927435/ERR13927435.fastq.gz	ftp.sra.ebi.ac.uk/vol1/run/ERR139/ERR13927435/SRTP_A_M2_210305_ZMB.fastq.gz		Canfam_SRTP_A_M2_210305_ZMB	SRTP_A_M2_210305_ZMB	ftp.sra.ebi.ac.uk/vol1/err/ERR139/035/ERR13927435/ERR13927435.bam
ERR13927300	PRJEB82097	SAMEA116348966	ERS21409643	ERX13329175	9615	Canis lupus familiaris	OXFORD_NANOPORE	259362	MinION sequencing: Raw reads: Canfam_SRTP_A_F3_210323_ZMB	ftp.sra.ebi.ac.uk/vol1/fastq/ERR139/000/ERR13927300/ERR13927300.fastq.gz	ftp.sra.ebi.ac.uk/vol1/run/ERR139/ERR13927300/SRTP_A_F3_210323_ZMB.fastq.gz		Canfam_SRTP_A_F3_210323_ZMB	SRTP_A_F3_210323_ZMB	ftp.sra.ebi.ac.uk/vol1/err/ERR139/000/ERR13927300/ERR13927300.bam
ERR13927439	PRJEB82097	SAMEA116348943	ERS21409620	ERX13329314	9615	Canis lupus familiaris	OXFORD_NANOPORE	52511	MinION sequencing: Raw reads: Canfam_SRTP_A_M2_210317_ZMB	ftp.sra.ebi.ac.uk/vol1/fastq/ERR139/039/ERR13927439/ERR13927439.fastq.gz	ftp.sra.ebi.ac.uk/vol1/run/ERR139/ERR13927439/SRTP_A_M2_210317_ZMB.fastq.gz		Canfam_SRTP_A_M2_210317_ZMB	SRTP_A_M2_210317_ZMB	ftp.sra.ebi.ac.uk/vol1/err/ERR139/039/ERR13927439/ERR13927439.bam
ERR13927335	PRJEB82097	SAMEA116348968	ERS21409645	ERX13329210	9615	Canis lupus familiaris	OXFORD_NANOPORE	40409	MinION sequencing: Raw reads: Canfam_SRTP_A_F3_210401_ZHMW	ftp.sra.ebi.ac.uk/vol1/fastq/ERR139/035/ERR13927335/ERR13927335.fastq.gz	ftp.sra.ebi.ac.uk/vol1/run/ERR139/ERR13927335/SRTP_A_F3_210401_ZHMW.fastq.gz		Canfam_SRTP_A_F3_210401_ZHMW	SRTP_A_F3_210401_ZHMW	ftp.sra.ebi.ac.uk/vol1/err/ERR139/035/ERR13927335/ERR13927335.bam
ERR13927447	PRJEB82097	SAMEA116348949	ERS21409626	ERX13329322	9615	Canis lupus familiaris	OXFORD_NANOPORE	100863	MinION sequencing: Raw reads: Canfam_SRTP_A_M2_210704_ZMB	ftp.sra.ebi.ac.uk/vol1/fastq/ERR139/047/ERR13927447/ERR13927447.fastq.gz	ftp.sra.ebi.ac.uk/vol1/run/ERR139/ERR13927447/SRTP_A_M2_210704_ZMB.fastq.gz		Canfam_SRTP_A_M2_210704_ZMB	SRTP_A_M2_210704_ZMB	ftp.sra.ebi.ac.uk/vol1/err/ERR139/047/ERR13927447/ERR13927447.bam
ERR13927337	PRJEB82097	SAMEA116348969	ERS21409646	ERX13329212	9615	Canis lupus familiaris	OXFORD_NANOPORE	42105	MinION sequencing: Raw reads: Canfam_SRTP_A_F3_210401_ZMB	ftp.sra.ebi.ac.uk/vol1/fastq/ERR139/037/ERR13927337/ERR13927337.fastq.gz	ftp.sra.ebi.ac.uk/vol1/run/ERR139/ERR13927337/SRTP_A_F3_210401_ZMB.fastq.gz		Canfam_SRTP_A_F3_210401_ZMB	SRTP_A_F3_210401_ZMB	ftp.sra.ebi.ac.uk/vol1/err/ERR139/037/ERR13927337/ERR13927337.bam
ERR13927342	PRJEB82097	SAMEA116348972	ERS21409649	ERX13329217	9615	Canis lupus familiaris	OXFORD_NANOPORE	244659	MinION sequencing: Raw reads: Canfam_SRTP_A_F3_210426_ZMB	ftp.sra.ebi.ac.uk/vol1/fastq/ERR139/042/ERR13927342/ERR13927342.fastq.gz	ftp.sra.ebi.ac.uk/vol1/run/ERR139/ERR13927342/SRTP_A_F3_210426_ZMB.fastq.gz		Canfam_SRTP_A_F3_210426_ZMB	SRTP_A_F3_210426_ZMB	ftp.sra.ebi.ac.uk/vol1/err/ERR139/042/ERR13927342/ERR13927342.bam
ERR13927467	PRJEB82097	SAMEA116348952	ERS21409629	ERX13329342	9615	Canis lupus familiaris	OXFORD_NANOPORE	57102	MinION sequencing: Raw reads: Canfam_SRTP_A_M2_210803_ZMB	ftp.sra.ebi.ac.uk/vol1/fastq/ERR139/067/ERR13927467/ERR13927467.fastq.gz	ftp.sra.ebi.ac.uk/vol1/run/ERR139/ERR13927467/SRTP_A_M2_210803_ZMB.fastq.gz		Canfam_SRTP_A_M2_210803_ZMB	SRTP_A_M2_210803_ZMB	ftp.sra.ebi.ac.uk/vol1/err/ERR139/067/ERR13927467/ERR13927467.bam
ERR13927346	PRJEB82097	SAMEA116348973	ERS21409650	ERX13329221	9615	Canis lupus familiaris	OXFORD_NANOPORE	132552	MinION sequencing: Raw reads: Canfam_SRTP_A_F3_210704_ZHMW	ftp.sra.ebi.ac.uk/vol1/fastq/ERR139/046/ERR13927346/ERR13927346.fastq.gz	ftp.sra.ebi.ac.uk/vol1/run/ERR139/ERR13927346/SRTP_A_F3_210704_ZHMW.fastq.gz		Canfam_SRTP_A_F3_210704_ZHMW	SRTP_A_F3_210704_ZHMW	ftp.sra.ebi.ac.uk/vol1/err/ERR139/046/ERR13927346/ERR13927346.bam
ERR13927493	PRJEB82097	SAMEA116348957	ERS21409634	ERX13329368	9615	Canis lupus familiaris	OXFORD_NANOPORE	362252	MinION sequencing: Raw reads: Canfam_SRTP_A_M2_211027_ZMB	ftp.sra.ebi.ac.uk/vol1/fastq/ERR139/093/ERR13927493/ERR13927493.fastq.gz	ftp.sra.ebi.ac.uk/vol1/run/ERR139/ERR13927493/SRTP_A_M2_211027_ZMB.fastq.gz		Canfam_SRTP_A_M2_211027_ZMB	SRTP_A_M2_211027_ZMB	ftp.sra.ebi.ac.uk/vol1/err/ERR139/093/ERR13927493/ERR13927493.bam
ERR13927494	PRJEB82097	SAMEA116348958	ERS21409635	ERX13329369	9615	Canis lupus familiaris	OXFORD_NANOPORE	67395	MinION sequencing: Raw reads: Canfam_SRTP_A_M2_211203_ZHMW	ftp.sra.ebi.ac.uk/vol1/fastq/ERR139/094/ERR13927494/ERR13927494.fastq.gz	ftp.sra.ebi.ac.uk/vol1/run/ERR139/ERR13927494/SRTP_A_M2_211203_ZHMW.fastq.gz		Canfam_SRTP_A_M2_211203_ZHMW	SRTP_A_M2_211203_ZHMW	ftp.sra.ebi.ac.uk/vol1/err/ERR139/094/ERR13927494/ERR13927494.bam
ERR13927348	PRJEB82097	SAMEA116348974	ERS21409651	ERX13329223	9615	Canis lupus familiaris	OXFORD_NANOPORE	116984	MinION sequencing: Raw reads: Canfam_SRTP_A_F3_210704_ZMB	ftp.sra.ebi.ac.uk/vol1/fastq/ERR139/048/ERR13927348/ERR13927348.fastq.gz	ftp.sra.ebi.ac.uk/vol1/run/ERR139/ERR13927348/SRTP_A_F3_210704_ZMB.fastq.gz		Canfam_SRTP_A_F3_210704_ZMB	SRTP_A_F3_210704_ZMB	ftp.sra.ebi.ac.uk/vol1/err/ERR139/048/ERR13927348/ERR13927348.bam
ERR13927495	PRJEB82097	SAMEA116348959	ERS21409636	ERX13329370	9615	Canis lupus familiaris	OXFORD_NANOPORE	50053	MinION sequencing: Raw reads: Canfam_SRTP_A_M2_211203_ZMB	ftp.sra.ebi.ac.uk/vol1/fastq/ERR139/095/ERR13927495/ERR13927495.fastq.gz	ftp.sra.ebi.ac.uk/vol1/run/ERR139/ERR13927495/SRTP_A_M2_211203_ZMB.fastq.gz		Canfam_SRTP_A_M2_211203_ZMB	SRTP_A_M2_211203_ZMB	ftp.sra.ebi.ac.uk/vol1/err/ERR139/095/ERR13927495/ERR13927495.bam
ERR13927500	PRJEB82097	SAMEA116348985	ERS21409662	ERX13329375	9615	Canis lupus familiaris	OXFORD_NANOPORE	319892	MinION sequencing: Raw reads: Canfam_SRTP_A_M3_210213_ZMB	ftp.sra.ebi.ac.uk/vol1/fastq/ERR139/000/ERR13927500/ERR13927500.fastq.gz	ftp.sra.ebi.ac.uk/vol1/run/ERR139/ERR13927500/SRTP_A_M3_210213_ZMB.fastq.gz		Canfam_SRTP_A_M3_210213_ZMB	SRTP_A_M3_210213_ZMB	ftp.sra.ebi.ac.uk/vol1/err/ERR139/000/ERR13927500/ERR13927500.bam
ERR13927355	PRJEB82097	SAMEA116348976	ERS21409653	ERX13329230	9615	Canis lupus familiaris	OXFORD_NANOPORE	111529	MinION sequencing: Raw reads: Canfam_SRTP_A_F3_210803_ZHMW	ftp.sra.ebi.ac.uk/vol1/fastq/ERR139/055/ERR13927355/ERR13927355.fastq.gz	ftp.sra.ebi.ac.uk/vol1/run/ERR139/ERR13927355/SRTP_A_F3_210803_ZHMW.fastq.gz		Canfam_SRTP_A_F3_210803_ZHMW	SRTP_A_F3_210803_ZHMW	ftp.sra.ebi.ac.uk/vol1/err/ERR139/055/ERR13927355/ERR13927355.bam
ERR13927501	PRJEB82097	SAMEA116348986	ERS21409663	ERX13329376	9615	Canis lupus familiaris	OXFORD_NANOPORE	379450	MinION sequencing: Raw reads: Canfam_SRTP_A_M3_210223_ZMB	ftp.sra.ebi.ac.uk/vol1/fastq/ERR139/001/ERR13927501/ERR13927501.fastq.gz	ftp.sra.ebi.ac.uk/vol1/run/ERR139/ERR13927501/SRTP_A_M3_210223_ZMB.fastq.gz		Canfam_SRTP_A_M3_210223_ZMB	SRTP_A_M3_210223_ZMB	ftp.sra.ebi.ac.uk/vol1/err/ERR139/001/ERR13927501/ERR13927501.bam
ERR13927502	PRJEB82097	SAMEA116348987	ERS21409664	ERX13329377	9615	Canis lupus familiaris	OXFORD_NANOPORE	156597	MinION sequencing: Raw reads: Canfam_SRTP_A_M3_210414_ZHMW	ftp.sra.ebi.ac.uk/vol1/fastq/ERR139/002/ERR13927502/ERR13927502.fastq.gz	ftp.sra.ebi.ac.uk/vol1/run/ERR139/ERR13927502/SRTP_A_M3_210414_ZHMW.fastq.gz		Canfam_SRTP_A_M3_210414_ZHMW	SRTP_A_M3_210414_ZHMW	ftp.sra.ebi.ac.uk/vol1/err/ERR139/002/ERR13927502/ERR13927502.bam
ERR13927357	PRJEB82097	SAMEA116348977	ERS21409654	ERX13329232	9615	Canis lupus familiaris	OXFORD_NANOPORE	63691	MinION sequencing: Raw reads: Canfam_SRTP_A_F3_210803_ZMB	ftp.sra.ebi.ac.uk/vol1/fastq/ERR139/057/ERR13927357/ERR13927357.fastq.gz	ftp.sra.ebi.ac.uk/vol1/run/ERR139/ERR13927357/SRTP_A_F3_210803_ZMB.fastq.gz		Canfam_SRTP_A_F3_210803_ZMB	SRTP_A_F3_210803_ZMB	ftp.sra.ebi.ac.uk/vol1/err/ERR139/057/ERR13927357/ERR13927357.bam
ERR13927505	PRJEB82097	SAMEA116348990	ERS21409667	ERX13329380	9615	Canis lupus familiaris	OXFORD_NANOPORE	50090	MinION sequencing: Raw reads: Canfam_SRTP_A_M3_210903_ZMB	ftp.sra.ebi.ac.uk/vol1/fastq/ERR139/005/ERR13927505/ERR13927505.fastq.gz	ftp.sra.ebi.ac.uk/vol1/run/ERR139/ERR13927505/SRTP_A_M3_210903_ZMB.fastq.gz		Canfam_SRTP_A_M3_210903_ZMB	SRTP_A_M3_210903_ZMB	ftp.sra.ebi.ac.uk/vol1/err/ERR139/005/ERR13927505/ERR13927505.bam
ERR13927361	PRJEB82097	SAMEA116348978	ERS21409655	ERX13329236	9615	Canis lupus familiaris	OXFORD_NANOPORE	112393	MinION sequencing: Raw reads: Canfam_SRTP_A_F3_211003_ZHMW	ftp.sra.ebi.ac.uk/vol1/fastq/ERR139/061/ERR13927361/ERR13927361.fastq.gz	ftp.sra.ebi.ac.uk/vol1/run/ERR139/ERR13927361/SRTP_A_F3_211003_ZHMW.fastq.gz		Canfam_SRTP_A_F3_211003_ZHMW	SRTP_A_F3_211003_ZHMW	ftp.sra.ebi.ac.uk/vol1/err/ERR139/061/ERR13927361/ERR13927361.bam
ERR13927569	PRJEB82097	SAMEA116348924	ERS21409601	ERX13329444	9615	Canis lupus familiaris	OXFORD_NANOPORE	426356	MinION sequencing: Raw reads: Canfam_SRTP_A_M4_210214_ZMB	ftp.sra.ebi.ac.uk/vol1/fastq/ERR139/069/ERR13927569/ERR13927569.fastq.gz	ftp.sra.ebi.ac.uk/vol1/run/ERR139/ERR13927569/SRTP_A_M4_210214_ZMB.fastq.gz		Canfam_SRTP_A_M4_210214_ZMB	SRTP_A_M4_210214_ZMB	ftp.sra.ebi.ac.uk/vol1/err/ERR139/069/ERR13927569/ERR13927569.bam
ERR13927362	PRJEB82097	SAMEA116348979	ERS21409656	ERX13329237	9615	Canis lupus familiaris	OXFORD_NANOPORE	60656	MinION sequencing: Raw reads: Canfam_SRTP_A_F3_211003_ZMB	ftp.sra.ebi.ac.uk/vol1/fastq/ERR139/062/ERR13927362/ERR13927362.fastq.gz	ftp.sra.ebi.ac.uk/vol1/run/ERR139/ERR13927362/SRTP_A_F3_211003_ZMB.fastq.gz		Canfam_SRTP_A_F3_211003_ZMB	SRTP_A_F3_211003_ZMB	ftp.sra.ebi.ac.uk/vol1/err/ERR139/062/ERR13927362/ERR13927362.bam
ERR13927590	PRJEB82097	SAMEA116348935	ERS21409612	ERX13329465	9615	Canis lupus familiaris	OXFORD_NANOPORE	375467	MinION sequencing: Raw reads: Canfam_SRTP_A_M4_211013_ZMB	ftp.sra.ebi.ac.uk/vol1/fastq/ERR139/090/ERR13927590/ERR13927590.fastq.gz	ftp.sra.ebi.ac.uk/vol1/run/ERR139/ERR13927590/SRTP_A_M4_211013_ZMB.fastq.gz		Canfam_SRTP_A_M4_211013_ZMB	SRTP_A_M4_211013_ZMB	ftp.sra.ebi.ac.uk/vol1/err/ERR139/090/ERR13927590/ERR13927590.bam
ERR13927365	PRJEB82097	SAMEA116348980	ERS21409657	ERX13329240	9615	Canis lupus familiaris	OXFORD_NANOPORE	328063	MinION sequencing: Raw reads: Canfam_SRTP_A_F3_211013_ZMB	ftp.sra.ebi.ac.uk/vol1/fastq/ERR139/065/ERR13927365/ERR13927365.fastq.gz	ftp.sra.ebi.ac.uk/vol1/run/ERR139/ERR13927365/SRTP_A_F3_211013_ZMB.fastq.gz		Canfam_SRTP_A_F3_211013_ZMB	SRTP_A_F3_211013_ZMB	ftp.sra.ebi.ac.uk/vol1/err/ERR139/065/ERR13927365/ERR13927365.bam
ERR13927380	PRJEB82097	SAMEA116348996	ERS21409673	ERX13329255	9615	Canis lupus familiaris	OXFORD_NANOPORE	431800	MinION sequencing: Raw reads: Canfam_SRTP_A_F4_210224_ZMB	ftp.sra.ebi.ac.uk/vol1/fastq/ERR139/080/ERR13927380/ERR13927380.fastq.gz	ftp.sra.ebi.ac.uk/vol1/run/ERR139/ERR13927380/SRTP_A_F4_210224_ZMB.fastq.gz		Canfam_SRTP_A_F4_210224_ZMB	SRTP_A_F4_210224_ZMB	ftp.sra.ebi.ac.uk/vol1/err/ERR139/080/ERR13927380/ERR13927380.bam
ERR13927381	PRJEB82097	SAMEA116348997	ERS21409674	ERX13329256	9615	Canis lupus familiaris	OXFORD_NANOPORE	32963	MinION sequencing: Raw reads: Canfam_SRTP_A_F4_210317_ZHMW	ftp.sra.ebi.ac.uk/vol1/fastq/ERR139/081/ERR13927381/ERR13927381.fastq.gz	ftp.sra.ebi.ac.uk/vol1/run/ERR139/ERR13927381/SRTP_A_F4_210317_ZHMW.fastq.gz		Canfam_SRTP_A_F4_210317_ZHMW	SRTP_A_F4_210317_ZHMW	ftp.sra.ebi.ac.uk/vol1/err/ERR139/081/ERR13927381/ERR13927381.bam
ERR13927382	PRJEB82097	SAMEA116348998	ERS21409675	ERX13329257	9615	Canis lupus familiaris	OXFORD_NANOPORE	41814	MinION sequencing: Raw reads: Canfam_SRTP_A_F4_210317_ZMB	ftp.sra.ebi.ac.uk/vol1/fastq/ERR139/082/ERR13927382/ERR13927382.fastq.gz	ftp.sra.ebi.ac.uk/vol1/run/ERR139/ERR13927382/SRTP_A_F4_210317_ZMB.fastq.gz		Canfam_SRTP_A_F4_210317_ZMB	SRTP_A_F4_210317_ZMB	ftp.sra.ebi.ac.uk/vol1/err/ERR139/082/ERR13927382/ERR13927382.bam
ERR13927383	PRJEB82097	SAMEA116348999	ERS21409676	ERX13329258	9615	Canis lupus familiaris	OXFORD_NANOPORE	44552	MinION sequencing: Raw reads: Canfam_SRTP_A_F4_210330_ZHMW	ftp.sra.ebi.ac.uk/vol1/fastq/ERR139/083/ERR13927383/ERR13927383.fastq.gz	ftp.sra.ebi.ac.uk/vol1/run/ERR139/ERR13927383/SRTP_A_F4_210330_ZHMW.fastq.gz		Canfam_SRTP_A_F4_210330_ZHMW	SRTP_A_F4_210330_ZHMW	ftp.sra.ebi.ac.uk/vol1/err/ERR139/083/ERR13927383/ERR13927383.bam
ERR13927388	PRJEB82097	SAMEA116349001	ERS21409678	ERX13329263	9615	Canis lupus familiaris	OXFORD_NANOPORE	163624	MinION sequencing: Raw reads: Canfam_SRTP_A_F4_210413_ZHMW	ftp.sra.ebi.ac.uk/vol1/fastq/ERR139/088/ERR13927388/ERR13927388.fastq.gz	ftp.sra.ebi.ac.uk/vol1/run/ERR139/ERR13927388/SRTP_A_F4_210413_ZHMW.fastq.gz		Canfam_SRTP_A_F4_210413_ZHMW	SRTP_A_F4_210413_ZHMW	ftp.sra.ebi.ac.uk/vol1/err/ERR139/088/ERR13927388/ERR13927388.bam
ERR13927397	PRJEB82097	SAMEA116349005	ERS21409682	ERX13329272	9615	Canis lupus familiaris	OXFORD_NANOPORE	428279	MinION sequencing: Raw reads: Canfam_SRTP_A_F4_210729_ZMB	ftp.sra.ebi.ac.uk/vol1/fastq/ERR139/097/ERR13927397/ERR13927397.fastq.gz	ftp.sra.ebi.ac.uk/vol1/run/ERR139/ERR13927397/SRTP_A_F4_210729_ZMB.fastq.gz		Canfam_SRTP_A_F4_210729_ZMB	SRTP_A_F4_210729_ZMB	ftp.sra.ebi.ac.uk/vol1/err/ERR139/097/ERR13927397/ERR13927397.bam
ERR13927401	PRJEB82097	SAMEA116349006	ERS21409683	ERX13329276	9615	Canis lupus familiaris	OXFORD_NANOPORE	419415	MinION sequencing: Raw reads: Canfam_SRTP_A_F4_210831_ZMB	ftp.sra.ebi.ac.uk/vol1/fastq/ERR139/001/ERR13927401/ERR13927401.fastq.gz	ftp.sra.ebi.ac.uk/vol1/run/ERR139/ERR13927401/SRTP_A_F4_210831_ZMB.fastq.gz		Canfam_SRTP_A_F4_210831_ZMB	SRTP_A_F4_210831_ZMB	ftp.sra.ebi.ac.uk/vol1/err/ERR139/001/ERR13927401/ERR13927401.bam
ERR13927404	PRJEB82097	SAMEA116349008	ERS21409685	ERX13329279	9615	Canis lupus familiaris	OXFORD_NANOPORE	372477	MinION sequencing: Raw reads: Canfam_SRTP_A_F4_211013_ZMB	ftp.sra.ebi.ac.uk/vol1/fastq/ERR139/004/ERR13927404/ERR13927404.fastq.gz	ftp.sra.ebi.ac.uk/vol1/run/ERR139/ERR13927404/SRTP_A_F4_211013_ZMB.fastq.gz		Canfam_SRTP_A_F4_211013_ZMB	SRTP_A_F4_211013_ZMB	ftp.sra.ebi.ac.uk/vol1/err/ERR139/004/ERR13927404/ERR13927404.bam
ERR13927406	PRJEB82097	SAMEA116349010	ERS21409687	ERX13329281	9615	Canis lupus familiaris	OXFORD_NANOPORE	69401	MinION sequencing: Raw reads: Canfam_SRTP_A_F4_211203_ZHMW	ftp.sra.ebi.ac.uk/vol1/fastq/ERR139/006/ERR13927406/ERR13927406.fastq.gz	ftp.sra.ebi.ac.uk/vol1/run/ERR139/ERR13927406/SRTP_A_F4_211203_ZHMW.fastq.gz		Canfam_SRTP_A_F4_211203_ZHMW	SRTP_A_F4_211203_ZHMW	ftp.sra.ebi.ac.uk/vol1/err/ERR139/006/ERR13927406/ERR13927406.bam
ERR13927407	PRJEB82097	SAMEA116349011	ERS21409688	ERX13329282	9615	Canis lupus familiaris	OXFORD_NANOPORE	51059	MinION sequencing: Raw reads: Canfam_SRTP_A_F4_211203_ZMB	ftp.sra.ebi.ac.uk/vol1/fastq/ERR139/007/ERR13927407/ERR13927407.fastq.gz	ftp.sra.ebi.ac.uk/vol1/run/ERR139/ERR13927407/SRTP_A_F4_211203_ZMB.fastq.gz		Canfam_SRTP_A_F4_211203_ZMB	SRTP_A_F4_211203_ZMB	ftp.sra.ebi.ac.uk/vol1/err/ERR139/007/ERR13927407/ERR13927407.bam
ERR13927413	PRJEB82097	SAMEA116348872	ERS21409549	ERX13329288	9615	Canis lupus familiaris	OXFORD_NANOPORE	60579	MinION sequencing: Raw reads: Canfam_SRTP_A_M1_210317_ZHMW	ftp.sra.ebi.ac.uk/vol1/fastq/ERR139/013/ERR13927413/ERR13927413.fastq.gz	ftp.sra.ebi.ac.uk/vol1/run/ERR139/ERR13927413/SRTP_A_M1_210317_ZHMW.fastq.gz		Canfam_SRTP_A_M1_210317_ZHMW	SRTP_A_M1_210317_ZHMW	ftp.sra.ebi.ac.uk/vol1/err/ERR139/013/ERR13927413/ERR13927413.bam
ERR13927414	PRJEB82097	SAMEA116348873	ERS21409550	ERX13329289	9615	Canis lupus familiaris	OXFORD_NANOPORE	103129	MinION sequencing: Raw reads: Canfam_SRTP_A_M1_210317_ZMB	ftp.sra.ebi.ac.uk/vol1/fastq/ERR139/014/ERR13927414/ERR13927414.fastq.gz	ftp.sra.ebi.ac.uk/vol1/run/ERR139/ERR13927414/SRTP_A_M1_210317_ZMB.fastq.gz		Canfam_SRTP_A_M1_210317_ZMB	SRTP_A_M1_210317_ZMB	ftp.sra.ebi.ac.uk/vol1/err/ERR139/014/ERR13927414/ERR13927414.bam
ERR13927415	PRJEB82097	SAMEA116348874	ERS21409551	ERX13329290	9615	Canis lupus familiaris	OXFORD_NANOPORE	175244	MinION sequencing: Raw reads: Canfam_SRTP_A_M1_210412_ZHMW	ftp.sra.ebi.ac.uk/vol1/fastq/ERR139/015/ERR13927415/ERR13927415.fastq.gz	ftp.sra.ebi.ac.uk/vol1/run/ERR139/ERR13927415/SRTP_A_M1_210412_ZHMW.fastq.gz		Canfam_SRTP_A_M1_210412_ZHMW	SRTP_A_M1_210412_ZHMW	ftp.sra.ebi.ac.uk/vol1/err/ERR139/015/ERR13927415/ERR13927415.bam
ERR13927416	PRJEB82097	SAMEA116348875	ERS21409552	ERX13329291	9615	Canis lupus familiaris	OXFORD_NANOPORE	51410	MinION sequencing: Raw reads: Canfam_SRTP_A_M1_210412_ZMB	ftp.sra.ebi.ac.uk/vol1/fastq/ERR139/016/ERR13927416/ERR13927416.fastq.gz	ftp.sra.ebi.ac.uk/vol1/run/ERR139/ERR13927416/SRTP_A_M1_210412_ZMB.fastq.gz		Canfam_SRTP_A_M1_210412_ZMB	SRTP_A_M1_210412_ZMB	ftp.sra.ebi.ac.uk/vol1/err/ERR139/016/ERR13927416/ERR13927416.bam
ERR13927418	PRJEB82097	SAMEA116348876	ERS21409553	ERX13329293	9615	Canis lupus familiaris	OXFORD_NANOPORE	77937	MinION sequencing: Raw reads: Canfam_SRTP_A_M1_210415_ZHMW	ftp.sra.ebi.ac.uk/vol1/fastq/ERR139/018/ERR13927418/ERR13927418.fastq.gz	ftp.sra.ebi.ac.uk/vol1/run/ERR139/ERR13927418/SRTP_A_M1_210415_ZHMW.fastq.gz		Canfam_SRTP_A_M1_210415_ZHMW	SRTP_A_M1_210415_ZHMW	ftp.sra.ebi.ac.uk/vol1/err/ERR139/018/ERR13927418/ERR13927418.bam
ERR13927420	PRJEB82097	SAMEA116348878	ERS21409555	ERX13329295	9615	Canis lupus familiaris	OXFORD_NANOPORE	92530	MinION sequencing: Raw reads: Canfam_SRTP_A_M1_210705_ZHMW	ftp.sra.ebi.ac.uk/vol1/fastq/ERR139/020/ERR13927420/ERR13927420.fastq.gz	ftp.sra.ebi.ac.uk/vol1/run/ERR139/ERR13927420/SRTP_A_M1_210705_ZHMW.fastq.gz		Canfam_SRTP_A_M1_210705_ZHMW	SRTP_A_M1_210705_ZHMW	ftp.sra.ebi.ac.uk/vol1/err/ERR139/020/ERR13927420/ERR13927420.bam
ERR13927422	PRJEB82097	SAMEA116348880	ERS21409557	ERX13329297	9615	Canis lupus familiaris	OXFORD_NANOPORE	300405	MinION sequencing: Raw reads: Canfam_SRTP_A_M1_210829_ZMB	ftp.sra.ebi.ac.uk/vol1/fastq/ERR139/022/ERR13927422/ERR13927422.fastq.gz	ftp.sra.ebi.ac.uk/vol1/run/ERR139/ERR13927422/SRTP_A_M1_210829_ZMB.fastq.gz		Canfam_SRTP_A_M1_210829_ZMB	SRTP_A_M1_210829_ZMB	ftp.sra.ebi.ac.uk/vol1/err/ERR139/022/ERR13927422/ERR13927422.bam
ERR13927432	PRJEB82097	SAMEA116348939	ERS21409616	ERX13329307	9615	Canis lupus familiaris	OXFORD_NANOPORE	304572	MinION sequencing: Raw reads: Canfam_SRTP_A_M2_210221_ZMB	ftp.sra.ebi.ac.uk/vol1/fastq/ERR139/032/ERR13927432/ERR13927432.fastq.gz	ftp.sra.ebi.ac.uk/vol1/run/ERR139/ERR13927432/SRTP_A_M2_210221_ZMB.fastq.gz		Canfam_SRTP_A_M2_210221_ZMB	SRTP_A_M2_210221_ZMB	ftp.sra.ebi.ac.uk/vol1/err/ERR139/032/ERR13927432/ERR13927432.bam
ERR13927441	PRJEB82097	SAMEA116348944	ERS21409621	ERX13329316	9615	Canis lupus familiaris	OXFORD_NANOPORE	46080	MinION sequencing: Raw reads: Canfam_SRTP_A_M2_210330_ZHMW	ftp.sra.ebi.ac.uk/vol1/fastq/ERR139/041/ERR13927441/ERR13927441.fastq.gz	ftp.sra.ebi.ac.uk/vol1/run/ERR139/ERR13927441/SRTP_A_M2_210330_ZHMW.fastq.gz		Canfam_SRTP_A_M2_210330_ZHMW	SRTP_A_M2_210330_ZHMW	ftp.sra.ebi.ac.uk/vol1/err/ERR139/041/ERR13927441/ERR13927441.bam
ERR13927445	PRJEB82097	SAMEA116348948	ERS21409625	ERX13329320	9615	Canis lupus familiaris	OXFORD_NANOPORE	40675	MinION sequencing: Raw reads: Canfam_SRTP_A_M2_210704_ZHMW	ftp.sra.ebi.ac.uk/vol1/fastq/ERR139/045/ERR13927445/ERR13927445.fastq.gz	ftp.sra.ebi.ac.uk/vol1/run/ERR139/ERR13927445/SRTP_A_M2_210704_ZHMW.fastq.gz		Canfam_SRTP_A_M2_210704_ZHMW	SRTP_A_M2_210704_ZHMW	ftp.sra.ebi.ac.uk/vol1/err/ERR139/045/ERR13927445/ERR13927445.bam
ERR13927465	PRJEB82097	SAMEA116348950	ERS21409627	ERX13329340	9615	Canis lupus familiaris	OXFORD_NANOPORE	287720	MinION sequencing: Raw reads: Canfam_SRTP_A_M2_210729_ZMB	ftp.sra.ebi.ac.uk/vol1/fastq/ERR139/065/ERR13927465/ERR13927465.fastq.gz	ftp.sra.ebi.ac.uk/vol1/run/ERR139/ERR13927465/SRTP_A_M2_210729_ZMB.fastq.gz		Canfam_SRTP_A_M2_210729_ZMB	SRTP_A_M2_210729_ZMB	ftp.sra.ebi.ac.uk/vol1/err/ERR139/065/ERR13927465/ERR13927465.bam
ERR13927469	PRJEB82097	SAMEA116348954	ERS21409631	ERX13329344	9615	Canis lupus familiaris	OXFORD_NANOPORE	478522	MinION sequencing: Raw reads: Canfam_SRTP_A_M2_210915_ZMB	ftp.sra.ebi.ac.uk/vol1/fastq/ERR139/069/ERR13927469/ERR13927469.fastq.gz	ftp.sra.ebi.ac.uk/vol1/run/ERR139/ERR13927469/SRTP_A_M2_210915_ZMB.fastq.gz		Canfam_SRTP_A_M2_210915_ZMB	SRTP_A_M2_210915_ZMB	ftp.sra.ebi.ac.uk/vol1/err/ERR139/069/ERR13927469/ERR13927469.bam
ERR13927504	PRJEB82097	SAMEA116348989	ERS21409666	ERX13329379	9615	Canis lupus familiaris	OXFORD_NANOPORE	24404	MinION sequencing: Raw reads: Canfam_SRTP_A_M3_210903_ZHMW	ftp.sra.ebi.ac.uk/vol1/fastq/ERR139/004/ERR13927504/ERR13927504.fastq.gz	ftp.sra.ebi.ac.uk/vol1/run/ERR139/ERR13927504/SRTP_A_M3_210903_ZHMW.fastq.gz		Canfam_SRTP_A_M3_210903_ZHMW	SRTP_A_M3_210903_ZHMW	ftp.sra.ebi.ac.uk/vol1/err/ERR139/004/ERR13927504/ERR13927504.bam
ERR13927507	PRJEB82097	SAMEA116348991	ERS21409668	ERX13329382	9615	Canis lupus familiaris	OXFORD_NANOPORE	404068	MinION sequencing: Raw reads: Canfam_SRTP_A_M3_210928_ZMB	ftp.sra.ebi.ac.uk/vol1/fastq/ERR139/007/ERR13927507/ERR13927507.fastq.gz	ftp.sra.ebi.ac.uk/vol1/run/ERR139/ERR13927507/SRTP_A_M3_210928_ZMB.fastq.gz		Canfam_SRTP_A_M3_210928_ZMB	SRTP_A_M3_210928_ZMB	ftp.sra.ebi.ac.uk/vol1/err/ERR139/007/ERR13927507/ERR13927507.bam
ERR13927532	PRJEB82097	SAMEA116348994	ERS21409671	ERX13329407	9615	Canis lupus familiaris	OXFORD_NANOPORE	47206	MinION sequencing: Raw reads: Canfam_SRTP_A_M3_211203_ZMB	ftp.sra.ebi.ac.uk/vol1/fastq/ERR139/032/ERR13927532/ERR13927532.fastq.gz	ftp.sra.ebi.ac.uk/vol1/run/ERR139/ERR13927532/SRTP_A_M3_211203_ZMB.fastq.gz		Canfam_SRTP_A_M3_211203_ZMB	SRTP_A_M3_211203_ZMB	ftp.sra.ebi.ac.uk/vol1/err/ERR139/032/ERR13927532/ERR13927532.bam
ERR13927571	PRJEB82097	SAMEA116348925	ERS21409602	ERX13329446	9615	Canis lupus familiaris	OXFORD_NANOPORE	323785	MinION sequencing: Raw reads: Canfam_SRTP_A_M4_210301_ZMB	ftp.sra.ebi.ac.uk/vol1/fastq/ERR139/071/ERR13927571/ERR13927571.fastq.gz	ftp.sra.ebi.ac.uk/vol1/run/ERR139/ERR13927571/SRTP_A_M4_210301_ZMB.fastq.gz		Canfam_SRTP_A_M4_210301_ZMB	SRTP_A_M4_210301_ZMB	ftp.sra.ebi.ac.uk/vol1/err/ERR139/071/ERR13927571/ERR13927571.bam
ERR13927573	PRJEB82097	SAMEA116348927	ERS21409604	ERX13329448	9615	Canis lupus familiaris	OXFORD_NANOPORE	50560	MinION sequencing: Raw reads: Canfam_SRTP_A_M4_210317_ZMB	ftp.sra.ebi.ac.uk/vol1/fastq/ERR139/073/ERR13927573/ERR13927573.fastq.gz	ftp.sra.ebi.ac.uk/vol1/run/ERR139/ERR13927573/SRTP_A_M4_210317_ZMB.fastq.gz		Canfam_SRTP_A_M4_210317_ZMB	SRTP_A_M4_210317_ZMB	ftp.sra.ebi.ac.uk/vol1/err/ERR139/073/ERR13927573/ERR13927573.bam
ERR13927575	PRJEB82097	SAMEA116348929	ERS21409606	ERX13329450	9615	Canis lupus familiaris	OXFORD_NANOPORE	51099	MinION sequencing: Raw reads: Canfam_SRTP_A_M4_210401_ZMB	ftp.sra.ebi.ac.uk/vol1/fastq/ERR139/075/ERR13927575/ERR13927575.fastq.gz	ftp.sra.ebi.ac.uk/vol1/run/ERR139/ERR13927575/SRTP_A_M4_210401_ZMB.fastq.gz		Canfam_SRTP_A_M4_210401_ZMB	SRTP_A_M4_210401_ZMB	ftp.sra.ebi.ac.uk/vol1/err/ERR139/075/ERR13927575/ERR13927575.bam
ERR13927579	PRJEB82097	SAMEA116348932	ERS21409609	ERX13329454	9615	Canis lupus familiaris	OXFORD_NANOPORE	49550	MinION sequencing: Raw reads: Canfam_SRTP_A_M4_210803_ZHMW	ftp.sra.ebi.ac.uk/vol1/fastq/ERR139/079/ERR13927579/ERR13927579.fastq.gz	ftp.sra.ebi.ac.uk/vol1/run/ERR139/ERR13927579/SRTP_A_M4_210803_ZHMW.fastq.gz		Canfam_SRTP_A_M4_210803_ZHMW	SRTP_A_M4_210803_ZHMW	ftp.sra.ebi.ac.uk/vol1/err/ERR139/079/ERR13927579/ERR13927579.bam
ERR13927588	PRJEB82097	SAMEA116348934	ERS21409611	ERX13329463	9615	Canis lupus familiaris	OXFORD_NANOPORE	388916	MinION sequencing: Raw reads: Canfam_SRTP_A_M4_210927_ZMB	ftp.sra.ebi.ac.uk/vol1/fastq/ERR139/088/ERR13927588/ERR13927588.fastq.gz	ftp.sra.ebi.ac.uk/vol1/run/ERR139/ERR13927588/SRTP_A_M4_210927_ZMB.fastq.gz		Canfam_SRTP_A_M4_210927_ZMB	SRTP_A_M4_210927_ZMB	ftp.sra.ebi.ac.uk/vol1/err/ERR139/088/ERR13927588/ERR13927588.bam
ERR13927713	PRJEB82097	SAMEA116348936	ERS21409613	ERX13329588	9615	Canis lupus familiaris	OXFORD_NANOPORE	387706	MinION sequencing: Raw reads: Canfam_SRTP_A_M4_211027_ZMB	ftp.sra.ebi.ac.uk/vol1/fastq/ERR139/013/ERR13927713/ERR13927713.fastq.gz	ftp.sra.ebi.ac.uk/vol1/run/ERR139/ERR13927713/SRTP_A_M4_211027_ZMB.fastq.gz		Canfam_SRTP_A_M4_211027_ZMB	SRTP_A_M4_211027_ZMB	ftp.sra.ebi.ac.uk/vol1/err/ERR139/013/ERR13927713/ERR13927713.bam
ERR13926673	PRJEB82097	SAMEA116348890	ERS21409567	ERX13328548	9615	Canis lupus familiaris	OXFORD_NANOPORE	123820	MinION sequencing: Raw reads: Canfam_SRTP_A_F1_210330_ZHMW	ftp.sra.ebi.ac.uk/vol1/fastq/ERR139/073/ERR13926673/ERR13926673.fastq.gz	ftp.sra.ebi.ac.uk/vol1/run/ERR139/ERR13926673/SRTP_A_F1_210330_ZHMW.fastq.gz		Canfam_SRTP_A_F1_210330_ZHMW	SRTP_A_F1_210330_ZHMW	ftp.sra.ebi.ac.uk/vol1/err/ERR139/073/ERR13926673/ERR13926673.bam
ERR13926677	PRJEB82097	SAMEA116348892	ERS21409569	ERX13328552	9615	Canis lupus familiaris	OXFORD_NANOPORE	103053	MinION sequencing: Raw reads: Canfam_SRTP_A_F1_210415_ZHMW	ftp.sra.ebi.ac.uk/vol1/fastq/ERR139/077/ERR13926677/ERR13926677.fastq.gz	ftp.sra.ebi.ac.uk/vol1/run/ERR139/ERR13926677/SRTP_A_F1_210415_ZHMW.fastq.gz		Canfam_SRTP_A_F1_210415_ZHMW	SRTP_A_F1_210415_ZHMW	ftp.sra.ebi.ac.uk/vol1/err/ERR139/077/ERR13926677/ERR13926677.bam
ERR13926681	PRJEB82097	SAMEA116348895	ERS21409572	ERX13328556	9615	Canis lupus familiaris	OXFORD_NANOPORE	40346	MinION sequencing: Raw reads: Canfam_SRTP_A_F1_210705_ZHMW	ftp.sra.ebi.ac.uk/vol1/fastq/ERR139/081/ERR13926681/ERR13926681.fastq.gz	ftp.sra.ebi.ac.uk/vol1/run/ERR139/ERR13926681/SRTP_A_F1_210705_ZHMW.fastq.gz		Canfam_SRTP_A_F1_210705_ZHMW	SRTP_A_F1_210705_ZHMW	ftp.sra.ebi.ac.uk/vol1/err/ERR139/081/ERR13926681/ERR13926681.bam
ERR13926682	PRJEB82097	SAMEA116348896	ERS21409573	ERX13328557	9615	Canis lupus familiaris	OXFORD_NANOPORE	99080	MinION sequencing: Raw reads: Canfam_SRTP_A_F1_210705_ZMB	ftp.sra.ebi.ac.uk/vol1/fastq/ERR139/082/ERR13926682/ERR13926682.fastq.gz	ftp.sra.ebi.ac.uk/vol1/run/ERR139/ERR13926682/SRTP_A_F1_210705_ZMB.fastq.gz		Canfam_SRTP_A_F1_210705_ZMB	SRTP_A_F1_210705_ZMB	ftp.sra.ebi.ac.uk/vol1/err/ERR139/082/ERR13926682/ERR13926682.bam
ERR13926690	PRJEB82097	SAMEA116348900	ERS21409577	ERX13328565	9615	Canis lupus familiaris	OXFORD_NANOPORE	64480	MinION sequencing: Raw reads: Canfam_SRTP_A_F1_210903_ZMB	ftp.sra.ebi.ac.uk/vol1/fastq/ERR139/090/ERR13926690/ERR13926690.fastq.gz	ftp.sra.ebi.ac.uk/vol1/run/ERR139/ERR13926690/SRTP_A_F1_210903_ZMB.fastq.gz		Canfam_SRTP_A_F1_210903_ZMB	SRTP_A_F1_210903_ZMB	ftp.sra.ebi.ac.uk/vol1/err/ERR139/090/ERR13926690/ERR13926690.bam
ERR13926708	PRJEB82097	SAMEA116348905	ERS21409582	ERX13328583	9615	Canis lupus familiaris	OXFORD_NANOPORE	55190	MinION sequencing: Raw reads: Canfam_SRTP_A_F1_211203_ZMB	ftp.sra.ebi.ac.uk/vol1/fastq/ERR139/008/ERR13926708/ERR13926708.fastq.gz	ftp.sra.ebi.ac.uk/vol1/run/ERR139/ERR13926708/SRTP_A_F1_211203_ZMB.fastq.gz		Canfam_SRTP_A_F1_211203_ZMB	SRTP_A_F1_211203_ZMB	ftp.sra.ebi.ac.uk/vol1/err/ERR139/008/ERR13926708/ERR13926708.bam
ERR13926710	PRJEB82097	SAMEA116348906	ERS21409583	ERX13328585	9615	Canis lupus familiaris	OXFORD_NANOPORE	272750	MinION sequencing: Raw reads: Canfam_SRTP_A_F2_210213_ZMB	ftp.sra.ebi.ac.uk/vol1/fastq/ERR139/010/ERR13926710/ERR13926710.fastq.gz	ftp.sra.ebi.ac.uk/vol1/run/ERR139/ERR13926710/SRTP_A_F2_210213_ZMB.fastq.gz		Canfam_SRTP_A_F2_210213_ZMB	SRTP_A_F2_210213_ZMB	ftp.sra.ebi.ac.uk/vol1/err/ERR139/010/ERR13926710/ERR13926710.bam
ERR13927192	PRJEB82097	SAMEA116348907	ERS21409584	ERX13329067	9615	Canis lupus familiaris	OXFORD_NANOPORE	67907	MinION sequencing: Raw reads: Canfam_SRTP_A_F2_210316_ZHMW	ftp.sra.ebi.ac.uk/vol1/fastq/ERR139/092/ERR13927192/ERR13927192.fastq.gz	ftp.sra.ebi.ac.uk/vol1/run/ERR139/ERR13927192/SRTP_A_F2_210316_ZHMW.fastq.gz		Canfam_SRTP_A_F2_210316_ZHMW	SRTP_A_F2_210316_ZHMW	ftp.sra.ebi.ac.uk/vol1/err/ERR139/092/ERR13927192/ERR13927192.bam
ERR13927194	PRJEB82097	SAMEA116348908	ERS21409585	ERX13329069	9615	Canis lupus familiaris	OXFORD_NANOPORE	107528	MinION sequencing: Raw reads: Canfam_SRTP_A_F2_210316_ZMB	ftp.sra.ebi.ac.uk/vol1/fastq/ERR139/094/ERR13927194/ERR13927194.fastq.gz	ftp.sra.ebi.ac.uk/vol1/run/ERR139/ERR13927194/SRTP_A_F2_210316_ZMB.fastq.gz		Canfam_SRTP_A_F2_210316_ZMB	SRTP_A_F2_210316_ZMB	ftp.sra.ebi.ac.uk/vol1/err/ERR139/094/ERR13927194/ERR13927194.bam
ERR13927196	PRJEB82097	SAMEA116348910	ERS21409587	ERX13329071	9615	Canis lupus familiaris	OXFORD_NANOPORE	40535	MinION sequencing: Raw reads: Canfam_SRTP_A_F2_210401_ZMB	ftp.sra.ebi.ac.uk/vol1/fastq/ERR139/096/ERR13927196/ERR13927196.fastq.gz	ftp.sra.ebi.ac.uk/vol1/run/ERR139/ERR13927196/SRTP_A_F2_210401_ZMB.fastq.gz		Canfam_SRTP_A_F2_210401_ZMB	SRTP_A_F2_210401_ZMB	ftp.sra.ebi.ac.uk/vol1/err/ERR139/096/ERR13927196/ERR13927196.bam
ERR13927197	PRJEB82097	SAMEA116348911	ERS21409588	ERX13329072	9615	Canis lupus familiaris	OXFORD_NANOPORE	65379	MinION sequencing: Raw reads: Canfam_SRTP_A_F2_210413_ZHMW	ftp.sra.ebi.ac.uk/vol1/fastq/ERR139/097/ERR13927197/ERR13927197.fastq.gz	ftp.sra.ebi.ac.uk/vol1/run/ERR139/ERR13927197/SRTP_A_F2_210413_ZHMW.fastq.gz		Canfam_SRTP_A_F2_210413_ZHMW	SRTP_A_F2_210413_ZHMW	ftp.sra.ebi.ac.uk/vol1/err/ERR139/097/ERR13927197/ERR13927197.bam
ERR13927199	PRJEB82097	SAMEA116348912	ERS21409589	ERX13329074	9615	Canis lupus familiaris	OXFORD_NANOPORE	50853	MinION sequencing: Raw reads: Canfam_SRTP_A_F2_210413_ZMB	ftp.sra.ebi.ac.uk/vol1/fastq/ERR139/099/ERR13927199/ERR13927199.fastq.gz	ftp.sra.ebi.ac.uk/vol1/run/ERR139/ERR13927199/SRTP_A_F2_210413_ZMB.fastq.gz		Canfam_SRTP_A_F2_210413_ZMB	SRTP_A_F2_210413_ZMB	ftp.sra.ebi.ac.uk/vol1/err/ERR139/099/ERR13927199/ERR13927199.bam
ERR13927201	PRJEB82097	SAMEA116348913	ERS21409590	ERX13329076	9615	Canis lupus familiaris	OXFORD_NANOPORE	303160	MinION sequencing: Raw reads: Canfam_SRTP_A_F2_210426_ZMB	ftp.sra.ebi.ac.uk/vol1/fastq/ERR139/001/ERR13927201/ERR13927201.fastq.gz	ftp.sra.ebi.ac.uk/vol1/run/ERR139/ERR13927201/SRTP_A_F2_210426_ZMB.fastq.gz		Canfam_SRTP_A_F2_210426_ZMB	SRTP_A_F2_210426_ZMB	ftp.sra.ebi.ac.uk/vol1/err/ERR139/001/ERR13927201/ERR13927201.bam
ERR13927232	PRJEB82097	SAMEA116348918	ERS21409595	ERX13329107	9615	Canis lupus familiaris	OXFORD_NANOPORE	397633	MinION sequencing: Raw reads: Canfam_SRTP_A_F2_210803_ZMB	ftp.sra.ebi.ac.uk/vol1/fastq/ERR139/032/ERR13927232/ERR13927232.fastq.gz	ftp.sra.ebi.ac.uk/vol1/run/ERR139/ERR13927232/SRTP_A_F2_210803_ZMB.fastq.gz		Canfam_SRTP_A_F2_210803_ZMB	SRTP_A_F2_210803_ZMB	ftp.sra.ebi.ac.uk/vol1/err/ERR139/032/ERR13927232/ERR13927232.bam
ERR13927260	PRJEB82097	SAMEA116348920	ERS21409597	ERX13329135	9615	Canis lupus familiaris	OXFORD_NANOPORE	245827	MinION sequencing: Raw reads: Canfam_SRTP_A_F2_210915_ZMB	ftp.sra.ebi.ac.uk/vol1/fastq/ERR139/060/ERR13927260/ERR13927260.fastq.gz	ftp.sra.ebi.ac.uk/vol1/run/ERR139/ERR13927260/SRTP_A_F2_210915_ZMB.fastq.gz		Canfam_SRTP_A_F2_210915_ZMB	SRTP_A_F2_210915_ZMB	ftp.sra.ebi.ac.uk/vol1/err/ERR139/060/ERR13927260/ERR13927260.bam
ERR13927277	PRJEB82097	SAMEA116348922	ERS21409599	ERX13329152	9615	Canis lupus familiaris	OXFORD_NANOPORE	370792	MinION sequencing: Raw reads: Canfam_SRTP_A_F2_211012_ZMB	ftp.sra.ebi.ac.uk/vol1/fastq/ERR139/077/ERR13927277/ERR13927277.fastq.gz	ftp.sra.ebi.ac.uk/vol1/run/ERR139/ERR13927277/SRTP_A_F2_211012_ZMB.fastq.gz		Canfam_SRTP_A_F2_211012_ZMB	SRTP_A_F2_211012_ZMB	ftp.sra.ebi.ac.uk/vol1/err/ERR139/077/ERR13927277/ERR13927277.bam
ERR13927339	PRJEB82097	SAMEA116348970	ERS21409647	ERX13329214	9615	Canis lupus familiaris	OXFORD_NANOPORE	32070	MinION sequencing: Raw reads: Canfam_SRTP_A_F3_210413_ZHMW	ftp.sra.ebi.ac.uk/vol1/fastq/ERR139/039/ERR13927339/ERR13927339.fastq.gz	ftp.sra.ebi.ac.uk/vol1/run/ERR139/ERR13927339/SRTP_A_F3_210413_ZHMW.fastq.gz		Canfam_SRTP_A_F3_210413_ZHMW	SRTP_A_F3_210413_ZHMW	ftp.sra.ebi.ac.uk/vol1/err/ERR139/039/ERR13927339/ERR13927339.bam
ERR13927340	PRJEB82097	SAMEA116348971	ERS21409648	ERX13329215	9615	Canis lupus familiaris	OXFORD_NANOPORE	66769	MinION sequencing: Raw reads: Canfam_SRTP_A_F3_210413_ZMB	ftp.sra.ebi.ac.uk/vol1/fastq/ERR139/040/ERR13927340/ERR13927340.fastq.gz	ftp.sra.ebi.ac.uk/vol1/run/ERR139/ERR13927340/SRTP_A_F3_210413_ZMB.fastq.gz		Canfam_SRTP_A_F3_210413_ZMB	SRTP_A_F3_210413_ZMB	ftp.sra.ebi.ac.uk/vol1/err/ERR139/040/ERR13927340/ERR13927340.bam
ERR13927351	PRJEB82097	SAMEA116348975	ERS21409652	ERX13329226	9615	Canis lupus familiaris	OXFORD_NANOPORE	345590	MinION sequencing: Raw reads: Canfam_SRTP_A_F3_210729_ZMB	ftp.sra.ebi.ac.uk/vol1/fastq/ERR139/051/ERR13927351/ERR13927351.fastq.gz	ftp.sra.ebi.ac.uk/vol1/run/ERR139/ERR13927351/SRTP_A_F3_210729_ZMB.fastq.gz		Canfam_SRTP_A_F3_210729_ZMB	SRTP_A_F3_210729_ZMB	ftp.sra.ebi.ac.uk/vol1/err/ERR139/051/ERR13927351/ERR13927351.bam
ERR13927368	PRJEB82097	SAMEA116348981	ERS21409658	ERX13329243	9615	Canis lupus familiaris	OXFORD_NANOPORE	360427	MinION sequencing: Raw reads: Canfam_SRTP_A_F3_211028_ZMB	ftp.sra.ebi.ac.uk/vol1/fastq/ERR139/068/ERR13927368/ERR13927368.fastq.gz	ftp.sra.ebi.ac.uk/vol1/run/ERR139/ERR13927368/SRTP_A_F3_211028_ZMB.fastq.gz		Canfam_SRTP_A_F3_211028_ZMB	SRTP_A_F3_211028_ZMB	ftp.sra.ebi.ac.uk/vol1/err/ERR139/068/ERR13927368/ERR13927368.bam
ERR13927375	PRJEB82097	SAMEA116348995	ERS21409672	ERX13329250	9615	Canis lupus familiaris	OXFORD_NANOPORE	503569	MinION sequencing: Raw reads: Canfam_SRTP_A_F4_210214_ZMB	ftp.sra.ebi.ac.uk/vol1/fastq/ERR139/075/ERR13927375/ERR13927375.fastq.gz	ftp.sra.ebi.ac.uk/vol1/run/ERR139/ERR13927375/SRTP_A_F4_210214_ZMB.fastq.gz		Canfam_SRTP_A_F4_210214_ZMB	SRTP_A_F4_210214_ZMB	ftp.sra.ebi.ac.uk/vol1/err/ERR139/075/ERR13927375/ERR13927375.bam
ERR13927390	PRJEB82097	SAMEA116349003	ERS21409680	ERX13329265	9615	Canis lupus familiaris	OXFORD_NANOPORE	33949	MinION sequencing: Raw reads: Canfam_SRTP_A_F4_210704_ZHMW	ftp.sra.ebi.ac.uk/vol1/fastq/ERR139/090/ERR13927390/ERR13927390.fastq.gz	ftp.sra.ebi.ac.uk/vol1/run/ERR139/ERR13927390/SRTP_A_F4_210704_ZHMW.fastq.gz		Canfam_SRTP_A_F4_210704_ZHMW	SRTP_A_F4_210704_ZHMW	ftp.sra.ebi.ac.uk/vol1/err/ERR139/090/ERR13927390/ERR13927390.bam
ERR13927392	PRJEB82097	SAMEA116349004	ERS21409681	ERX13329267	9615	Canis lupus familiaris	OXFORD_NANOPORE	121264	MinION sequencing: Raw reads: Canfam_SRTP_A_F4_210704_ZMB	ftp.sra.ebi.ac.uk/vol1/fastq/ERR139/092/ERR13927392/ERR13927392.fastq.gz	ftp.sra.ebi.ac.uk/vol1/run/ERR139/ERR13927392/SRTP_A_F4_210704_ZMB.fastq.gz		Canfam_SRTP_A_F4_210704_ZMB	SRTP_A_F4_210704_ZMB	ftp.sra.ebi.ac.uk/vol1/err/ERR139/092/ERR13927392/ERR13927392.bam
ERR13927405	PRJEB82097	SAMEA116349009	ERS21409686	ERX13329280	9615	Canis lupus familiaris	OXFORD_NANOPORE	480652	MinION sequencing: Raw reads: Canfam_SRTP_A_F4_211026_ZMB	ftp.sra.ebi.ac.uk/vol1/fastq/ERR139/005/ERR13927405/ERR13927405.fastq.gz	ftp.sra.ebi.ac.uk/vol1/run/ERR139/ERR13927405/SRTP_A_F4_211026_ZMB.fastq.gz		Canfam_SRTP_A_F4_211026_ZMB	SRTP_A_F4_211026_ZMB	ftp.sra.ebi.ac.uk/vol1/err/ERR139/005/ERR13927405/ERR13927405.bam
ERR13927410	PRJEB82097	SAMEA116348870	ERS21409547	ERX13329285	9615	Canis lupus familiaris	OXFORD_NANOPORE	303370	MinION sequencing: Raw reads: Canfam_SRTP_A_M1_201024_ZMB	ftp.sra.ebi.ac.uk/vol1/fastq/ERR139/010/ERR13927410/ERR13927410.fastq.gz	ftp.sra.ebi.ac.uk/vol1/run/ERR139/ERR13927410/SRTP_A_M1_201024_ZMB.fastq.gz		Canfam_SRTP_A_M1_201024_ZMB	SRTP_A_M1_201024_ZMB	ftp.sra.ebi.ac.uk/vol1/err/ERR139/010/ERR13927410/ERR13927410.bam
ERR13927423	PRJEB82097	SAMEA116348881	ERS21409558	ERX13329298	9615	Canis lupus familiaris	OXFORD_NANOPORE	116742	MinION sequencing: Raw reads: Canfam_SRTP_A_M1_210903_ZHMW	ftp.sra.ebi.ac.uk/vol1/fastq/ERR139/023/ERR13927423/ERR13927423.fastq.gz	ftp.sra.ebi.ac.uk/vol1/run/ERR139/ERR13927423/SRTP_A_M1_210903_ZHMW.fastq.gz		Canfam_SRTP_A_M1_210903_ZHMW	SRTP_A_M1_210903_ZHMW	ftp.sra.ebi.ac.uk/vol1/err/ERR139/023/ERR13927423/ERR13927423.bam
ERR13927427	PRJEB82097	SAMEA116348884	ERS21409561	ERX13329302	9615	Canis lupus familiaris	OXFORD_NANOPORE	420921	MinION sequencing: Raw reads: Canfam_SRTP_A_M1_211012_ZMB	ftp.sra.ebi.ac.uk/vol1/fastq/ERR139/027/ERR13927427/ERR13927427.fastq.gz	ftp.sra.ebi.ac.uk/vol1/run/ERR139/ERR13927427/SRTP_A_M1_211012_ZMB.fastq.gz		Canfam_SRTP_A_M1_211012_ZMB	SRTP_A_M1_211012_ZMB	ftp.sra.ebi.ac.uk/vol1/err/ERR139/027/ERR13927427/ERR13927427.bam
ERR13927429	PRJEB82097	SAMEA116348937	ERS21409614	ERX13329304	9615	Canis lupus familiaris	OXFORD_NANOPORE	348006	MinION sequencing: Raw reads: Canfam_SRTP_A_M2_210201_ZMB	ftp.sra.ebi.ac.uk/vol1/fastq/ERR139/029/ERR13927429/ERR13927429.fastq.gz	ftp.sra.ebi.ac.uk/vol1/run/ERR139/ERR13927429/SRTP_A_M2_210201_ZMB.fastq.gz		Canfam_SRTP_A_M2_210201_ZMB	SRTP_A_M2_210201_ZMB	ftp.sra.ebi.ac.uk/vol1/err/ERR139/029/ERR13927429/ERR13927429.bam
ERR13927431	PRJEB82097	SAMEA116348938	ERS21409615	ERX13329306	9615	Canis lupus familiaris	OXFORD_NANOPORE	323973	MinION sequencing: Raw reads: Canfam_SRTP_A_M2_210213_ZMB	ftp.sra.ebi.ac.uk/vol1/fastq/ERR139/031/ERR13927431/ERR13927431.fastq.gz	ftp.sra.ebi.ac.uk/vol1/run/ERR139/ERR13927431/SRTP_A_M2_210213_ZMB.fastq.gz		Canfam_SRTP_A_M2_210213_ZMB	SRTP_A_M2_210213_ZMB	ftp.sra.ebi.ac.uk/vol1/err/ERR139/031/ERR13927431/ERR13927431.bam
ERR13927437	PRJEB82097	SAMEA116348942	ERS21409619	ERX13329312	9615	Canis lupus familiaris	OXFORD_NANOPORE	33960	MinION sequencing: Raw reads: Canfam_SRTP_A_M2_210317_ZHMW	ftp.sra.ebi.ac.uk/vol1/fastq/ERR139/037/ERR13927437/ERR13927437.fastq.gz	ftp.sra.ebi.ac.uk/vol1/run/ERR139/ERR13927437/SRTP_A_M2_210317_ZHMW.fastq.gz		Canfam_SRTP_A_M2_210317_ZHMW	SRTP_A_M2_210317_ZHMW	ftp.sra.ebi.ac.uk/vol1/err/ERR139/037/ERR13927437/ERR13927437.bam
ERR13927442	PRJEB82097	SAMEA116348945	ERS21409622	ERX13329317	9615	Canis lupus familiaris	OXFORD_NANOPORE	40358	MinION sequencing: Raw reads: Canfam_SRTP_A_M2_210330_ZMB	ftp.sra.ebi.ac.uk/vol1/fastq/ERR139/042/ERR13927442/ERR13927442.fastq.gz	ftp.sra.ebi.ac.uk/vol1/run/ERR139/ERR13927442/SRTP_A_M2_210330_ZMB.fastq.gz		Canfam_SRTP_A_M2_210330_ZMB	SRTP_A_M2_210330_ZMB	ftp.sra.ebi.ac.uk/vol1/err/ERR139/042/ERR13927442/ERR13927442.bam
ERR13927443	PRJEB82097	SAMEA116348946	ERS21409623	ERX13329318	9615	Canis lupus familiaris	OXFORD_NANOPORE	37630	MinION sequencing: Raw reads: Canfam_SRTP_A_M2_210415_ZHMW	ftp.sra.ebi.ac.uk/vol1/fastq/ERR139/043/ERR13927443/ERR13927443.fastq.gz	ftp.sra.ebi.ac.uk/vol1/run/ERR139/ERR13927443/SRTP_A_M2_210415_ZHMW.fastq.gz		Canfam_SRTP_A_M2_210415_ZHMW	SRTP_A_M2_210415_ZHMW	ftp.sra.ebi.ac.uk/vol1/err/ERR139/043/ERR13927443/ERR13927443.bam
ERR13927444	PRJEB82097	SAMEA116348947	ERS21409624	ERX13329319	9615	Canis lupus familiaris	OXFORD_NANOPORE	120688	MinION sequencing: Raw reads: Canfam_SRTP_A_M2_210415_ZMB	ftp.sra.ebi.ac.uk/vol1/fastq/ERR139/044/ERR13927444/ERR13927444.fastq.gz	ftp.sra.ebi.ac.uk/vol1/run/ERR139/ERR13927444/SRTP_A_M2_210415_ZMB.fastq.gz		Canfam_SRTP_A_M2_210415_ZMB	SRTP_A_M2_210415_ZMB	ftp.sra.ebi.ac.uk/vol1/err/ERR139/044/ERR13927444/ERR13927444.bam
ERR13927466	PRJEB82097	SAMEA116348951	ERS21409628	ERX13329341	9615	Canis lupus familiaris	OXFORD_NANOPORE	55023	MinION sequencing: Raw reads: Canfam_SRTP_A_M2_210803_ZHMW	ftp.sra.ebi.ac.uk/vol1/fastq/ERR139/066/ERR13927466/ERR13927466.fastq.gz	ftp.sra.ebi.ac.uk/vol1/run/ERR139/ERR13927466/SRTP_A_M2_210803_ZHMW.fastq.gz		Canfam_SRTP_A_M2_210803_ZHMW	SRTP_A_M2_210803_ZHMW	ftp.sra.ebi.ac.uk/vol1/err/ERR139/066/ERR13927466/ERR13927466.bam
ERR13927468	PRJEB82097	SAMEA116348953	ERS21409630	ERX13329343	9615	Canis lupus familiaris	OXFORD_NANOPORE	433357	MinION sequencing: Raw reads: Canfam_SRTP_A_M2_210829_ZMB	ftp.sra.ebi.ac.uk/vol1/fastq/ERR139/068/ERR13927468/ERR13927468.fastq.gz	ftp.sra.ebi.ac.uk/vol1/run/ERR139/ERR13927468/SRTP_A_M2_210829_ZMB.fastq.gz		Canfam_SRTP_A_M2_210829_ZMB	SRTP_A_M2_210829_ZMB	ftp.sra.ebi.ac.uk/vol1/err/ERR139/068/ERR13927468/ERR13927468.bam
ERR13927470	PRJEB82097	SAMEA116348955	ERS21409632	ERX13329345	9615	Canis lupus familiaris	OXFORD_NANOPORE	437015	MinION sequencing: Raw reads: Canfam_SRTP_A_M2_210928_ZMB	ftp.sra.ebi.ac.uk/vol1/fastq/ERR139/070/ERR13927470/ERR13927470.fastq.gz	ftp.sra.ebi.ac.uk/vol1/run/ERR139/ERR13927470/SRTP_A_M2_210928_ZMB.fastq.gz		Canfam_SRTP_A_M2_210928_ZMB	SRTP_A_M2_210928_ZMB	ftp.sra.ebi.ac.uk/vol1/err/ERR139/070/ERR13927470/ERR13927470.bam
ERR13927492	PRJEB82097	SAMEA116348956	ERS21409633	ERX13329367	9615	Canis lupus familiaris	OXFORD_NANOPORE	421983	MinION sequencing: Raw reads: Canfam_SRTP_A_M2_211012_ZMB	ftp.sra.ebi.ac.uk/vol1/fastq/ERR139/092/ERR13927492/ERR13927492.fastq.gz	ftp.sra.ebi.ac.uk/vol1/run/ERR139/ERR13927492/SRTP_A_M2_211012_ZMB.fastq.gz		Canfam_SRTP_A_M2_211012_ZMB	SRTP_A_M2_211012_ZMB	ftp.sra.ebi.ac.uk/vol1/err/ERR139/092/ERR13927492/ERR13927492.bam
ERR13927498	PRJEB82097	SAMEA116348984	ERS21409661	ERX13329373	9615	Canis lupus familiaris	OXFORD_NANOPORE	296470	MinION sequencing: Raw reads: Canfam_SRTP_A_M3_210202_ZMB	ftp.sra.ebi.ac.uk/vol1/fastq/ERR139/098/ERR13927498/ERR13927498.fastq.gz	ftp.sra.ebi.ac.uk/vol1/run/ERR139/ERR13927498/SRTP_A_M3_210202_ZMB.fastq.gz		Canfam_SRTP_A_M3_210202_ZMB	SRTP_A_M3_210202_ZMB	ftp.sra.ebi.ac.uk/vol1/err/ERR139/098/ERR13927498/ERR13927498.bam
ERR13927503	PRJEB82097	SAMEA116348988	ERS21409665	ERX13329378	9615	Canis lupus familiaris	OXFORD_NANOPORE	56238	MinION sequencing: Raw reads: Canfam_SRTP_A_M3_210414_ZMB	ftp.sra.ebi.ac.uk/vol1/fastq/ERR139/003/ERR13927503/ERR13927503.fastq.gz	ftp.sra.ebi.ac.uk/vol1/run/ERR139/ERR13927503/SRTP_A_M3_210414_ZMB.fastq.gz		Canfam_SRTP_A_M3_210414_ZMB	SRTP_A_M3_210414_ZMB	ftp.sra.ebi.ac.uk/vol1/err/ERR139/003/ERR13927503/ERR13927503.bam
ERR13927530	PRJEB82097	SAMEA116348992	ERS21409669	ERX13329405	9615	Canis lupus familiaris	OXFORD_NANOPORE	377657	MinION sequencing: Raw reads: Canfam_SRTP_A_M3_211028_ZMB	ftp.sra.ebi.ac.uk/vol1/fastq/ERR139/030/ERR13927530/ERR13927530.fastq.gz	ftp.sra.ebi.ac.uk/vol1/run/ERR139/ERR13927530/SRTP_A_M3_211028_ZMB.fastq.gz		Canfam_SRTP_A_M3_211028_ZMB	SRTP_A_M3_211028_ZMB	ftp.sra.ebi.ac.uk/vol1/err/ERR139/030/ERR13927530/ERR13927530.bam
ERR13927531	PRJEB82097	SAMEA116348993	ERS21409670	ERX13329406	9615	Canis lupus familiaris	OXFORD_NANOPORE	112462	MinION sequencing: Raw reads: Canfam_SRTP_A_M3_211203_ZHMW	ftp.sra.ebi.ac.uk/vol1/fastq/ERR139/031/ERR13927531/ERR13927531.fastq.gz	ftp.sra.ebi.ac.uk/vol1/run/ERR139/ERR13927531/SRTP_A_M3_211203_ZHMW.fastq.gz		Canfam_SRTP_A_M3_211203_ZHMW	SRTP_A_M3_211203_ZHMW	ftp.sra.ebi.ac.uk/vol1/err/ERR139/031/ERR13927531/ERR13927531.bam
ERR13927572	PRJEB82097	SAMEA116348926	ERS21409603	ERX13329447	9615	Canis lupus familiaris	OXFORD_NANOPORE	32503	MinION sequencing: Raw reads: Canfam_SRTP_A_M4_210317_ZHMW	ftp.sra.ebi.ac.uk/vol1/fastq/ERR139/072/ERR13927572/ERR13927572.fastq.gz	ftp.sra.ebi.ac.uk/vol1/run/ERR139/ERR13927572/SRTP_A_M4_210317_ZHMW.fastq.gz		Canfam_SRTP_A_M4_210317_ZHMW	SRTP_A_M4_210317_ZHMW	ftp.sra.ebi.ac.uk/vol1/err/ERR139/072/ERR13927572/ERR13927572.bam
ERR13927574	PRJEB82097	SAMEA116348928	ERS21409605	ERX13329449	9615	Canis lupus familiaris	OXFORD_NANOPORE	28281	MinION sequencing: Raw reads: Canfam_SRTP_A_M4_210401_ZHMW	ftp.sra.ebi.ac.uk/vol1/fastq/ERR139/074/ERR13927574/ERR13927574.fastq.gz	ftp.sra.ebi.ac.uk/vol1/run/ERR139/ERR13927574/SRTP_A_M4_210401_ZHMW.fastq.gz		Canfam_SRTP_A_M4_210401_ZHMW	SRTP_A_M4_210401_ZHMW	ftp.sra.ebi.ac.uk/vol1/err/ERR139/074/ERR13927574/ERR13927574.bam
ERR13927576	PRJEB82097	SAMEA116348930	ERS21409607	ERX13329451	9615	Canis lupus familiaris	OXFORD_NANOPORE	24370	MinION sequencing: Raw reads: Canfam_SRTP_A_M4_210704_ZHMW	ftp.sra.ebi.ac.uk/vol1/fastq/ERR139/076/ERR13927576/ERR13927576.fastq.gz	ftp.sra.ebi.ac.uk/vol1/run/ERR139/ERR13927576/SRTP_A_M4_210704_ZHMW.fastq.gz		Canfam_SRTP_A_M4_210704_ZHMW	SRTP_A_M4_210704_ZHMW	ftp.sra.ebi.ac.uk/vol1/err/ERR139/076/ERR13927576/ERR13927576.bam
ERR13927577	PRJEB82097	SAMEA116348931	ERS21409608	ERX13329452	9615	Canis lupus familiaris	OXFORD_NANOPORE	118846	MinION sequencing: Raw reads: Canfam_SRTP_A_M4_210704_ZMB	ftp.sra.ebi.ac.uk/vol1/fastq/ERR139/077/ERR13927577/ERR13927577.fastq.gz	ftp.sra.ebi.ac.uk/vol1/run/ERR139/ERR13927577/SRTP_A_M4_210704_ZMB.fastq.gz		Canfam_SRTP_A_M4_210704_ZMB	SRTP_A_M4_210704_ZMB	ftp.sra.ebi.ac.uk/vol1/err/ERR139/077/ERR13927577/ERR13927577.bam
ERR13927580	PRJEB82097	SAMEA116348933	ERS21409610	ERX13329455	9615	Canis lupus familiaris	OXFORD_NANOPORE	61809	MinION sequencing: Raw reads: Canfam_SRTP_A_M4_210803_ZMB	ftp.sra.ebi.ac.uk/vol1/fastq/ERR139/080/ERR13927580/ERR13927580.fastq.gz	ftp.sra.ebi.ac.uk/vol1/run/ERR139/ERR13927580/SRTP_A_M4_210803_ZMB.fastq.gz		Canfam_SRTP_A_M4_210803_ZMB	SRTP_A_M4_210803_ZMB	ftp.sra.ebi.ac.uk/vol1/err/ERR139/080/ERR13927580/ERR13927580.bam
