superkingdom	phylum	class	order	family	genus	PRMT_HM1_human_MONT_20240807_bc28	PRMT_HM2_human_MONT_20240807_bc29	PRMT_HM3_human_MONT_20240807_bc30	PRMT_HO1_human_ONT_20240807_bc13	PRMT_HO2_human_ONT_20240807_bc14	PRMT_HO3_human_ONT_20240807_bc15	PRMT_HP1_human_PB_20240807_bc43	PRMT_HP2_human_PB_20240807_bc44	PRMT_HP3_human_PB_20240807_bc45
Bacteria	Actinobacteria	Actinobacteria	Bifidobacteriales	Bifidobacteriaceae	Bifidobacterium	7644.09908624568	4573.28517687069	4180.85221434133	84.0268179346275	64.0059774122738	58.5461413350138	6172.0402218489	3201.19480774869	8285.03305481332
Bacteria	Actinobacteria	Actinobacteria	Corynebacteriales	Segniliparaceae	Segniliparus	0	0	0	0	0	0	11.1492396255081	0	0
Bacteria	Actinobacteria	Coriobacteriia	Coriobacteriales	Coriobacteriaceae	Collinsella	1496.84106936806	1379.19011041237	652.549460789719	355.097370456036	134.357435246939	170.087439674881	903.079767360531	574.720806490247	1404.69401512127
Bacteria	Actinobacteria	Coriobacteriia	Eggerthellales	Eggerthellaceae	Adlercreutzia	54.0311693430225	72.0631143708753	28.0235772696179	90.0202478079098	24.0187231917634	46.0724356889857	47.3515265103157	38.0835958874417	76.0090215789639
Bacteria	Actinobacteria	Coriobacteriia	Eggerthellales	Eggerthellaceae	Gordonibacter	0	0	0	0	0	0	0	0	13.6486858019917
Bacteria	Actinobacteria	Coriobacteriia	Eggerthellales	Eggerthellaceae	Raoultibacter	348.67899598045	301.260039523084	249.475372620034	316.101030175902	174.87487806812	230.012754692149	283.313820291436	212.266194066244	510.273687374337
Bacteria	Bacteroidetes	Bacteroidia	Bacteroidales	Bacteroidaceae	Bacteroides	17240.7749428037	10520.1309929585	12374.8493450704	24674.8083571071	9268.62916752296	16038.4500724879	14559.5408881804	7584.71257815505	26488.850438664
Bacteria	Bacteroidetes	Bacteroidia	Bacteroidales	Barnesiellaceae	Barnesiella	2656.09110208836	1662.43450958992	1878.54488295873	3181.55731314531	1151.88464046556	2026.3346685363	2150.28274302132	1169.45213170122	4047.95832650379
Bacteria	Bacteroidetes	Bacteroidia	Bacteroidales	Barnesiellaceae	Coprobacter	302.538197478793	194.16630567418	192.189705525581	350.410921053363	127.076006999051	215.818051172848	241.215721810254	106.139620451992	408.190459176192
Bacteria	Bacteroidetes	Bacteroidia	Bacteroidales	Odoribacteraceae	Butyricimonas	89.0559470620601	67.0742577619408	45.0377334261593	97.0266054485506	38.0279567211959	64.0307707051169	69.0627891277567	45.0565092196179	157.809080417232
Bacteria	Bacteroidetes	Bacteroidia	Bacteroidales	Odoribacteraceae	Odoribacter	343.257846874441	238.303428399547	305.255748798299	357.097919021985	165.121391026245	277.14249194025	272.243583211159	153.192131346701	489.478379712595
Bacteria	Bacteroidetes	Bacteroidia	Bacteroidales	Rikenellaceae	Alistipes	4063.32838675797	2626.26444164565	2869.40315487117	4729.91460363252	1844.3822876751	3211.65107350989	3099.77186719186	1639.05567982714	5946.86474436209
Bacteria	Bacteroidetes	Bacteroidia	Bacteroidales	unassigned	Phocaeicola	27213.0147999553	17431.5825431303	20591.7449606252	31819.0057138759	12419.8177075744	21810.0293541136	20262.9909710315	11191.1475026776	39155.6336691481
Bacteria	Candidatus Melainabacteria	unassigned	Vampirovibrionales	unassigned	Vampirovibrio	92.0527498675199	76.9080401010537	56.0113248377341	217.030852765902	93.0684203966109	147.227436819805	37.0331193641528	34.0426958548224	87.0595068770587
Bacteria	Firmicutes	Bacilli	Bacillales	Bacillaceae	Bacillus	278.50704029568	142.511913651119	296.260480588035	361.120233611964	228.257363774656	236.12222249201	244.221167299247	115.910626175864	296.145648790414
Bacteria	Firmicutes	Bacilli	Bacillales	Listeriaceae	Listeria	97.0590947612045	56.0483248283897	115.096423885952	153.041417782612	99.0728939247905	86.1243394630583	91.0820734350941	50.9394294934749	121.058355362638
Bacteria	Firmicutes	Bacilli	Bacillales	Staphylococcaceae	Staphylococcus	94.0757948450082	70.0604081231736	130.366279366438	166.175430491926	82.7627558217753	115.132367888887	99.4920057798349	56.0703225844134	131.068964265853
Bacteria	Firmicutes	Bacilli	Bacillales	Thermoactinomycetaceae	Laceyella	340.3461003802	249.909295826629	231.799331963239	795.626126321773	485.711662825397	473.550936741356	259.525029874417	169.17281431208	421.636268271049
Bacteria	Firmicutes	Bacilli	Lactobacillales	Enterococcaceae	Enterococcus	119.233806001183	66.0570705250718	135.304919378636	195.052966770962	107.810028378632	109.370546021459	131.817230726105	57.0715783468576	162.017568317331
Bacteria	Firmicutes	Bacilli	Lactobacillales	Lactobacillaceae	Lactobacillus	79.2158669834114	46.5926494324337	43.0360563848432	125.875004102233	48.3320541875432	31.0159448818898	38.0340144821029	23.0288824900269	83.4437556344225
Bacteria	Firmicutes	Bacilli	Lactobacillales	Lactobacillaceae	Limosilactobacillus	134.077752302082	55.0474680037003	160.134202584179	193.987705456839	127.093492036852	117.060179313041	114.102082299322	53.1967105963428	152.492111119265
Bacteria	Firmicutes	Bacilli	Lactobacillales	Streptococcaceae	Lactococcus	0	0	0	15.0041142446212	0	0	0	0	0
Bacteria	Firmicutes	Bacilli	Lactobacillales	Streptococcaceae	Streptococcus	392.994186853743	188.158138795538	355.292894880026	608.423913305826	349.259907175773	374.907781941446	265.2523562456	127.159481575366	348.028379020244
Bacteria	Firmicutes	Clostridia	Clostridiales	Catabacteriaceae	Catabacter	41.7977774947096	27.1662165066413	41.3988050041446	62.5585616801956	28.0728354807334	27.9685695118839	27.3262470505135	18.3376808364973	49.6564520981623
Bacteria	Firmicutes	Clostridia	Clostridiales	Christensenellaceae	Christensenella	198.978601313459	154.418442785651	145.462934181174	377.510149099065	153.236465339964	240.396090346487	134.730516323821	95.8001021473443	186.261566222892
Bacteria	Firmicutes	Clostridia	Clostridiales	Clostridiaceae	Butyricicoccus	155.395687783007	113.582934096878	106.320736854849	381.903427094919	126.378286756855	238.222289439954	105.951887727511	65.8845411757003	166.251855347139
Bacteria	Firmicutes	Clostridia	Clostridiales	Clostridiaceae	Clostridium	523.027607772271	434.122705296033	382.509118130769	1799.42097548694	887.385016597597	1079.24353961382	695.137274911493	499.025632239984	1191.98889181657
Bacteria	Firmicutes	Clostridia	Clostridiales	Clostridiaceae	Hungatella	3037.44810970872	1891.09705588662	1867.90633469076	6997.74471546651	2362.65964371049	3806.27614176843	2082.02546006684	1108.16501583197	3025.04268067712
Bacteria	Firmicutes	Clostridia	Clostridiales	Clostridiaceae	Lactonifactor	78.2103577511234	78.2702108254097	34.2296943109577	148.068739991964	93.0150375570761	107.713397854379	65.910983373948	53.7424800608791	92.6203421469422
Bacteria	Firmicutes	Clostridia	Clostridiales	Clostridiales Family XII. Incertae Sedis	Fusibacter	0	0	0	0	0	0	0	0	23.5786909283617
Bacteria	Firmicutes	Clostridia	Clostridiales	Clostridiales Family XIII. Incertae Sedis	Aminipila	22.1533455916171	17.3177312601602	20.235120126647	46.1967557156023	32.5066092572971	29.3846696492599	20.83695269182	0	25.982374315234
Bacteria	Firmicutes	Clostridia	Clostridiales	Clostridiales Family XIII. Incertae Sedis	Anaerovorax	25.0840020785529	21.6870252654568	0	35.3512957454283	19.1018298146202	18.7182696964958	0	0	27.3206471366814
Bacteria	Firmicutes	Clostridia	Clostridiales	Clostridiales Family XIII. Incertae Sedis	Casaltella	86.2502495343681	80.0798679441933	83.7040685305927	193.362800873175	101.888264874876	125.149248057473	68.1851852024226	46.2436002018914	102.061002116878
Bacteria	Firmicutes	Clostridia	Clostridiales	Clostridiales Family XIII. Incertae Sedis	Emergencia	217.616529431538	216.060129449145	173.457031263399	440.21622602307	230.98862465562	265.16208720399	164.09191215513	135.589952408117	234.23867628092
Bacteria	Firmicutes	Clostridia	Clostridiales	Clostridiales Family XIII. Incertae Sedis	Ihubacter	178.285571577469	175.570530504284	148.053394822516	296.053703521923	180.803122224365	195.707708067897	101.932367594878	93.9741857575794	194.890675319834
Bacteria	Firmicutes	Clostridia	Clostridiales	Clostridiales Family XIII. Incertae Sedis	unassigned	20.9740555935195	0	29.9417872635143	40.3245931899366	18.6071364354426	22.9943665618883	27.8957500691837	14.5998160722062	23.715729924631
Bacteria	Firmicutes	Clostridia	Clostridiales	Eubacteriaceae	Anaerofustis	20.0114670611079	0	10.0083852057775	27.0074056403182	11.0080872104073	0	0	0	0
Bacteria	Firmicutes	Clostridia	Clostridiales	Eubacteriaceae	Eubacterium	2712.98090541427	2039.78464281948	1674.77281260842	6975.66040404505	2649.78463008128	3565.54236627923	1851.79647254868	1177.74662479929	2632.80592375797
Bacteria	Firmicutes	Clostridia	Clostridiales	Hungateiclostridiaceae	Ercella	0	0	0	27.3433135788461	0	0	0	0	18.3166254110253
Bacteria	Firmicutes	Clostridia	Clostridiales	Hungateiclostridiaceae	Hungateiclostridium	708.343393798642	397.086357298401	447.729479489846	1661.411598517	585.273536520346	861.039601458668	480.786973508549	247.765093093832	650.11557762071
Bacteria	Firmicutes	Clostridia	Clostridiales	Hungateiclostridiaceae	Pseudoclostridium	0	0	0	25.7445018665008	0	15.1497268989082	0	0	16.0120076365791
Bacteria	Firmicutes	Clostridia	Clostridiales	Hungateiclostridiaceae	unassigned	76.6564174798966	59.7764771891873	66.5224278426081	142.028901306888	70.8048659493172	89.6120600836209	31.1455980196605	37.3393525943354	50.954463527734
Bacteria	Firmicutes	Clostridia	Clostridiales	Lachnospiraceae	Anaerobium	0	11.5644433044718	0	18.9435202887176	14.292706840748	14.2114045327456	0	0	11.3208966368011
Bacteria	Firmicutes	Clostridia	Clostridiales	Lachnospiraceae	Anaerobutyricum	13220.6794788	10176.5198687537	8032.43028217897	25398.0402596581	10270.1474821578	13265.3989654881	10724.112705271	6773.43814947845	15654.2761691566
Bacteria	Firmicutes	Clostridia	Clostridiales	Lachnospiraceae	Anaerostipes	6405.81756347855	5373.89275380725	3976.4929636143	14446.7834075004	6718.83351676305	7853.32789034191	4314.04110060867	3302.6440527024	6414.16540481136
Bacteria	Firmicutes	Clostridia	Clostridiales	Lachnospiraceae	Anaerotignum	2360.72248914126	1680.22227628376	1618.03892460418	5758.83761610642	2068.48014082077	3328.11933070385	1725.41457225514	1007.63595214255	2921.17565313121
Bacteria	Firmicutes	Clostridia	Clostridiales	Lachnospiraceae	Bariatricus	24.6833614111585	23.7581370839757	18.4171045021154	45.4214441593998	16.4593636644534	40.3543310148419	15.4600053916295	11.2281859149363	31.4973588232692
Bacteria	Firmicutes	Clostridia	Clostridiales	Lachnospiraceae	Blautia	177052.774650982	122068.911344119	107498.845218898	383210.407490653	144958.103889174	197291.451459512	118025.939671886	71912.7511394605	166478.771521547
Bacteria	Firmicutes	Clostridia	Clostridiales	Lachnospiraceae	Caecibacterium	46.8340721207244	23.3428676800664	24.4078115501757	75.1794950386117	37.2318366001743	34.0350636149227	16.0233846608769	17.0318493021509	34.8381078185216
Bacteria	Firmicutes	Clostridia	Clostridiales	Lachnospiraceae	Coprococcus	33.3261294336712	28.0720774418826	44.8329591660153	103.855917183646	60.1657113184898	50.1219846466108	41.7802873239705	19.55669417727	36.5637177763768
Bacteria	Firmicutes	Clostridia	Clostridiales	Lachnospiraceae	Cuneatibacter	213.029545026914	151.52771337934	156.520447501039	485.165939094868	222.459077139558	276.360447822697	131.401686302258	98.5193755280169	235.965641428641
Bacteria	Firmicutes	Clostridia	Clostridiales	Lachnospiraceae	Dorea	12315.1771156224	10475.7713490043	7484.52951091816	27890.5026917958	13249.1121503059	15086.4981446523	8110.74849113119	6187.25619374167	12079.6645578522
Bacteria	Firmicutes	Clostridia	Clostridiales	Lachnospiraceae	Eisenbergiella	884.199136744918	613.52607971169	573.797888666203	2053.21387257272	754.111538064037	1060.94056260595	578.278037592758	328.278757133434	885.077745927091
Bacteria	Firmicutes	Clostridia	Clostridiales	Lachnospiraceae	Enterocloster	4487.92453288957	2678.29632537074	2677.84239570161	10069.7136017704	3638.90640039739	5634.35500882645	3128.82826668443	1615.3040059941	4639.02114653414
Bacteria	Firmicutes	Clostridia	Clostridiales	Lachnospiraceae	Faecalicatena	1405.01808017589	962.827484738404	884.471430014421	3212.23764100023	1139.28333387135	1809.50828433314	941.214725075777	599.528048415956	1435.03089367275
Bacteria	Firmicutes	Clostridia	Clostridiales	Lachnospiraceae	Faecalimonas	254.660010168943	149.112291335486	141.377045830539	619.401413759887	214.799531315507	301.20728697559	150.817507699805	78.8040922954225	197.581327404302
Bacteria	Firmicutes	Clostridia	Clostridiales	Lachnospiraceae	Frisingicoccus	249.323932363702	195.631824884524	168.52585212406	546.382408249064	262.692284475775	307.150416987267	157.828371016629	119.85160914626	247.147430383228
Bacteria	Firmicutes	Clostridia	Clostridiales	Lachnospiraceae	Fusicatenibacter	6183.697767765	4210.9579219397	3738.05493712623	14336.1505841098	5212.84126431662	7326.53429674588	4031.95264403033	2475.17802481493	5779.80675806097
Bacteria	Firmicutes	Clostridia	Clostridiales	Lachnospiraceae	Hespellia	21.4540119913062	25.1075145026358	15.2069069433518	56.5548914817196	31.7931882476358	26.2014160942472	15.6297403355794	11.7757112066642	22.0766357439257
Bacteria	Firmicutes	Clostridia	Clostridiales	Lachnospiraceae	Lachnoclostridium	4171.66268169115	2733.14486062072	2714.30040259406	9829.313535333	3387.7971623319	5200.74101875265	2969.27995613849	1524.54338853823	4413.08725969877
Bacteria	Firmicutes	Clostridia	Clostridiales	Lachnospiraceae	Lachnospira	1182.83296427867	661.501113831025	615.445302560244	3048.52180586777	997.654988356642	1403.21601468007	902.411845269698	470.860503275165	1200.9340716687
Bacteria	Firmicutes	Clostridia	Clostridiales	Lachnospiraceae	Lacrimispora	3935.11787332558	2503.30693416131	2543.8461317412	8430.10180532795	2776.32312309646	4392.71137726689	2695.84829332271	1450.47601571019	3945.92467633331
Bacteria	Firmicutes	Clostridia	Clostridiales	Lachnospiraceae	Mediterraneibacter	12401.9142398892	9559.53450628773	7672.24886481377	27947.7604137182	11803.435664171	14677.7032460605	8409.03142795954	5782.11636422949	11906.3829712838
Bacteria	Firmicutes	Clostridia	Clostridiales	Lachnospiraceae	Merdimonas	0	11.2692336493109	0	13.3209042350932	10.3379335316151	0	0	0	0
Bacteria	Firmicutes	Clostridia	Clostridiales	Lachnospiraceae	Murimonas	201.592293013502	154.93936824483	113.622440404968	407.236841811253	181.323350493506	197.34960035366	124.362425590048	73.928518570688	192.30886831656
Bacteria	Firmicutes	Clostridia	Clostridiales	Lachnospiraceae	Pseudobutyrivibrio	360.566867504449	150.570582188528	107.065799075458	755.724580176637	164.228450771506	221.137871000452	258.247921515208	102.579160925653	168.449479511122
Bacteria	Firmicutes	Clostridia	Clostridiales	Lachnospiraceae	Robinsoniella	66.7216984851616	33.1944078465288	49.8015335570966	147.161612023858	70.6465681517746	77.9214276663458	51.2390356274386	38.7384179318398	74.2914335759901
Bacteria	Firmicutes	Clostridia	Clostridiales	Lachnospiraceae	Roseburia	2704.89246089157	1922.41585402852	1746.2661952272	6453.89467667984	2410.3150875828	3181.76706508624	1747.71528393981	1103.31761740917	2509.82610552429
Bacteria	Firmicutes	Clostridia	Clostridiales	Lachnospiraceae	Sellimonas	49.5339677191221	39.9272792411224	34.0923006554499	136.553828544237	67.4107471468809	62.4808612412632	42.5561119408855	22.1424122436195	39.7827388263555
Bacteria	Firmicutes	Clostridia	Clostridiales	Lachnospiraceae	Syntrophococcus	120.309236582846	102.846830889614	72.9546501247156	289.010892883171	92.190582341661	144.056591419493	85.9507934381725	61.0052577872855	117.329703463246
Bacteria	Firmicutes	Clostridia	Clostridiales	Lachnospiraceae	Tyzzerella	139.605470135492	79.4670955783647	73.1937273910455	236.842321208952	82.7831052297577	119.76981933886	70.4096894001593	48.9293790092848	138.481656529298
Bacteria	Firmicutes	Clostridia	Clostridiales	Lachnospiraceae	unassigned	3688.50001436282	2303.02435962583	2254.67407703396	8903.73665833534	3033.79853173295	5492.35143315986	3104.04750417877	1543.47284694416	4834.731454811
Bacteria	Firmicutes	Clostridia	Clostridiales	Oscillospiraceae	Dysosmobacter	1243.53496448107	757.820874763332	796.30497978873	3153.35132518337	1026.8023533437	1926.4525097973	751.12749863736	427.760341921061	1242.69166963579
Bacteria	Firmicutes	Clostridia	Clostridiales	Oscillospiraceae	Oscillibacter	340.922866219978	228.154746619755	281.897141196556	908.941456272867	354.33063100338	521.709568773643	263.013411747989	115.979406505037	416.394241919148
Bacteria	Firmicutes	Clostridia	Clostridiales	Peptococcaceae	Desulfitobacterium	0	0	0	18.8956043181556	0	0	0	0	11.3927886342879
Bacteria	Firmicutes	Clostridia	Clostridiales	Peptostreptococcaceae	Clostridioides	63.8015873959048	43.0372187492977	82.0776295571572	108.069952328863	67.0644837894634	58.0335062055043	65.0587399982561	27.2917602078874	85.0690953770938
Bacteria	Firmicutes	Clostridia	Clostridiales	Peptostreptococcaceae	Peptacetobacter	284.885685053876	144.123116626151	310.3068609985	405.004807392216	309.317400732171	262.283658353513	223.310796954699	125.205134485767	367.880048982434
Bacteria	Firmicutes	Clostridia	Clostridiales	Peptostreptococcaceae	Romboutsia	13.2900283083803	0	14.0117392880885	22.0284953228144	17.0282536774997	11.033659710059	0	0	17.0147642214281
Bacteria	Firmicutes	Clostridia	Clostridiales	Ruminococcaceae	Acetivibrio	40.5705254341518	24.3144469241923	12.5786225060392	49.2843306139673	29.1655174201389	45.9685808891448	22.2240813037003	15.4908679915243	38.6471842976825
Bacteria	Firmicutes	Clostridia	Clostridiales	Ruminococcaceae	Acutalibacter	98.7749688714299	84.9122774203493	74.3024850342079	321.521289935715	151.06610796312	172.235565465018	73.4096128330526	42.1864051335153	110.627488514149
Bacteria	Firmicutes	Clostridia	Clostridiales	Ruminococcaceae	Agathobaculum	2640.67635292432	1873.20387414762	1674.76571700783	6345.04931348667	2417.89502923303	3513.55888393693	1694.80391087299	1105.60555403011	2556.11332314114
Bacteria	Firmicutes	Clostridia	Clostridiales	Ruminococcaceae	Anaeromassilibacillus	457.675278839047	337.762549670153	286.75037153819	1330.6582653974	565.209025435707	672.76477728163	313.324894528964	232.508893273458	504.068690209002
Bacteria	Firmicutes	Clostridia	Clostridiales	Ruminococcaceae	Anaerotruncus	347.168912700365	292.274108446961	246.013531192099	888.657532855739	320.438097807849	539.491688444481	217.809022352097	164.31359689526	372.206041216074
Bacteria	Firmicutes	Clostridia	Clostridiales	Ruminococcaceae	Caproiciproducens	497.302764508364	435.238980152674	305.136565724293	1430.43484443338	596.861623600699	768.767610762477	330.883263630937	270.62866468636	530.6983757733
Bacteria	Firmicutes	Clostridia	Clostridiales	Ruminococcaceae	Drancourtella	279.124128413806	184.4937449789	155.012377408643	704.91535943125	222.670267757309	414.0434089617	201.052388508239	113.392360899546	304.178169956302
Bacteria	Firmicutes	Clostridia	Clostridiales	Ruminococcaceae	Faecalibacterium	48129.4620182411	31625.8394217799	32893.1801734309	119331.394682046	41086.1596626038	69662.8137565358	31155.6999805487	17516.2304306664	51527.8177438157
Bacteria	Firmicutes	Clostridia	Clostridiales	Ruminococcaceae	Flavonifractor	1206.84460385334	809.619162152885	834.611067105922	2866.63796466837	1009.95692148738	1675.14453752325	716.439692857751	473.277219487736	1303.92843386915
Bacteria	Firmicutes	Clostridia	Clostridiales	Ruminococcaceae	Fournierella	0	0	13.4830763020556	16.4947127457776	0	10.9987913960324	10.0241412804756	0	0
Bacteria	Firmicutes	Clostridia	Clostridiales	Ruminococcaceae	Gemmiger	29.934315755554	27.3176707743062	42.716702771223	57.4284586496907	25.5341320665872	47.2630086301037	31.6565049009808	14.1404315634566	48.1120477328318
Bacteria	Firmicutes	Clostridia	Clostridiales	Ruminococcaceae	Harryflintia	103.470690029115	67.9486333219214	50.6101385077034	184.163662221619	103.46875769468	120.533301111301	61.1830367926404	39.3850481118768	108.368791983124
Bacteria	Firmicutes	Clostridia	Clostridiales	Ruminococcaceae	Hydrogenoanaerobacterium	66.2496705865108	38.9345329420414	41.6215347421457	128.208638038503	48.5077917985664	99.4546584195088	63.196225685434	19.0536688829615	70.5486293431402
Bacteria	Firmicutes	Clostridia	Clostridiales	Ruminococcaceae	Negativibacillus	19.6207383806174	25.5360047531237	19.8249263971343	54.3776887320702	26.9555851722807	32.9714434220707	14.0595278429301	11.1922397732408	27.6167061889082
Bacteria	Firmicutes	Clostridia	Clostridiales	Ruminococcaceae	Neglecta	710.529468844077	555.504325490289	464.448985836484	1869.97674519445	840.277287517716	1061.63440998733	483.284836041373	343.848431533846	694.266089934037
Bacteria	Firmicutes	Clostridia	Clostridiales	Ruminococcaceae	Paludicola	119.436390994613	90.3472185843431	77.1086363957157	298.497090405781	109.82485126778	145.124685289039	90.682410154542	48.1215773563416	135.094205230467
Bacteria	Firmicutes	Clostridia	Clostridiales	Ruminococcaceae	Papillibacter	0	0	0	17.5019227069699	0	0	0	0	0
Bacteria	Firmicutes	Clostridia	Clostridiales	Ruminococcaceae	Phocea	141.40604615674	104.453768852667	112.451780835278	374.349912896341	139.239597262176	198.093467241376	81.24820936635	70.7510206935134	146.596238290749
Bacteria	Firmicutes	Clostridia	Clostridiales	Ruminococcaceae	Pseudoflavonifractor	424.787653961542	310.018273477486	270.970061771753	981.590920209742	328.747813296152	643.700725128309	263.821549209303	166.658894863676	431.525585196821
Bacteria	Firmicutes	Clostridia	Clostridiales	Ruminococcaceae	Ruminococcus	15306.2046560112	10939.9438790677	8087.35632438806	42021.1376133447	16487.4813106918	21009.8420987687	10684.2120398236	6544.76300777814	14702.4580784796
Bacteria	Firmicutes	Clostridia	Clostridiales	Ruminococcaceae	Ruthenibacterium	174.05229609124	124.127024801138	122.509038936219	425.174702583829	167.582855697773	277.570119667717	111.963345481323	78.308738145374	208.001575930447
Bacteria	Firmicutes	Clostridia	Clostridiales	Ruminococcaceae	Sporobacter	68.8470839758028	42.9992642705825	35.2541590552868	142.538457076573	52.2871233651921	72.0125857368941	30.005089461011	21.9496951943199	65.1911675659195
Bacteria	Firmicutes	Clostridia	Clostridiales	Ruminococcaceae	Subdoligranulum	33.5092811909976	24.1491692284084	22.6060874049131	59.1926675373454	23.9108785009796	42.0083144685112	27.2454387624146	14.8705401350537	36.4285210985601
Bacteria	Firmicutes	Clostridia	Clostridiales	Ruminococcaceae	Tepidibaculum	17.3649175131346	11.1204002108291	0	37.3877659448055	23.8134796874958	21.1936751241731	0	0	11.3241506444066
Bacteria	Firmicutes	Clostridia	Clostridiales	Ruminococcaceae	unassigned	510.467895549738	395.056264043682	349.462263675657	1145.10103262159	548.99414268079	673.109312154442	290.58495554027	236.661780927519	483.186874295654
Bacteria	Firmicutes	Clostridia	Clostridiales	unassigned	Flintibacter	721.163818580242	593.82615147799	580.397637890236	1598.50419580235	643.182538452681	1048.4439855898	464.584339210317	297.093447985859	805.169171790794
Bacteria	Firmicutes	Clostridia	Clostridiales	unassigned	Intestinimonas	13.7769400487274	0	0	41.2164900177637	0	11.2079429004808	13.8828645363201	0	16.7226887450358
Bacteria	Firmicutes	Clostridia	Clostridiales	unassigned	Massilistercora	23.3222474077123	20.2132546055455	19.000466834539	50.121150122019	29.0350357354065	35.5792514412156	17.0162339204356	0	22.2160456237658
Bacteria	Firmicutes	Clostridia	Clostridiales	unassigned	Monoglobus	2954.06409254098	1800.09580794051	1832.32210860121	8209.52262528662	2654.86931137245	4099.98400317852	1918.66297089004	1013.75812930346	2819.3298693046
Bacteria	Firmicutes	Clostridia	Clostridiales	unassigned	unassigned	443.696204614067	289.22741654647	295.852015728828	1017.17226856192	341.545714240528	641.305117707243	316.062584617757	159.769265725272	449.759193703807
Bacteria	Firmicutes	Erysipelotrichia	Erysipelotrichales	Erysipelotrichaceae	Amedibacillus	0	0	0	15.0041142446228	0	0	0	0	0
Bacteria	Firmicutes	Erysipelotrichia	Erysipelotrichales	Erysipelotrichaceae	Erysipelatoclostridium	48.0457550101347	33.9648134061146	27.0226815526328	163.048235350044	65.0543528175601	70.0492045162629	73.0548471278334	36.0452284143867	104.11552595702
Bacteria	Firmicutes	Erysipelotrichia	Erysipelotrichales	Erysipelotrichaceae	Holdemania	24.0137604733294	14.0120816246347	17.0142548498217	52.0142627146869	30.0220710956809	50.0257175514351	25.0223779487519	14.0175806461033	57.0274990726686
Bacteria	Firmicutes	Erysipelotrichia	Erysipelotrichales	Erysipelotrichaceae	Longibaculum	0	0	0	12.2357605701626	12.9194846306745	0	0	0	0
Bacteria	Firmicutes	Erysipelotrichia	Erysipelotrichales	Erysipelotrichaceae	Massilimicrobiota	51.0293557625274	38.0331886890296	21.0176493628983	130.03602979849	56.0413324087156	87.0448926594825	56.0501266052042	42.0531211475158	91.0549465081725
Bacteria	Firmicutes	Erysipelotrichia	Erysipelotrichales	Erysipelotrichaceae	unassigned	0	0	0	16.4555843145221	10.1137204381868	0	16.0143218872012	0	20.0096487974276
Bacteria	Firmicutes	Negativicutes	Acidaminococcales	Acidaminococcaceae	Phascolarctobacterium	10011.9994467546	6521.74927457214	6986.18865339145	24223.3761630702	8076.85721427771	14380.9137886463	6540.71450119097	3562.60905414822	11011.4157609675
Bacteria	Firmicutes	Negativicutes	Selenomonadales	Selenomonadaceae	Megamonas	98.0261613876216	35.0302040615868	75.0628890433311	104.028525446132	77.0566491455811	63.0516949889964	62.055502658566	23.0288824900269	94.0453493479097
Bacteria	Firmicutes	Negativicutes	Selenomonadales	Sporomusaceae	Anaerosporomusa	0	0	0	21.0856175142185	0	20.5292633992049	0	0	0
Bacteria	Firmicutes	Negativicutes	Veillonellales	Veillonellaceae	Veillonella	444.029490307944	270.252777784016	500.443629664488	646.518768689137	440.802901672272	379.205860252232	371.341826915671	210.262279305088	526.13076154487
Bacteria	Firmicutes	Tissierellia	Tissierellales	Gottschalkiaceae	Gottschalkia	0	0	0	13.7595432576518	0	0	0	0	0
Bacteria	Fusobacteria	Fusobacteriia	Fusobacteriales	Fusobacteriaceae	Fusobacterium	57.032681124158	24.0207113565167	42.0352178642654	64.0181362466043	37.0272210180165	33.0169835632908	37.0331193641528	13.0163248856674	47.0226746739548
Bacteria	Proteobacteria	Alphaproteobacteria	Kiloniellales	Kiloniellaceae	Kiloniella	0	0	0	16.2892759006166	0	17.008729668394	0	0	0
Bacteria	Proteobacteria	Alphaproteobacteria	Rhizobiales	Aurantimonadaceae	Martelella	21.0779002801408	12.6407396103013	18.2910441791306	18.503548875517	0	14.8301435244229	0	0	11.7703119498466
Bacteria	Proteobacteria	Alphaproteobacteria	Rhizobiales	Cohaesibacteraceae	Cohaesibacter	152.586642383129	125.296761120518	145.786208417139	235.8979399406	125.114809611187	199.015879096332	59.6763366590362	31.6681465599899	120.256123426479
Bacteria	Proteobacteria	Alphaproteobacteria	Rhizobiales	Methylocystaceae	Terasakiella	48.0337552767742	50.9983854831494	73.6216361700538	129.212372775834	53.3321820820279	104.191742906744	41.3374396591494	0	44.6973147464673
Bacteria	Proteobacteria	Alphaproteobacteria	Rhizobiales	Rhizobiaceae	Gellertiella	25.0143346005895	24.9469246150363	23.4845840675115	29.9470632062349	0	13.1535853629565	0	0	28.9636516301886
Bacteria	Proteobacteria	Alphaproteobacteria	Rhizobiales	Rhizobiaceae	Liberibacter	63.1484881530143	55.6151585573867	53.2146538893528	122.189531134558	69.1347857451882	106.854703415764	0	0	42.864827369395
Bacteria	Proteobacteria	Alphaproteobacteria	Rhodospirillales	Rhodospirillaceae	Aestuariispira	74.339127374388	66.7681140436392	65.0373610039333	114.888363131724	48.0776585255492	83.6822261709248	32.6979743473918	20.3971525850528	41.9776937183535
Bacteria	Proteobacteria	Alphaproteobacteria	Rhodospirillales	Rhodospirillaceae	Azospirillum	45.6362963323349	29.9218572956829	36.6590635712308	63.7827207040133	40.8947503347653	58.5507582092088	0	0	36.8623217038361
Bacteria	Proteobacteria	Alphaproteobacteria	Rhodospirillales	Rhodospirillaceae	Niveispirillum	52.0127752413572	39.0061563368626	47.9126977721937	67.9122668314348	30.022137451629	72.8711381168492	15.7565587613615	20.0251156259061	39.060771056672
Bacteria	Proteobacteria	Alphaproteobacteria	Rhodospirillales	Rhodospirillaceae	Pararhodospirillum	0	0	12.1360239547445	17.5195842859232	0	0	0	0	0
Bacteria	Proteobacteria	Alphaproteobacteria	Rhodospirillales	Rhodospirillaceae	Rhodospirillum	0	0	0	28.5991482359218	0	33.506152541983	0	0	0
Bacteria	Proteobacteria	Alphaproteobacteria	Rhodospirillales	Rhodospirillaceae	Varunaivibrio	68.3002986397766	28.4742795393922	46.9185408166202	90.3509261449738	36.0998625335204	66.6624355148311	20.683860624574	24.0301382309028	25.6125591631677
Bacteria	Proteobacteria	Alphaproteobacteria	Sneathiellales	Sneathiellaceae	Sneathiella	21.1777663834275	18.7216874316126	15.3893102289183	30.1718912315732	18.6335447588558	32.0850149966084	0	0	19.1327080227317
Bacteria	Proteobacteria	Betaproteobacteria	Burkholderiales	Sutterellaceae	Parasutterella	667.382442752911	470.405597398452	552.462863358917	832.228190397386	265.194961345897	494.254091521171	881.788598914122	509.6391820619	1825.88045276527
Bacteria	Proteobacteria	Deltaproteobacteria	Desulfovibrionales	Desulfovibrionaceae	Desulfovibrio	75.6993576630868	56.0473135221839	70.7455750288536	33.0091801951821	0	23.9432884151164	14.1101581468959	33.040228170058	85.8385465207222
Bacteria	Proteobacteria	Deltaproteobacteria	Desulfovibrionales	Desulfovibrionaceae	Lawsonia	0	0	13.2393296262968	0	0	0	0	0	0
Bacteria	Proteobacteria	Deltaproteobacteria	Desulfovibrionales	Desulfovibrionaceae	Mailhella	66.382058470779	64.0562432603995	99.1685446105775	39.010769272257	19.0139783605979	27.0829434873474	47.9453391660088	32.0413962582789	116.258906333296
Bacteria	Proteobacteria	Gammaproteobacteria	Enterobacterales	Enterobacteriaceae	Escherichia	193.508623247156	119.379835814406	248.051235808788	278.592938410517	218.345099032537	176.809223007503	159.486781481743	106.603421733159	246.75285511109
Bacteria	Proteobacteria	Gammaproteobacteria	Enterobacterales	Enterobacteriaceae	Salmonella	68.4826268048507	40.7582623917126	68.2534082430235	103.469131546778	61.8524163751694	39.325164758006	52.6960521890732	29.5673647573893	68.8823122274416
Bacteria	Proteobacteria	Gammaproteobacteria	Pseudomonadales	Pseudomonadaceae	Pseudomonas	0	0	18.0150933703995	22.0060342254445	20.0799299888594	18.0092583185166	0	11.0138133647955	20.0096487974276
Bacteria	Verrucomicrobia	Verrucomicrobiae	Verrucomicrobiales	Akkermansiaceae	Akkermansia	0	0	10.0083852057775	10.0027428297475	0	12.0061722123444	12.0125244925702	0	10.0048243987138
