superkingdom	phylum	class	order	family	genus	Zymo_6331_ONT_MONT	Zymo_6331_ONT_ONT	Zymo_6331_ONT_PB	GMS_MONT_V1_V9_ONT_EMU_EMU_EMUdb_1_D6331	GMS_MONT_V1_V9_ONT_EMU_EMU_EMUdb_2_D6331	GMS_MONT_V1_V9_ONT_EMU_EMU_EMUdb_3_D6331	GMS_ONT_V1_V9_ONT_EMU_EMU_EMUdb_1_D6331	GMS_ONT_V1_V9_ONT_EMU_EMU_EMUdb_2_D6331	GMS_ONT_V1_V9_ONT_EMU_EMU_EMUdb_3_D6331	GMS_PB_V1_V9_ONT_EMU_EMU_EMUdb_1_D6331	GMS_PB_V1_V9_ONT_EMU_EMU_EMUdb_2_D6331	GMS_PB_V1_V9_ONT_EMU_EMU_EMUdb_3_D6331	GMS_MONT_V1_V9_ONT_minitax_BestAln_EMUdb_1_D6331	GMS_MONT_V1_V9_ONT_minitax_BestAln_EMUdb_2_D6331	GMS_MONT_V1_V9_ONT_minitax_BestAln_EMUdb_3_D6331	GMS_ONT_V1_V9_ONT_minitax_BestAln_EMUdb_1_D6331	GMS_ONT_V1_V9_ONT_minitax_BestAln_EMUdb_2_D6331	GMS_ONT_V1_V9_ONT_minitax_BestAln_EMUdb_3_D6331	GMS_PB_V1_V9_ONT_minitax_BestAln_EMUdb_1_D6331	GMS_PB_V1_V9_ONT_minitax_BestAln_EMUdb_2_D6331	GMS_PB_V1_V9_ONT_minitax_BestAln_EMUdb_3_D6331	GMS_MONT_V1_V9_ONT_minitax_RandAln_EMUdb_1_D6331	GMS_MONT_V1_V9_ONT_minitax_RandAln_EMUdb_2_D6331	GMS_MONT_V1_V9_ONT_minitax_RandAln_EMUdb_3_D6331	GMS_ONT_V1_V9_ONT_minitax_RandAln_EMUdb_1_D6331	GMS_ONT_V1_V9_ONT_minitax_RandAln_EMUdb_2_D6331	GMS_ONT_V1_V9_ONT_minitax_RandAln_EMUdb_3_D6331	GMS_PB_V1_V9_ONT_minitax_RandAln_EMUdb_1_D6331	GMS_PB_V1_V9_ONT_minitax_RandAln_EMUdb_2_D6331	GMS_PB_V1_V9_ONT_minitax_RandAln_EMUdb_3_D6331	GMS_MONT_V1_V9_ONT_minitax_LCA_EMUdb_1_D6331	GMS_MONT_V1_V9_ONT_minitax_LCA_EMUdb_2_D6331	GMS_MONT_V1_V9_ONT_minitax_LCA_EMUdb_3_D6331	GMS_ONT_V1_V9_ONT_minitax_LCA_EMUdb_1_D6331	GMS_ONT_V1_V9_ONT_minitax_LCA_EMUdb_2_D6331	GMS_ONT_V1_V9_ONT_minitax_LCA_EMUdb_3_D6331	GMS_PB_V1_V9_ONT_minitax_LCA_EMUdb_1_D6331	GMS_PB_V1_V9_ONT_minitax_LCA_EMUdb_2_D6331	GMS_PB_V1_V9_ONT_minitax_LCA_EMUdb_3_D6331	GMS_MONT_V1_V9_ONT_minitax_SpeciesEstimate_EMUdb_1_D6331	GMS_MONT_V1_V9_ONT_minitax_SpeciesEstimate_EMUdb_2_D6331	GMS_MONT_V1_V9_ONT_minitax_SpeciesEstimate_EMUdb_3_D6331	GMS_ONT_V1_V9_ONT_minitax_SpeciesEstimate_EMUdb_1_D6331	GMS_ONT_V1_V9_ONT_minitax_SpeciesEstimate_EMUdb_2_D6331	GMS_ONT_V1_V9_ONT_minitax_SpeciesEstimate_EMUdb_3_D6331	GMS_PB_V1_V9_ONT_minitax_SpeciesEstimate_EMUdb_1_D6331	GMS_PB_V1_V9_ONT_minitax_SpeciesEstimate_EMUdb_2_D6331	GMS_PB_V1_V9_ONT_minitax_SpeciesEstimate_EMUdb_3_D6331
Archaea	Euryarchaeota	Methanobacteria	Methanobacteriales	Methanobacteriaceae	Methanobrevibacter	6600	6600	6600	0	0	0	0	0	0	0	0	0	0	0	0	0	0	0	0	0	0	0	0	0	0	0	0	0	0	0	0	0	0	0	0	0	0	0	0	0	0	0	0	0	0	0	0	0
Bacteria	Actinobacteria	Actinobacteria	Actinomycetales	Actinomycetaceae	Actinomyces	0	0	0	0	0	0	0	0	0	0	0	0	0	1	0	4	4	0	0	2	0	0	1	0	4	4	0	0	2	0	0	1	0	4	4	0	0	2	0	0	0	0	0	0	0	0	0	0
Bacteria	Actinobacteria	Actinobacteria	Bifidobacteriales	Bifidobacteriaceae	Bifidobacterium	878000	878000	878000	32578.7854792873	35456.4817494275	4142.19553787242	34.989052560211	38.0240534601716	30.0506894927121	23856.6940110449	19527.1129220174	23842.6705843484	6211	6977	762	15	11	9	4670	3815	4680	32300	35184	4104	40	33	33	23732	19403	23696	30833	33697	3892	32	30	30	22720	18548	22573	61849.2373287878	66690.2141482357	7845.42796820231	53.684923232656	50.7590960462207	49.3610839029401	44476.8007294243	35664.8315050823	44772.1279820657
Bacteria	Actinobacteria	Actinobacteria	Bifidobacteriales	Bifidobacteriaceae	Scardovia	0	0	0	0	0	0	0	0	0	0	0	0	3	1	0	0	0	0	0	0	2	3	1	0	0	0	0	0	0	2	3	1	0	0	0	0	0	0	2	0	0	0	0	0	0	0	0	0
Bacteria	Actinobacteria	Actinobacteria	Corynebacteriales	Segniliparaceae	Segniliparus	0	0	0	0	11.2270347705011	0	0	0	0	0	0	0	0	0	0	0	0	0	0	0	0	0	0	0	0	0	0	0	0	0	0	0	0	0	0	0	0	0	0	0	0	0	0	0	0	0	0	0
Bacteria	Actinobacteria	Actinobacteria	Kineosporiales	Kineosporiaceae	Pseudokineococcus	0	0	0	0	0	0	0	0	0	0	0	0	1	2	0	0	0	0	0	2	2	1	2	0	0	0	0	0	2	2	1	2	0	0	0	0	0	2	2	2.70747573819187	2.35350329225055	0.677176467843624	0	0	0	0.66566093045714	2.28113100459213	2.01242643772348
Bacteria	Actinobacteria	Actinobacteria	Micrococcales	Brevibacteriaceae	Brevibacterium	0	0	0	0	0	0	0	0	0	0	0	0	0	1	0	1	0	3	0	0	0	0	1	0	1	0	3	0	0	0	0	1	0	1	0	3	0	0	0	0	0	0	0	0	0	0	0	0
Bacteria	Actinobacteria	Actinobacteria	Micrococcales	Intrasporangiaceae	Terrabacter	0	0	0	0	0	0	0	0	0	0	0	0	0	0	0	3	3	1	1	0	1	0	0	0	3	3	1	1	0	1	0	0	0	3	3	1	1	0	1	0	0	0	0	0	0	0	0	0
Bacteria	Actinobacteria	Actinobacteria	Streptomycetales	Streptomycetaceae	Kitasatospora	0	0	0	0	0	0	0	0	0	0	0	0	0	4	0	0	0	0	0	1	0	0	4	0	0	0	0	0	1	0	0	4	0	0	0	0	0	1	0	0	0	0	0	0	0	0	0	0
Bacteria	Actinobacteria	Actinobacteria	Streptomycetales	Streptomycetaceae	Streptomyces	0	0	0	0	0	0	0	0	0	0	0	0	0	2	0	0	1	1	0	0	1	6	12	1	0	1	1	1	1	4	0	2	0	0	1	1	0	0	1	0	0	0	0	0	0	0	0	0
Bacteria	Actinobacteria	Coriobacteriia	Coriobacteriales	Coriobacteriaceae	Collinsella	0	0	0	0	0	0	0	0	0	13.0162952312483	0	0	12	3	5	9	1	5	17	1	9	12	3	6	11	1	5	18	2	10	12	3	5	10	1	5	17	2	9	3.04591020546585	1.34485902414317	2.03152940353087	2.36348718634335	0.333941421356715	1.01426884732069	4.32679604797141	0.325875857798875	3.01863965658522
Bacteria	Actinobacteria	Coriobacteriia	Eggerthellales	Eggerthellaceae	Raoultibacter	0	0	0	0	0	0	0	0	0	0	0	0	2	0	0	0	1	0	2	0	3	2	0	0	0	1	0	2	0	3	2	0	0	0	1	0	2	0	3	0	0	0	0	0	0	0	0	0
Bacteria	Actinobacteria	Coriobacteriia	Eggerthellales	Eggerthellaceae	Slackia	0	0	0	0	0	0	0	0	0	0	0	0	1	0	0	0	2	1	2	0	0	1	0	0	0	2	1	2	0	0	1	0	0	0	2	1	2	0	0	0	0	0	0	0	0	0	0	0
Bacteria	Bacteroidetes	Bacteroidia	Bacteroidales	Bacteroidaceae	Bacteroides	994000	994000	994000	35089.2333181963	35715.9132650103	4801.84960020668	16571.7829480175	16883.6253103152	8013.30006689261	23146.0218443318	16465.1007717307	26893.1004939574	26189	26579	3460	12232	12591	5996	17315	12157	20060	35011	35638	4782	16471	16823	7930	23081	16430	26854	34978	35608	4778	16451	16808	7923	23062	16419	26836	15561.8936741923	15754.6872530812	2162.56305005861	7357.53561108684	7374.42840782034	3505.31313634029	10055.1411850203	7089.42928641453	11837.4277110958
Bacteria	Bacteroidetes	Bacteroidia	Bacteroidales	Barnesiellaceae	Barnesiella	0	0	0	10.0072570536362	0	0	10.0071466815104	0	0	0	0	0	10	1	1	9	1	0	6	1	5	10	1	1	9	1	0	6	1	5	10	1	1	9	1	0	6	1	5	3.38434467273983	0.336214756035793	0.338588233921812	3.71405129282526	0.333941421356715	0	2.66264372182856	0.325875857798875	1.67702203143623
Bacteria	Bacteroidetes	Bacteroidia	Bacteroidales	Odoribacteraceae	Odoribacter	0	0	0	0	0	0	0	0	0	0	0	0	0	0	0	2	0	0	2	0	0	1	0	0	2	0	0	2	0	0	1	0	0	2	0	0	2	0	0	0	0	0	0	0	0	0	0	0
Bacteria	Bacteroidetes	Bacteroidia	Bacteroidales	Prevotellaceae	Paraprevotella	0	0	0	0	0	0	0	0	0	0	0	0	1	2	0	1	0	1	2	0	1	1	2	0	1	0	1	2	0	1	1	2	0	1	0	1	2	0	1	0	0	0	0	0	0	0	0	0
Bacteria	Bacteroidetes	Bacteroidia	Bacteroidales	Prevotellaceae	Prevotella	498000	498000	498000	20018.4589333535	20189.9364612644	2844.03015400416	10174.7962449282	10823.7045748967	4724.70197399359	12664.373590156	8868.21719439993	14155.4149261482	20020	20192	2840	10186	10854	4755	12669	8861	14148	20058	20229	2845	10216	10873	4765	12688	8878	14172	20045	20219	2842	10211	10870	4763	12681	8875	14164	6805.57870241253	6820.78875569813	965.99223137893	3458.45703567356	3638.62572710277	1615.39218416608	4232.2721958465	2898.99163097879	4761.73635606004
Bacteria	Bacteroidetes	Bacteroidia	Bacteroidales	Prevotellaceae	Prevotellamassilia	0	0	0	0	0	0	0	0	0	0	0	0	0	0	0	0	0	0	0	0	0	0	0	0	0	0	0	0	0	0	0	0	0	0	0	0	0	0	0	6.76868934547967	3.69836231639372	0.338588233921812	2.70112821296382	2.33758994949701	4.73325462082987	5.65811790888569	0.325875857798875	7.04349253203218
Bacteria	Bacteroidetes	Bacteroidia	Bacteroidales	Rikenellaceae	Alistipes	0	0	0	0	0	0	0	0	0	0	0	0	13	3	2	14	6	5	6	0	6	15	6	2	18	6	5	7	2	7	13	5	2	16	6	5	7	2	7	5.75338594365772	3.69836231639372	0.677176467843624	9.11630771875291	4.00729705628058	1.69044807886781	4.32679604797141	2.607006862391	4.02485287544696
Bacteria	Bacteroidetes	Bacteroidia	Bacteroidales	Tannerellaceae	Parabacteroides	0	0	0	0	0	0	0	0	0	0	0	0	2	1	0	1	0	4	6	0	4	3	1	1	1	0	4	7	0	4	2	1	0	1	0	4	6	0	4	0	0	0	0	0	0	0	0	0
Bacteria	Bacteroidetes	Bacteroidia	Bacteroidales	unassigned	Phocaeicola	0	0	0	89.2209371715297	33.3875091502215	0	77.055077994866	19.0099276489284	13.021956129572	80.4790737544488	0	48.0701760336181	51	23	0	57	14	23	54	6	26	85	41	2	83	30	32	84	13	48	67	25	1	59	16	27	62	8	35	68.3637623893447	40.3457707242951	2.7087058713745	68.2034873773366	29.7207865007477	20.6234665621873	68.5630758370854	14.0126618853516	38.2361023167461
Bacteria	Candidatus Melainabacteria	unassigned	Vampirovibrionales	unassigned	Vampirovibrio	0	0	0	0	0	0	0	0	0	0	0	0	1	3	0	0	1	1	2	0	0	1	3	0	0	1	1	2	0	0	1	3	0	0	1	1	2	0	0	0	0	0	0	0	0	0	0	0
Bacteria	Cyanobacteria	unassigned	Chroococcales	Chroococcaceae	Gloeocapsa	0	0	0	0	0	0	0	0	0	0	0	0	0	4	1	0	0	0	0	0	0	0	4	1	0	0	0	0	0	0	0	4	1	0	0	0	0	0	0	0	0	0	0	0	0	0	0	0
Bacteria	Firmicutes	Bacilli	Bacillales	Bacillaceae	Bacillus	0	0	0	343.491378115303	170.367743357249	20.0327884031578	132.016539036205	136.144447988452	133.348322433921	362.819892727612	72.0917885989721	259.398793575232	46	34	2	25	25	19	53	22	32	347	181	20	132	147	134	368	81	263	63	43	3	29	29	27	73	25	41	413.228484541534	205.427215937869	24.7169410762923	145.523282473426	153.946995245446	161.606836339763	433.678096192827	79.1878334451267	314.944737503725
Bacteria	Firmicutes	Bacilli	Bacillales	Bacillaceae	Lysinibacillus	0	0	0	0	0	0	0	0	0	0	0	0	0	0	0	2	1	0	1	1	0	0	0	0	2	1	0	1	1	0	0	0	0	2	1	0	1	1	0	0	0	0	0	0	0	0	0	0
Bacteria	Firmicutes	Bacilli	Bacillales	Listeriaceae	Listeria	0	0	0	151.775149585612	68.1228254129906	0	54.0401511563775	72.277876808141	50.0845897227799	159.20761976869	34.0442020391806	126.364503609422	22	14	3	14	11	9	15	5	28	157	69	9	54	75	54	156	31	129	152	67	9	51	71	51	155	30	126	127.928228629566	54.1305757217626	5.417411742749	36.8028719016321	58.4397487374252	42.2612019716953	126.808407252085	26.3959444817089	99.279704261025
Bacteria	Firmicutes	Bacilli	Bacillales	Staphylococcaceae	Staphylococcus	0	0	0	145.469375397418	77.9089345773057	0	59.3045137144658	63.0398803337179	53.7133137200982	157.346430060709	21.0267514729232	100.153457124694	25	15	2	15	17	14	25	7	18	148	78	9	66	64	56	158	24	102	98	60	9	43	49	42	101	18	75	153.310813675115	65.5618774269796	7.78752938020168	60.1001027384451	51.7609203102909	53.7562489079964	155.098996796514	21.5078066147258	92.2362117289929
Bacteria	Firmicutes	Bacilli	Bacillales	Thermoactinomycetaceae	Laceyella	0	0	0	413.561847452702	403.086326854937	45.1738062867868	334.506655617884	373.100271734263	187.109728260228	230.885262249334	164.899585980712	229.188478659502	320	286	35	322	312	147	217	157	180	398	365	41	376	375	185	246	184	213	396	362	40	375	373	185	246	184	209	0	0	0	0	0	0	0	0	0
Bacteria	Firmicutes	Bacilli	Lactobacillales	Enterococcaceae	Enterococcus	90	90	90	182.682098909745	76.2079247737134	14.0292406747011	84.4253616423849	76.054019367176	82.4074599830083	205.341031758873	36.0473305212714	134.187580928096	80	44	8	37	38	30	90	13	68	188	86	17	86	82	86	212	39	139	183	85	16	82	78	78	204	38	138	145.188386460539	64.5532331588722	10.834823485498	68.8787694305775	59.4415730014953	72.0130881597687	162.088436566314	32.9134616376864	100.285917479887
Bacteria	Firmicutes	Bacilli	Lactobacillales	Lactobacillaceae	Lactiplantibacillus	0	0	0	0	0	0	0	0	0	0	0	0	0	0	0	1	0	0	0	2	0	0	0	0	2	3	1	0	3	0	0	0	0	1	0	0	0	2	0	0	0	0	0	0	0	0	0	0
Bacteria	Firmicutes	Bacilli	Lactobacillales	Lactobacillaceae	Lactobacillus	0	0	0	77.0066530036406	30.0228765953422	0	19.0135787020815	19.0120267303491	21.035467593924	110.110457071327	0	34.0457238568738	76	40	2	41	34	35	85	13	47	103	57	6	54	41	46	119	18	69	87	47	4	45	35	41	102	16	53	64.9794177166048	45.7252068208678	7.11035291235806	34.1017436886683	38.0693220346655	25.0186315672436	79.8793116548568	11.7315308807595	43.9379772236293
Bacteria	Firmicutes	Bacilli	Lactobacillales	Lactobacillaceae	Limosilactobacillus	963000	963000	963000	22960.9389217665	23874.8839117617	2832.9045589403	22115.9025103596	24566.2257871941	9582.63194469705	14412.8637593433	11065.3188647412	14841.325641473	8750	9068	1083	8737	9718	3791	5076	3800	5155	22909	23821	2826	22028	24483	9510	14370	11027	14793	22879	23782	2821	21989	24441	9496	14350	11015	14786	15173.0324712945	15677.0216444369	1877.13316886253	14292.6822978715	15593.7286116732	6132.26945090087	9624.79139347979	7289.51706310304	10056.7657181168
Bacteria	Firmicutes	Bacilli	Lactobacillales	Streptococcaceae	Streptococcus	0	0	0	333.249036373777	186.050326209294	21.0438610118585	125.089333554371	138.911149748589	165.352260507827	384.60862392191	56.7629063506842	267.338373577458	314	188	20	127	135	167	372	60	268	346	208	22	134	147	177	404	65	282	317	188	20	127	136	168	375	60	269	154.326117076936	93.1314874219146	10.834823485498	55.7107693923789	68.4579913781266	74.3797154701837	184.720908201856	25.7441927661111	109.006432043355
Bacteria	Firmicutes	Clostridia	Clostridiales	Catabacteriaceae	Catabacter	0	0	0	0	0	0	0	0	0	0	0	0	0	0	0	0	0	0	2	1	0	1	0	0	0	0	1	2	1	0	0	0	0	0	0	0	2	1	0	0	0	0	0	0	0	0	0	0
Bacteria	Firmicutes	Clostridia	Clostridiales	Christensenellaceae	Christensenella	0	0	0	0	0	0	0	0	0	0	0	0	13	12	0	5	2	7	10	2	8	13	12	0	5	2	9	10	2	9	13	12	0	5	2	7	10	2	8	2.36904127091788	2.35350329225055	0	0.675282053240956	0	2.7047169261885	0.66566093045714	0	2.34783084401073
Bacteria	Firmicutes	Clostridia	Clostridiales	Clostridiaceae	Butyricicoccus	0	0	0	0	0	0	0	0	0	0	0	0	12	6	0	8	1	5	10	1	5	12	6	0	8	1	5	10	1	5	12	6	0	8	1	5	10	1	5	2.36904127091788	1.68107378017896	0	2.70112821296382	0.333941421356715	0.676179231547124	3.99396558274284	0.325875857798875	1.00621321886174
Bacteria	Firmicutes	Clostridia	Clostridiales	Clostridiaceae	Clostridium	20	20	20	0	0	0	0	0	0	0	0	0	7	3	1	2	8	2	10	1	7	21	15	2	17	16	5	28	4	19	15	7	1	7	11	2	15	2	13	8.46086168184959	6.38808036468006	0.338588233921812	7.765743612271	5.00912132035073	2.36662731041493	10.9834053525428	1.3035034311955	7.37889693831943
Bacteria	Firmicutes	Clostridia	Clostridiales	Clostridiaceae	Hungatella	0	0	0	0	0	0	0	0	0	20.268761441344	0	0	16	7	2	7	7	5	20	8	13	20	10	2	9	10	6	24	9	15	16	7	2	7	7	5	20	8	13	11.1683374200415	5.71565085260847	0.677176467843624	5.06461539930717	4.67517989899401	5.07134423660343	11.3162358177714	3.58463443578763	7.37889693831943
Bacteria	Firmicutes	Clostridia	Clostridiales	Clostridiaceae	Lactonifactor	0	0	0	0	0	0	0	0	0	0	0	0	1	0	0	5	0	2	3	0	1	1	0	0	5	0	2	3	0	1	1	0	0	5	0	2	3	0	1	0	0	0	0	0	0	0	0	0
Bacteria	Firmicutes	Clostridia	Clostridiales	Clostridiales Family XIII. Incertae Sedis	Aminipila	0	0	0	0	0	0	0	0	0	0	0	0	0	2	0	0	0	1	2	1	1	0	2	0	1	0	1	2	1	1	0	2	0	0	0	1	2	1	1	0	0	0	0	0	0	0	0	0
Bacteria	Firmicutes	Clostridia	Clostridiales	Clostridiales Family XIII. Incertae Sedis	Emergencia	0	0	0	36.0285282502515	11.0151775799139	0	18.0128640267187	14.7230450540809	13.0219584338349	38.0396837763886	0	22.4455898870105	13	3	0	7	4	4	13	2	2	13	3	0	7	4	4	13	2	2	13	3	0	7	4	4	13	2	2	5.07651700910975	1.00864426810738	0	2.70112821296382	1.33576568542686	1.69044807886781	4.65962651319998	0.65175171559775	1.67702203143623
Bacteria	Firmicutes	Clostridia	Clostridiales	Clostridiales Family XIII. Incertae Sedis	Ihubacter	0	0	0	0	0	0	0	0	0	0	0	0	21	5	0	12	10	10	19	1	18	21	5	0	12	10	10	19	1	18	21	5	0	12	10	10	19	1	18	0	0	0	0	0	0	0	0	0
Bacteria	Firmicutes	Clostridia	Clostridiales	Clostridiales Family XIII. Incertae Sedis	unassigned	0	0	0	28.0179168930203	18.0069364622079	0	0	12.0075959148123	12.0202648922652	30.0470222649335	0	31.6270303561689	34	22	1	10	14	15	36	6	33	34	23	1	11	14	16	37	6	34	34	22	1	10	14	15	36	6	33	11.1683374200415	7.73293938882323	0.677176467843624	3.71405129282526	5.00912132035073	6.08561308392412	12.9803881439142	2.28113100459213	12.0745586263409
Bacteria	Firmicutes	Clostridia	Clostridiales	Eubacteriaceae	Eubacterium	0	0	0	10.0072570536362	0	0	0	0	0	14.164047786828	0	0	25	20	1	13	15	14	31	3	24	28	29	3	23	18	16	35	6	27	26	20	1	13	15	14	32	3	24	7.78399274730162	7.39672463278744	1.01576470176544	7.09046155903004	4.00729705628058	4.39516500505631	9.65208349162853	0.977627573396626	6.03727931317044
Bacteria	Firmicutes	Clostridia	Clostridiales	Hungateiclostridiaceae	Hungateiclostridium	0	0	0	14.7182724607456	0	0	0	0	0	0	0	17.3416129461507	10	5	1	4	3	3	3	2	4	14	5	1	4	5	3	9	2	5	10	5	1	4	3	3	4	2	4	2.0306068036439	1.34485902414317	0.338588233921812	1.68820513310239	0.333941421356715	0.676179231547124	2.66264372182856	0.65175171559775	1.00621321886174
Bacteria	Firmicutes	Clostridia	Clostridiales	Hungateiclostridiaceae	Ruminiclostridium	0	0	0	0	0	0	0	0	0	0	0	0	1	1	0	0	0	0	1	0	0	2	1	0	1	0	0	1	0	0	1	1	0	0	0	0	1	0	0	0	0	0	0	0	0	0	0	0
Bacteria	Firmicutes	Clostridia	Clostridiales	Lachnospiraceae	Anaerobutyricum	0	0	0	47.0560045967451	26.9919647580815	0	32.4461656833733	12.8465825587158	24.7837277104074	45.7028946665304	14.0178708836978	30.2798014615463	42	28	1	27	11	21	37	10	25	48	33	4	35	13	24	48	14	30	48	31	4	34	12	24	46	14	30	24.7057161110008	14.4572345095391	5.07882350882718	22.2843077569516	9.01641837663131	12.1712261678482	28.9562504748856	8.14689644497188	16.0994115017878
Bacteria	Firmicutes	Clostridia	Clostridiales	Lachnospiraceae	Anaerocolumna	0	0	0	0	0	0	0	0	0	0	0	0	1	2	0	0	1	0	0	1	1	2	3	0	0	2	1	2	1	1	1	2	0	0	1	0	0	1	1	0	0	0	0	0	0	0	0	0
Bacteria	Firmicutes	Clostridia	Clostridiales	Lachnospiraceae	Anaerostipes	0	0	0	45.7630800563859	31.4490015134582	0	19.0138111238981	22.0139287144601	20.7070525984593	42.1433355109577	0	44.8402006088574	28	19	3	15	11	13	24	9	28	39	26	5	19	21	18	37	9	40	39	26	5	18	20	18	36	9	39	31.8128399237544	21.5177443862907	4.40164704098356	13.1680000381986	21.0383095454731	13.861674246716	33.9487074533141	3.58463443578763	30.5218009721395
Bacteria	Firmicutes	Clostridia	Clostridiales	Lachnospiraceae	Anaerotignum	0	0	0	0	0	0	0	0	0	14.0178695748986	0	0	15	8	1	5	9	5	19	1	13	15	8	1	5	9	5	21	2	13	15	8	1	5	9	5	20	1	13	3.72277914001382	2.35350329225055	0	1.35056410648191	2.33758994949701	1.35235846309425	5.32528744365712	1.62937928899438	2.68323525029797
Bacteria	Firmicutes	Clostridia	Clostridiales	Lachnospiraceae	Bariatricus	0	0	0	0	0	0	0	0	0	0	0	0	2	2	0	0	2	0	1	0	2	2	2	0	0	2	0	1	0	2	2	2	0	0	2	0	1	0	2	2.36904127091788	2.01728853621476	0	2.02584615972287	2.33758994949701	0	3.99396558274284	0	1.34161762514899
Bacteria	Firmicutes	Clostridia	Clostridiales	Lachnospiraceae	Blautia	0	0	0	869.166742672309	462.295487022706	43.093227675822	479.325472119224	383.702039448246	366.995207288677	978.828404268821	139.208570758825	702.372611743317	852	442	50	469	395	360	873	153	660	918	497	54	522	439	386	972	172	721	857	446	50	473	396	361	877	156	665	433.872987045247	272.333952388992	32.504470456494	282.60553928134	232.089287842917	185.273109443912	494.918901794884	90.2676126102884	346.808156101013
Bacteria	Firmicutes	Clostridia	Clostridiales	Lachnospiraceae	Butyrivibrio	0	0	0	0	0	0	0	0	0	0	0	0	2	1	0	2	1	2	2	0	2	3	1	0	3	1	3	3	0	4	2	1	0	2	1	2	2	0	2	0	0	0	0	0	0	0	0	0
Bacteria	Firmicutes	Clostridia	Clostridiales	Lachnospiraceae	Coprococcus	0	0	0	16.9847123282296	0	0	0	0	0	0	0	0	14	5	0	3	2	3	3	2	9	14	5	0	3	2	3	3	2	11	14	5	0	3	2	3	3	2	10	5.41495147638374	2.01728853621476	0	1.35056410648191	1.66970710678358	1.35235846309425	2.66264372182856	1.3035034311955	3.01863965658522
Bacteria	Firmicutes	Clostridia	Clostridiales	Lachnospiraceae	Cuneatibacter	0	0	0	21.0565059551841	0	0	0	0	0	21.0654700195351	0	13.0172909671339	19	11	0	7	7	10	20	2	13	19	11	0	7	7	10	20	2	13	19	11	0	7	7	10	20	2	13	6.43025487820569	3.69836231639372	0.338588233921812	3.0387692395843	2.33758994949701	3.71898577350918	6.98943976979997	0.65175171559775	4.69566168802145
Bacteria	Firmicutes	Clostridia	Clostridiales	Lachnospiraceae	Dorea	0	0	0	53.0497233341298	27.0205911473734	0	27.0346300016737	13.0082399756024	16.8559164869574	55.0689413614294	0	35.0470686759183	51	26	2	23	16	14	58	7	41	51	27	2	26	16	14	58	7	42	51	26	2	23	16	14	58	7	41	19.2907646346171	10.4226574371096	1.35435293568725	9.45394874537339	6.01094558442088	4.73325462082987	19.6369974484856	2.28113100459213	14.7577938766389
Bacteria	Firmicutes	Clostridia	Clostridiales	Lachnospiraceae	Eisenbergiella	0	0	0	0	0	0	0	0	0	0	0	0	5	2	0	5	1	4	9	1	5	5	2	0	5	1	4	9	1	5	5	2	0	5	1	4	9	1	5	2.0306068036439	1.34485902414317	0	1.68820513310239	0.667882842713431	1.35235846309425	3.99396558274284	0.325875857798875	2.34783084401073
Bacteria	Firmicutes	Clostridia	Clostridiales	Lachnospiraceae	Enterocloster	0	0	0	31.1598180105901	0	0	0	26.016464863322	0	33.8650459886427	0	28.6622806394036	11	8	0	6	10	6	9	7	7	17	10	2	6	13	11	15	7	12	11	8	0	6	10	6	9	7	7	8.79929614912357	4.3707918284653	2.37011763745269	5.40225642592765	7.68065269120445	6.42370269969768	13.3132186091428	2.28113100459213	9.39132337604291
Bacteria	Firmicutes	Clostridia	Clostridiales	Lachnospiraceae	Faecalicatena	0	0	0	19.841827014589	0	0	0	0	0	0	0	0	19	15	0	11	10	6	28	2	17	35	25	0	17	20	12	37	3	26	19	15	0	11	10	6	28	2	17	27.0747573819187	14.4572345095391	0.338588233921812	16.2067692777829	17.3649539105492	9.8045988574333	22.6324716355428	2.28113100459213	19.7888599709476
Bacteria	Firmicutes	Clostridia	Clostridiales	Lachnospiraceae	Faecalimonas	0	0	0	36.5728140851408	23.1938745277991	0	20.7919920957778	0	24.1128340588177	41.8583993387774	0	25.4061992087017	39	20	1	12	9	11	34	5	25	39	20	1	12	9	11	35	5	25	39	20	1	12	9	11	34	5	25	17.5985922982471	7.73293938882323	0.677176467843624	8.10338463889147	5.67700416306416	6.08561308392412	16.3086927961999	2.607006862391	12.4099630326281
Bacteria	Firmicutes	Clostridia	Clostridiales	Lachnospiraceae	Frisingicoccus	0	0	0	16.0218417899171	0	0	0	0	0	14.0519060043013	0	0	16	6	0	2	7	4	10	5	8	17	7	0	2	7	4	10	5	8	17	6	0	2	7	4	10	5	8	7.10712381275365	3.02593280432213	0	2.36348718634335	2.67153137085372	2.02853769464137	3.66113511751427	1.62937928899438	3.35404406287247
Bacteria	Firmicutes	Clostridia	Clostridiales	Lachnospiraceae	Fusicatenibacter	0	0	0	41.8580569468339	38.5436722794893	0	26.3928872014606	20.6055988654918	21.0354726648038	74.0920461401069	0	39.1557796978844	40	34	1	24	22	20	73	8	37	40	34	1	24	23	20	73	8	37	40	34	1	24	23	20	73	8	37	14.5526820927813	12.7761607293601	0.677176467843624	10.1292307986143	9.68430121934474	8.45224039433905	26.293606753057	2.93288272018988	14.4223894703516
Bacteria	Firmicutes	Clostridia	Clostridiales	Lachnospiraceae	Kineothrix	0	0	0	0	0	0	0	0	0	0	0	0	2	0	0	1	0	0	1	0	0	3	1	0	2	0	0	1	0	2	2	0	0	1	0	0	1	0	0	0	0	0	0	0	0	0	0	0
Bacteria	Firmicutes	Clostridia	Clostridiales	Lachnospiraceae	Lachnobacterium	0	0	0	0	0	0	0	0	0	0	0	0	2	0	0	0	0	0	1	0	0	2	0	0	0	1	1	3	0	0	2	0	0	0	0	0	1	0	0	0	0	0	0	0	0	0	0	0
Bacteria	Firmicutes	Clostridia	Clostridiales	Lachnospiraceae	Lachnoclostridium	0	0	0	0	0	0	0	0	0	0	0	0	10	8	0	4	9	4	14	2	11	13	9	0	5	10	4	15	3	13	10	8	0	4	9	4	14	2	11	4.0612136072878	3.36214756035793	0	3.37641026620478	5.67700416306416	3.04280654196206	1.66415232614285	1.95525514679325	1.67702203143623
Bacteria	Firmicutes	Clostridia	Clostridiales	Lachnospiraceae	Lachnospira	0	0	0	53.9369829029227	23.6578417265988	0	26.4389253087223	23.7121346185745	27.3862530594996	46.2193650052238	0	42.2071497646081	41	17	2	22	13	20	35	9	32	68	24	2	34	25	28	68	13	49	53	20	2	27	22	23	49	12	40	0	0	0	0	0	0	0	0	0
Bacteria	Firmicutes	Clostridia	Clostridiales	Lachnospiraceae	Lacrimispora	0	0	0	45.7203088228484	0	0	0	0	0	23.6864435119656	0	28.8142062888205	35	17	4	13	18	16	29	7	24	66	34	6	36	40	32	42	19	37	35	17	4	13	18	16	29	7	24	60.2413351747691	33.9576903596151	3.38588233921812	25.3230769965359	29.3868450793909	19.9472873306402	30.953233266257	13.3609101697539	30.1863965658522
Bacteria	Firmicutes	Clostridia	Clostridiales	Lachnospiraceae	Mediterraneibacter	0	0	0	66.0111045416182	29.3795792670384	0	32.2782890164542	34.6476847670201	52.697592522028	104.723864642903	0	70.1065318837161	58	28	6	24	26	30	73	7	43	86	42	10	43	42	35	107	7	56	68	34	9	32	30	32	96	7	51	61.595073043865	31.6041870673645	6.77176467843624	36.8028719016321	36.7335563492387	24.68054195147	71.225719558914	8.79864816056963	39.9131243481824
Bacteria	Firmicutes	Clostridia	Clostridiales	Lachnospiraceae	Merdimonas	0	0	0	0	0	0	0	0	0	0	0	0	0	0	0	2	1	0	1	0	1	0	0	0	2	1	0	1	0	1	0	0	0	2	1	0	1	0	1	0	0	0	0	0	0	0	0	0
Bacteria	Firmicutes	Clostridia	Clostridiales	Lachnospiraceae	Murimonas	0	0	0	0	0	0	0	0	0	0	0	0	4	3	0	2	2	0	7	2	2	4	3	0	2	2	0	7	2	2	4	3	0	2	2	0	7	2	2	0	0	0	0	0	0	0	0	0
Bacteria	Firmicutes	Clostridia	Clostridiales	Lachnospiraceae	Robinsoniella	0	0	0	0	0	0	0	0	0	0	0	0	0	0	1	1	0	1	2	0	0	0	0	1	1	1	2	2	1	0	0	0	1	1	0	1	2	0	0	0	0	0	0	0	0	0	0	0
Bacteria	Firmicutes	Clostridia	Clostridiales	Lachnospiraceae	Roseburia	989000	989000	989000	33315.9589622402	37051.8695228482	4020.37952628446	29657.5369664355	34147.5132314214	12521.2076195516	18354.0529295694	13996.3262910998	17994.7665149956	12688	14556	1493	10774	12250	4678	5881	4426	5839	14001	15961	1660	11871	13462	5163	6611	5026	6510	13994	15956	1660	11867	13457	5160	6610	5024	6508	46806.5021273937	50968.812156002	5712.66068272882	42777.7675087081	49069.3524541557	17799.4040016307	27194.2459919655	20309.8869614571	26697.184527246
Bacteria	Firmicutes	Clostridia	Clostridiales	Lachnospiraceae	Sellimonas	0	0	0	0	0	0	0	0	0	0	0	0	1	0	0	0	1	0	1	0	1	1	0	0	0	1	0	1	0	1	1	0	0	0	1	0	1	0	1	0	0	0	0	0	0	0	0	0
Bacteria	Firmicutes	Clostridia	Clostridiales	Lachnospiraceae	Shuttleworthia	0	0	0	0	0	0	0	0	0	0	0	0	0	0	0	0	0	0	0	0	0	0	0	0	0	0	0	0	0	0	0	0	0	0	0	0	0	0	0	10.4914684854935	6.05186560864427	0	7.09046155903004	9.68430121934474	3.71898577350918	3.3283046522857	3.9105102935865	4.02485287544696
Bacteria	Firmicutes	Clostridia	Clostridiales	Lachnospiraceae	Syntrophococcus	0	0	0	0	0	0	0	0	0	0	0	0	3	1	0	0	0	0	0	1	1	3	1	0	0	0	0	0	1	1	3	1	0	0	0	0	0	1	1	0	0	0	0	0	0	0	0	0
Bacteria	Firmicutes	Clostridia	Clostridiales	Lachnospiraceae	Tyzzerella	0	0	0	0	0	0	0	0	0	21.4115441501521	0	0	14	12	2	10	6	10	33	4	15	14	12	2	11	8	10	41	4	17	14	12	2	11	6	10	33	4	15	4.0612136072878	3.69836231639372	1.01576470176544	3.71405129282526	2.00364852814029	3.38089615773562	11.649066283	0.977627573396626	5.36647050059595
Bacteria	Firmicutes	Clostridia	Clostridiales	Lachnospiraceae	unassigned	0	0	0	78.8435281574595	41.8662341857911	0	41.5108772910784	32.0933379955206	42.9211773146335	79.3326674051319	0	57.3196556153966	56	17	4	23	29	26	39	9	34	75	37	6	41	40	34	76	13	55	72	32	6	39	35	34	75	13	55	41.6274394747	26.8971804828634	3.38588233921812	24.9854359699154	22.0401338095432	18.9330184833195	45.5977737363141	10.7539033073629	33.2050362224374
Bacteria	Firmicutes	Clostridia	Clostridiales	Oscillospiraceae	Dysosmobacter	0	0	0	0	0	0	0	0	0	34.0426209483659	0	0	10	4	0	7	7	6	13	1	5	10	6	0	8	7	6	15	1	5	10	5	0	7	7	6	13	1	5	9.47616508367154	4.7070065845011	0.338588233921812	4.05169231944574	5.34306274170744	5.40943385237699	9.65208349162853	0.65175171559775	5.0310660943087
Bacteria	Firmicutes	Clostridia	Clostridiales	Oscillospiraceae	Oscillibacter	0	0	0	26.9951762397729	0	0	0	0	0	0	0	0	4	2	0	2	4	2	10	1	6	11	7	0	5	8	7	18	2	13	5	2	0	2	4	2	10	1	6	19.2907646346171	9.41401316900219	0.338588233921812	6.41517950578908	10.0182426407015	9.46650924165974	18.3056755875714	1.3035034311955	14.0869850640644
Bacteria	Firmicutes	Clostridia	Clostridiales	Peptococcaceae	Peptococcus	0	0	0	0	0	0	0	0	0	12.0150417519217	0	0	4	4	1	3	5	5	11	2	5	4	4	1	3	5	5	12	2	6	4	4	1	3	5	5	11	2	5	0.338434467273983	1.34485902414317	0.338588233921812	0.675282053240956	1.33576568542686	2.02853769464137	3.66113511751427	0.65175171559775	2.01242643772348
Bacteria	Firmicutes	Clostridia	Clostridiales	Peptostreptococcaceae	Clostridioides	262000	262000	262000	27878.257018632	26639.9414642214	3475.95729092388	24133.7612503164	23277.9118738035	10927.037152838	14791.9168416783	9653.82803601484	15234.9039404519	14706	13983	1722	13267	12866	6089	7573	4886	7940	27804	26557	3461	24006	23199	10825	14738	9624	15186	27790	26545	3460	23984	23180	10811	14726	9617	15180	17062.1736676179	16250.94023299	2170.01199120489	14030.672861214	13453.1641007766	6273.59091029422	8954.80366697468	5746.49487642536	9251.79514302741
Bacteria	Firmicutes	Clostridia	Clostridiales	Peptostreptococcaceae	Intestinibacter	0	0	0	0	0	0	0	0	0	0	0	0	0	0	0	2	0	1	1	0	4	0	0	0	2	0	1	1	0	4	0	0	0	2	0	1	1	0	4	0	0	0	0	0	0	0	0	0
Bacteria	Firmicutes	Clostridia	Clostridiales	Peptostreptococcaceae	Peptacetobacter	0	0	0	372.764014262584	178.226731346456	18.0375951530216	143.887216951392	148.380135178278	163.254818510782	404.390279736665	66.0885915630027	305.996953564064	216	108	9	93	85	95	237	40	178	369	178	15	133	142	158	402	67	305	365	175	15	131	140	158	398	65	302	292.407379724722	134.822117170353	12.8663528890289	93.8642054004929	109.198844783646	132.193039767463	303.874214753684	51.1625096744234	246.186834214839
Bacteria	Firmicutes	Clostridia	Clostridiales	Peptostreptococcaceae	Romboutsia	0	0	0	14.0101598750907	0	0	0	0	0	16.0200556692289	0	14.0248424823083	14	10	0	9	6	9	16	3	14	14	10	0	9	6	9	16	3	14	14	10	0	9	6	9	16	3	14	4.73808254183577	3.69836231639372	0	3.0387692395843	2.33758994949701	3.04280654196206	5.65811790888569	0.977627573396626	4.69566168802145
Bacteria	Firmicutes	Clostridia	Clostridiales	Peptostreptococcaceae	Terrisporobacter	0	0	0	0	0	0	0	0	0	0	0	0	0	0	1	0	1	1	2	0	0	1	0	1	0	2	1	2	0	0	0	0	1	0	1	1	2	0	0	0	0	0	0	0	0	0	0	0
Bacteria	Firmicutes	Clostridia	Clostridiales	Ruminococcaceae	Acetivibrio	0	0	0	0	0	0	0	0	0	0	0	0	2	1	0	0	0	0	1	0	0	2	1	0	0	0	0	1	0	0	2	1	0	0	0	0	1	0	0	0	0	0	0	0	0	0	0	0
Bacteria	Firmicutes	Clostridia	Clostridiales	Ruminococcaceae	Agathobaculum	0	0	0	16.8333846490802	12.0091506136906	0	0	0	0	20.0250695865362	0	0	8	4	1	7	5	3	7	0	2	8	4	1	7	5	3	7	0	2	8	4	1	7	5	3	7	0	2	3.04591020546585	1.68107378017896	0.338588233921812	2.36348718634335	1.66970710678358	1.01426884732069	2.99547418705713	0	1.00621321886174
Bacteria	Firmicutes	Clostridia	Clostridiales	Ruminococcaceae	Anaerofilum	0	0	0	0	0	0	0	0	0	0	0	0	2	2	0	0	1	0	0	1	0	2	2	0	0	1	0	0	1	0	2	2	0	0	1	0	0	1	0	0	0	0	0	0	0	0	0	0
Bacteria	Firmicutes	Clostridia	Clostridiales	Ruminococcaceae	Anaeromassilibacillus	0	0	0	0	0	0	0	0	0	0	0	0	6	3	1	5	11	4	8	1	9	6	3	1	5	11	4	9	1	9	6	3	1	5	11	4	9	1	9	2.0306068036439	1.34485902414317	0.677176467843624	2.02584615972287	3.67335563492387	1.35235846309425	3.66113511751427	0.65175171559775	3.35404406287247
Bacteria	Firmicutes	Clostridia	Clostridiales	Ruminococcaceae	Anaerotruncus	0	0	0	0	0	0	0	0	0	0	0	0	4	2	0	4	1	3	2	1	5	4	2	0	4	1	3	2	1	5	4	2	0	4	1	3	2	1	5	0	0	0	0	0	0	0	0	0
Bacteria	Firmicutes	Clostridia	Clostridiales	Ruminococcaceae	Caproiciproducens	0	0	0	0	0	0	0	0	0	0	0	0	1	3	0	1	1	3	7	0	4	1	3	0	1	1	3	7	0	4	1	3	0	1	1	3	7	0	4	0	0	0	0	0	0	0	0	0
Bacteria	Firmicutes	Clostridia	Clostridiales	Ruminococcaceae	Faecalibacterium	1763000	1763000	1763000	102113.390783178	100114.543405063	12613.5635205805	97661.969137295	98722.1603436695	41813.1100892149	55405.4283315649	37507.6697448985	56592.3986358299	70014	68846	8456	66864	67360	28248	38012	25590	38675	121273	121039	14927	115302	119291	49121	67014	46368	67927	101956	99976	12573	97485	98576	41734	55302	37420	56475	87562.4728488632	84950.7099780517	11037.2992493832	83438.5257805058	83754.8460662137	36174.2365293081	46525.3722429061	31048.1482276456	48209.0169332911
Bacteria	Firmicutes	Clostridia	Clostridiales	Ruminococcaceae	Flavonifractor	0	0	0	0	0	0	0	0	0	0	0	0	6	5	1	3	5	0	4	3	5	7	7	1	3	7	2	5	3	7	6	5	1	3	5	0	4	3	5	5.07651700910975	3.36214756035793	0.338588233921812	1.01292307986143	3.00547279221044	2.7047169261885	3.99396558274284	0.977627573396626	5.36647050059595
Bacteria	Firmicutes	Clostridia	Clostridiales	Ruminococcaceae	Fournierella	0	0	0	13.4460441051929	0	0	0	0	0	0	0	0	9	5	0	0	4	5	9	2	8	9	5	0	0	4	5	9	2	8	9	5	0	0	4	5	9	2	8	5.07651700910975	2.68971804828634	0.338588233921812	1.35056410648191	2.33758994949701	2.7047169261885	3.66113511751427	0.977627573396626	3.35404406287247
Bacteria	Firmicutes	Clostridia	Clostridiales	Ruminococcaceae	Gemmiger	0	0	0	33.816072816204	30.0240974807892	0	19.0757114859708	24.1387894439586	20.0338234985337	28.6199424976921	0	27.0762128587818	43	24	1	22	19	20	33	6	37	43	24	1	23	20	20	33	6	38	43	24	1	23	19	20	33	6	37	16.9217233636992	11.4313017052169	0.338588233921812	9.11630771875291	10.0182426407015	7.0998819312448	12.3147272134571	4.23638615138538	14.7577938766389
Bacteria	Firmicutes	Clostridia	Clostridiales	Ruminococcaceae	Harryflintia	0	0	0	0	0	0	0	0	0	0	0	0	1	1	0	1	0	0	1	0	0	1	1	0	1	0	0	1	0	0	1	1	0	1	0	0	1	0	0	0	0	0	0	0	0	0	0	0
Bacteria	Firmicutes	Clostridia	Clostridiales	Ruminococcaceae	Hydrogenoanaerobacterium	0	0	0	21.0064044487996	12.9573931209869	0	0	18.1090981152307	0	0	0	0	11	7	2	16	18	4	6	6	3	11	7	2	16	18	4	6	6	3	11	7	2	16	18	4	6	6	3	0	0	0	0	0	0	0	0	0
Bacteria	Firmicutes	Clostridia	Clostridiales	Ruminococcaceae	Negativibacillus	0	0	0	0	0	0	0	0	0	13.3718802118159	0	0	10	6	0	3	3	1	12	0	3	10	6	0	3	3	1	12	0	3	10	6	0	3	3	1	12	0	3	4.73808254183577	3.02593280432213	0	1.68820513310239	2.00364852814029	0.676179231547124	3.99396558274284	0	2.01242643772348
Bacteria	Firmicutes	Clostridia	Clostridiales	Ruminococcaceae	Neglecta	0	0	0	0	0	0	0	0	0	0	0	0	2	3	0	6	1	1	5	0	6	2	3	0	6	1	1	5	0	6	2	3	0	6	1	1	5	0	6	0	0	0	0	0	0	0	0	0
Bacteria	Firmicutes	Clostridia	Clostridiales	Ruminococcaceae	Paludicola	0	0	0	0	0	0	0	0	0	0	0	0	0	0	0	2	1	1	0	1	0	0	0	0	2	1	1	0	1	0	0	0	0	2	1	1	0	1	0	0	0	0	0	0	0	0	0	0
Bacteria	Firmicutes	Clostridia	Clostridiales	Ruminococcaceae	Papillibacter	0	0	0	0	0	0	0	0	0	0	0	0	1	3	0	1	1	0	2	0	0	7	4	0	2	2	2	3	0	1	1	3	0	1	1	0	2	0	0	0	0	0	0	0	0	0	0	0
Bacteria	Firmicutes	Clostridia	Clostridiales	Ruminococcaceae	Phocea	0	0	0	0	0	0	0	0	0	0	0	0	7	2	1	1	1	2	3	0	4	7	2	1	1	1	2	3	0	4	7	2	1	1	1	2	3	0	4	4.39964807456179	1.68107378017896	1.01576470176544	1.01292307986143	1.00182426407015	1.35235846309425	0.99849139568571	0.325875857798875	1.67702203143623
Bacteria	Firmicutes	Clostridia	Clostridiales	Ruminococcaceae	Pseudoflavonifractor	0	0	0	0	0	0	0	0	0	0	0	0	2	1	0	3	0	1	2	1	2	3	1	0	3	0	1	3	1	2	2	1	0	3	0	1	2	1	2	0	0	0	0	0	0	0	0	0
Bacteria	Firmicutes	Clostridia	Clostridiales	Ruminococcaceae	Ruminococcus	0	0	0	105.838296855192	48.4084681147898	0	48.0342496874574	36.9862426817309	38.0648284044284	144.844437643253	11.0142260867683	93.2794479024386	105	56	6	62	47	46	128	17	79	121	66	8	67	54	56	152	19	100	118	64	7	67	52	54	148	18	98	47.3808254183577	26.2247509707918	4.40164704098356	24.9854359699154	20.0364852814029	25.3567211830172	56.5811790888569	6.5175171559775	41.5901463796186
Bacteria	Firmicutes	Clostridia	Clostridiales	Ruminococcaceae	Ruthenibacterium	0	0	0	0	0	0	0	0	0	0	0	0	3	5	1	1	2	6	7	0	5	3	5	1	1	2	6	7	0	5	3	5	1	1	2	6	7	0	5	2.70747573819187	2.68971804828634	0.677176467843624	2.02584615972287	1.00182426407015	3.04280654196206	2.32981325659999	0.65175171559775	1.67702203143623
Bacteria	Firmicutes	Clostridia	Clostridiales	Ruminococcaceae	Sporobacter	0	0	0	0	0	0	0	0	0	0	0	0	10	3	0	4	3	3	6	1	2	11	3	0	4	3	4	9	2	2	10	3	0	4	3	3	6	1	2	4.0612136072878	1.00864426810738	0	1.35056410648191	1.00182426407015	1.35235846309425	2.99547418705713	0.65175171559775	0.670808812574493
Bacteria	Firmicutes	Clostridia	Clostridiales	Ruminococcaceae	Subdoligranulum	0	0	0	15.555921676576	0	0	0	0	0	14.4351315545436	0	15.6917666533715	5	2	0	4	3	0	0	1	2	5	3	0	4	4	0	1	1	3	5	2	0	4	3	0	0	1	2	2.0306068036439	1.68107378017896	0	2.02584615972287	2.33758994949701	0.338089615773562	0.33283046522857	0.65175171559775	1.34161762514899
Bacteria	Firmicutes	Clostridia	Clostridiales	Ruminococcaceae	unassigned	0	0	0	33.8040668055542	28.0227886160069	0	14.0138329776008	23.09880597488	14.2861805862465	48.0619517764567	0	30.2247206019654	44	32	1	17	27	18	58	7	36	46	32	1	19	28	18	61	7	38	44	32	1	18	27	18	58	7	36	17.5985922982471	11.7675164612527	0.677176467843624	10.1292307986143	11.0200669047716	7.77606116279193	18.6385060527999	2.93288272018988	12.4099630326281
Bacteria	Firmicutes	Clostridia	Clostridiales	unassigned	Colidextribacter	0	0	0	0	0	0	0	0	0	0	0	0	2	0	0	1	1	0	2	0	0	2	0	0	1	1	0	2	0	0	2	0	0	1	1	0	2	0	0	0	0	0	0	0	0	0	0	0
Bacteria	Firmicutes	Clostridia	Clostridiales	unassigned	Flintibacter	0	0	0	0	0	0	0	0	0	0	0	0	2	5	0	0	1	1	4	0	1	2	5	0	0	1	1	4	0	1	2	5	0	0	1	1	4	0	1	4.39964807456179	3.02593280432213	0	0.675282053240956	2.33758994949701	2.36662731041493	4.32679604797141	0	3.01863965658522
Bacteria	Firmicutes	Clostridia	Clostridiales	unassigned	Intestinimonas	0	0	0	0	0	0	0	0	0	0	0	0	0	1	0	0	1	1	0	0	1	0	1	0	0	1	1	0	0	1	0	1	0	0	1	1	0	0	1	0	0	0	0	0	0	0	0	0
Bacteria	Firmicutes	Clostridia	Clostridiales	unassigned	Massilistercora	0	0	0	0	0	0	0	0	0	0	0	0	2	0	0	2	0	0	0	0	1	2	0	0	2	0	0	0	0	1	2	0	0	2	0	0	0	0	1	5.41495147638374	2.68971804828634	0	2.70112821296382	0	2.36662731041493	1.66415232614285	0.977627573396626	3.68944846915971
Bacteria	Firmicutes	Clostridia	Clostridiales	unassigned	Monoglobus	0	0	0	15.3034987001633	0	0	14.9576828892376	0	0	19.0238161073049	0	13.7000984149883	24	16	4	16	17	11	18	6	27	25	17	4	16	17	11	18	6	28	25	16	4	16	17	11	18	6	28	10.4914684854935	6.72429512071585	1.35435293568725	6.07753847916861	6.01094558442087	4.73325462082987	6.98943976979997	2.607006862391	10.7329410011919
Bacteria	Firmicutes	Clostridia	Clostridiales	unassigned	unassigned	0	0	0	0	0	0	0	0	0	0	0	0	4	1	0	1	0	3	1	1	1	4	1	0	1	0	3	2	1	1	4	1	0	1	0	3	1	1	1	3.72277914001382	2.01728853621476	0.338588233921812	1.35056410648191	2.00364852814029	3.04280654196206	3.99396558274284	0.325875857798875	2.68323525029797
Bacteria	Firmicutes	Clostridia	Clostridiales	Vallitaleaceae	Vallitalea	0	0	0	0	0	0	0	0	0	0	0	0	3	0	0	1	1	0	1	0	0	3	0	0	1	1	0	1	0	0	3	0	0	1	1	0	1	0	0	0	0	0	0	0	0	0	0	0
Bacteria	Firmicutes	Erysipelotrichia	Erysipelotrichales	Erysipelotrichaceae	Allobaculum	0	0	0	0	0	0	0	0	0	0	0	0	2	2	0	2	3	7	5	0	2	2	2	0	2	3	7	5	0	2	2	2	0	2	3	7	5	0	2	0	0	0	0	0	0	0	0	0
Bacteria	Firmicutes	Erysipelotrichia	Erysipelotrichales	Erysipelotrichaceae	Amedibacillus	0	0	0	0	0	0	0	0	0	0	0	0	0	0	0	0	0	1	3	0	2	0	0	0	0	0	1	3	0	2	0	0	0	0	0	1	3	0	2	0	0	0	0	0	0	0	0	0
Bacteria	Firmicutes	Erysipelotrichia	Erysipelotrichales	Erysipelotrichaceae	Erysipelatoclostridium	0	0	0	0	0	0	0	0	0	0	0	0	3	2	0	1	2	0	1	0	2	3	2	0	1	2	0	1	0	2	3	2	0	1	2	0	1	0	2	0	0	0	0	0	0	0	0	0
Bacteria	Firmicutes	Erysipelotrichia	Erysipelotrichales	Erysipelotrichaceae	Holdemanella	0	0	0	0	0	0	0	0	0	0	0	0	1	2	0	1	0	0	0	0	0	1	2	0	1	0	0	0	0	0	1	2	0	1	0	0	0	0	0	0	0	0	0	0	0	0	0	0
Bacteria	Firmicutes	Erysipelotrichia	Erysipelotrichales	Erysipelotrichaceae	Longibaculum	0	0	0	0	0	0	0	0	0	0	0	0	0	0	0	0	0	0	0	0	0	0	0	0	0	0	0	0	0	0	0	0	0	0	0	0	0	0	0	3.04591020546585	4.03457707242951	1.01576470176544	4.38933334606622	2.33758994949701	1.35235846309425	7.65510070025711	0.325875857798875	3.35404406287247
Bacteria	Firmicutes	Erysipelotrichia	Erysipelotrichales	Erysipelotrichaceae	unassigned	0	0	0	11.0079827589998	0	0	0	0	0	14.0175487175775	0	0	5	1	0	1	2	3	2	0	1	5	1	0	2	2	3	2	0	1	5	1	0	1	2	3	2	0	1	5.07651700910975	5.71565085260847	0.677176467843624	7.09046155903004	3.67335563492387	2.7047169261885	8.98642256117139	0.65175171559775	4.36025728173421
Bacteria	Firmicutes	Negativicutes	Acidaminococcales	Acidaminococcaceae	Phascolarctobacterium	0	0	0	72.0522994195071	41.0228371874839	0	37.0257618704111	32.0203895257542	27.3816574441425	78.0078236366955	0	47.0632063582135	63	36	1	33	32	21	58	8	43	74	46	2	40	35	27	79	8	48	63	36	1	33	32	21	60	8	43	36.2124879983162	22.8626034104339	1.69294116960906	19.5831795439877	14.3594811183388	14.8759430940367	44.5992823406284	2.607006862391	19.7888599709476
Bacteria	Firmicutes	Negativicutes	Selenomonadales	Selenomonadaceae	Megamonas	0	0	0	100.072570536362	51.2130360936651	0	35.0250133852864	43.0249488879995	40.0675631106241	95.1352178737715	14.0178298711113	62.0833787977744	96	47	2	29	44	37	89	15	65	96	49	2	30	45	37	89	15	65	96	48	2	29	45	37	89	15	65	41.965873941974	25.5523214587202	1.35435293568725	21.9466667303311	24.7116651803969	17.2425704044517	42.602299549257	7.821020587173	26.8323525029797
Bacteria	Firmicutes	Negativicutes	Veillonellales	Veillonellaceae	Dialister	0	0	0	0	0	0	0	0	0	0	0	0	1	2	0	0	1	0	1	0	1	1	2	0	0	1	0	1	0	1	1	2	0	0	1	0	1	0	1	0	0	0	0	0	0	0	0	0
Bacteria	Firmicutes	Negativicutes	Veillonellales	Veillonellaceae	Megasphaera	0	0	0	0	0	0	0	0	0	0	0	0	3	1	0	1	0	4	3	0	2	5	3	0	2	1	5	5	0	3	4	2	0	2	1	5	4	0	3	2.36904127091788	2.01728853621476	0	2.02584615972287	1.33576568542686	0.676179231547124	3.3283046522857	0	2.01242643772348
Bacteria	Firmicutes	Negativicutes	Veillonellales	Veillonellaceae	Veillonella	1587000	1587000	1587000	148553.873366503	147960.325586477	19163.0267637551	148606.832245326	154153.036388268	67806.4935088817	81818.2642279922	56001.2827378992	88989.4989412837	85136	85013	10941	84320	87072	38464	46470	31859	51005	148405	147827	19126	148436	153971	67621	81693	55906	88849	86515	86453	11148	85639	88355	39040	47206	32425	51865	167179.519709535	165014.202262367	21228.8050904298	165440.726633768	170583.956857437	75495.7492918522	90263.9550004534	60373.0649192508	98222.8449768139
Bacteria	Fusobacteria	Fusobacteriia	Fusobacteriales	Fusobacteriaceae	Fusobacterium	749000	749000	749000	6023.78396344773	5949.55350358001	875.82545354116	11176.7161834838	10521.7049171397	5078.39783767941	6365.93533668075	4470.07891711195	7099.28705523668	2484	2446	343	4833	4490	2295	2027	1383	2137	6011	5943	873	11132	10493	5054	6359	4458	7094	5984	5932	868	11089	10460	5036	6327	4443	7073	6405.88759656196	6321.17362822894	955.834584361276	11586.4894695083	10925.2275411063	5150.45720669444	6982.11749956494	4788.41985449667	7899.44457687724
Bacteria	Proteobacteria	Alphaproteobacteria	Rhodobacterales	Rhodobacteraceae	Paracoccus	0	0	0	0	0	0	0	0	0	0	0	0	0	0	0	0	0	0	0	5	0	0	0	0	0	0	0	0	5	0	0	0	0	0	0	0	0	5	0	0	0	0	0	0	0	0	0	0
Bacteria	Proteobacteria	Betaproteobacteria	Burkholderiales	Sutterellaceae	Parasutterella	0	0	0	0	0	0	0	0	0	0	0	0	8	1	0	7	3	3	4	2	5	8	1	0	7	3	3	4	2	5	8	1	0	7	3	3	4	2	5	0	0	0	0	0	0	0	0	0
Bacteria	Proteobacteria	Betaproteobacteria	Burkholderiales	Sutterellaceae	Sutterella	0	0	0	0	0	0	0	0	0	0	0	0	7	5	1	3	6	2	7	0	5	7	5	1	3	6	2	7	0	5	7	5	1	3	6	2	7	0	5	1.69217233636992	2.35350329225055	0.338588233921812	1.01292307986143	2.00364852814029	0.676179231547124	1.99698279137142	0	1.67702203143623
Bacteria	Proteobacteria	Gammaproteobacteria	Aeromonadales	Succinivibrionaceae	Succinivibrio	0	0	0	0	0	0	0	0	0	0	0	0	0	2	0	0	1	1	3	0	1	0	2	0	0	1	1	3	0	1	0	2	0	0	1	1	3	0	1	0	0	0	0	0	0	0	0	0
Bacteria	Proteobacteria	Gammaproteobacteria	Alteromonadales	Alteromonadaceae	Alginatibacterium	0	0	0	0	0	0	0	0	0	0	0	0	1	0	0	1	1	3	0	0	0	1	0	0	1	1	3	0	0	0	1	0	0	1	1	3	0	0	0	0	0	0	0	0	0	0	0	0
Bacteria	Proteobacteria	Gammaproteobacteria	Enterobacterales	Enterobacteriaceae	Atlantibacter	0	0	0	0	0	0	0	0	0	0	0	0	1	1	0	1	0	0	1	0	0	1	1	0	1	0	0	1	0	0	1	1	0	1	0	0	1	0	0	4.0612136072878	3.69836231639372	0.338588233921812	12.8303590115782	11.3540083261283	5.40943385237699	3.99396558274284	1.95525514679325	2.34783084401073
Bacteria	Proteobacteria	Gammaproteobacteria	Enterobacterales	Enterobacteriaceae	Citrobacter	0	0	0	0	0	0	0	0	0	0	0	0	0	1	0	6	2	1	1	0	0	11	7	2	21	25	11	7	7	5	0	1	0	6	2	1	1	0	0	5.41495147638374	2.01728853621476	0.677176467843624	7.09046155903004	8.6824769552746	4.05707538928274	2.32981325659999	2.93288272018988	1.67702203143623
Bacteria	Proteobacteria	Gammaproteobacteria	Enterobacterales	Enterobacteriaceae	Cronobacter	0	0	0	0	0	0	0	0	0	0	0	0	0	0	0	0	0	0	0	0	0	0	0	0	0	0	0	0	0	0	0	0	0	0	0	0	0	0	0	1.35373786909593	1.34485902414317	0.677176467843624	6.41517950578908	11.3540083261283	3.71898577350918	0.99849139568571	1.3035034311955	2.68323525029797
Bacteria	Proteobacteria	Gammaproteobacteria	Enterobacterales	Enterobacteriaceae	Enterobacter	0	0	0	0	0	0	0	0	0	0	0	0	4	2	1	9	8	4	2	1	3	20	22	8	72	89	38	27	11	17	4	2	1	9	8	4	2	1	3	24.3672816437268	29.5868985311497	10.4962352515762	87.4490258947038	120.886794531131	50.0372631344872	34.9471988489999	15.3161653165471	24.1491172526818
Bacteria	Proteobacteria	Gammaproteobacteria	Enterobacterales	Enterobacteriaceae	Escherichia	1212000	1212000	1212000	18753.7596035469	19322.9234723346	2678.48649130461	60917.5272353865	66299.9333932027	28778.0123581221	14489.9190048905	10164.2071602331	17493.3905831743	3307	3472	447	11171	11812	5360	2505	1757	3062	18306	18805	2601	59570	64771	28159	14069	9916	17071	8390	8781	1178	27634	30068	12943	6447	4545	7994	18068.3393388234	18405.4043896674	2563.45151902204	58104.6442711181	62978.0126536629	27395.063476516	13606.1094185439	9318.09427790104	16690.7294700723
Bacteria	Proteobacteria	Gammaproteobacteria	Enterobacterales	Enterobacteriaceae	Izhakiella	0	0	0	0	0	0	0	0	0	0	0	0	0	0	0	1	2	0	0	1	0	0	0	0	1	2	0	0	1	0	0	0	0	1	2	0	0	1	0	0	0	0	0	0	0	0	0	0
Bacteria	Proteobacteria	Gammaproteobacteria	Enterobacterales	Enterobacteriaceae	Klebsiella	0	0	0	0	0	0	0	0	0	0	0	0	0	0	0	1	5	1	0	1	0	3	2	0	10	11	1	0	2	0	0	0	0	1	5	1	0	1	0	0	0	0	0	0	0	0	0	0
Bacteria	Proteobacteria	Gammaproteobacteria	Enterobacterales	Enterobacteriaceae	Kluyvera	0	0	0	0	0	0	0	0	0	0	0	0	0	0	0	0	0	0	2	1	2	0	0	0	0	0	0	2	1	2	0	0	0	0	0	0	2	1	2	0	0	0	0	0	0	0	0	0
Bacteria	Proteobacteria	Gammaproteobacteria	Enterobacterales	Enterobacteriaceae	Salmonella	900	900	900	114.847506033771	88.4341805701657	0	97.8747262269147	119.734033805011	76.6925659862018	104.755909021632	29.5662822098961	67.1115481686548	33	36	3	67	66	29	35	11	28	119	98	4	124	157	88	111	32	76	113	93	3	123	151	86	108	31	73	293.761117593818	263.592368732061	33.1816469243376	800.546874117154	803.1291183629	380.350817745257	238.639443568885	114.382426087405	232.435253557062
Bacteria	Proteobacteria	Gammaproteobacteria	Enterobacterales	Enterobacteriaceae	Shigella	0	0	0	79.1445939021643	61.0683936527575	0	267.358018938092	258.026165120915	137.911501572511	32.3684150504667	11.6300243126957	67.660740716149	451	487	53	1409	1444	686	359	215	410	480	517	57	1507	1568	745	393	228	437	453	488	54	1411	1448	689	359	215	411	6423.14775439293	6378.33013675502	921.637172735173	20418.1658028202	21855.1302621116	9798.85133396515	4862.32026652418	3293.30141891543	5787.73843489273
Bacteria	Proteobacteria	Gammaproteobacteria	Enterobacterales	Enterobacteriaceae	unassigned	0	0	0	0	0	0	0	0	0	0	0	0	0	0	0	0	0	0	0	0	0	0	0	0	0	0	0	0	0	0	0	0	0	0	0	0	0	0	0	3.04591020546585	2.35350329225055	0.677176467843624	9.45394874537339	13.3576568542686	9.12841962588618	3.66113511751427	2.28113100459213	2.68323525029797
Bacteria	Proteobacteria	Gammaproteobacteria	Enterobacterales	Erwiniaceae	Pantoea	0	0	0	0	0	0	0	0	0	0	0	0	1	1	0	1	3	1	0	0	0	1	1	0	1	3	1	0	0	0	1	1	0	1	3	1	0	0	0	0	0	0	0	0	0	0	0	0
Bacteria	Proteobacteria	Gammaproteobacteria	Enterobacterales	unassigned	Phytobacter	0	0	0	0	0	0	0	0	0	0	0	0	0	0	0	0	0	0	0	0	0	0	0	0	0	0	0	0	0	0	0	0	0	0	0	0	0	0	0	1.35373786909593	1.00864426810738	0	4.05169231944574	5.00912132035073	1.35235846309425	0	0.325875857798875	1.00621321886174
Bacteria	Proteobacteria	Gammaproteobacteria	Enterobacterales	Yersiniaceae	Yersinia	0	0	0	0	0	0	0	0	0	0	0	0	0	1	0	2	0	1	0	0	0	0	1	0	2	1	1	0	0	0	0	1	0	2	0	1	0	0	0	1.01530340182195	1.34485902414317	0.338588233921812	3.71405129282526	3.33941421356715	1.01426884732069	1.33132186091428	0.65175171559775	0
Bacteria	Proteobacteria	Gammaproteobacteria	Pseudomonadales	Pseudomonadaceae	Pseudomonas	0	0	0	0	0	0	0	0	0	0	0	0	1	0	0	1	3	2	1	0	3	7	3	0	3	4	3	7	2	9	4	0	0	1	3	2	2	1	3	6.76868934547967	5.04322134053689	0	4.72697437268669	1.33576568542686	1.35235846309425	8.32076163071425	1.62937928899438	8.72051456346841
Bacteria	Thermotogae	Thermotogae	Petrotogales	Petrotogaceae	Geotoga	0	0	0	0	0	0	0	0	0	0	0	0	1	0	1	0	0	0	1	0	1	1	0	1	0	0	0	1	0	1	1	0	1	0	0	0	1	0	1	0	0	0	0	0	0	0	0	0
Bacteria	Verrucomicrobia	Verrucomicrobiae	Verrucomicrobiales	Akkermansiaceae	Akkermansia	97000	97000	97000	3309.80185825201	3298.27665788922	433.914298612987	899.236430696004	978.619173178598	436.736374811766	1642.05570609597	1055.34233458223	1773.38167501259	1913	1887	251	566	606	262	963	572	1026	3306	3297	433	894	973	436	1642	1052	1768	3266	3250	422	886	964	428	1618	1030	1737	2556.87240025494	2554.22350160392	337.572469220047	621.934771034921	678.568968196845	305.294923043527	1228.14441669342	819.90365822197	1344.63626480557
